X,Y,Z,Rx,Ry,Rz,Time
957.216,-27.381,-165.163,175.9831,17.9037,58.685,0.0
957.216,-27.445,-165.163,175.9831,17.9037,58.685,0.04
957.217,-27.509,-165.163,175.9831,17.9037,58.685,0.08
957.217,-27.573,-165.164,175.9831,17.9037,58.685,0.12
957.217,-27.637,-165.164,175.9831,17.9037,58.685,0.16
957.218,-27.7,-165.164,175.9831,17.9037,58.685,0.2
957.218,-27.764,-165.164,175.9831,17.9037,58.685,0.24
957.219,-27.828,-165.165,175.9831,17.9037,58.685,0.28
957.219,-27.892,-165.165,175.9831,17.9037,58.685,0.32
957.219,-27.956,-165.165,175.9831,17.9037,58.685,0.36
957.22,-28.02,-165.165,175.9831,17.9037,58.685,0.4
957.22,-28.084,-165.166,175.9831,17.9037,58.685,0.44
957.22,-28.148,-165.166,175.9831,17.9037,58.685,0.48
957.221,-28.211,-165.166,175.9831,17.9037,58.685,0.52
957.221,-28.275,-165.166,175.9831,17.9037,58.685,0.56
957.222,-28.339,-165.166,175.9831,17.9037,58.685,0.6
957.222,-28.403,-165.167,175.9831,17.9037,58.685,0.64
957.222,-28.467,-165.167,175.9831,17.9037,58.685,0.68
957.223,-28.531,-165.167,175.9831,17.9037,58.685,0.72
957.223,-28.595,-165.167,175.9831,17.9037,58.685,0.76
957.223,-28.659,-165.168,175.9831,17.9037,58.685,0.8
957.224,-28.722,-165.168,175.9831,17.9037,58.685,0.84
957.224,-28.786,-165.168,175.9831,17.9037,58.685,0.88
957.225,-28.85,-165.168,175.9831,17.9037,58.685,0.92
957.225,-28.914,-165.169,175.9831,17.9037,58.685,0.96
957.225,-28.978,-165.169,175.9831,17.9037,58.685,1.0
957.226,-29.042,-165.169,175.9831,17.9037,58.685,1.04
957.226,-29.106,-165.169,175.9831,17.9037,58.685,1.08
957.226,-29.17,-165.17,175.9831,17.9037,58.685,1.12
957.227,-29.234,-165.17,175.9831,17.9037,58.685,1.16
957.227,-29.297,-165.17,175.9831,17.9037,58.685,1.2
957.228,-29.361,-165.17,175.9831,17.9037,58.685,1.24
957.228,-29.425,-165.17,175.9831,17.9037,58.685,1.28
957.228,-29.489,-165.171,175.9831,17.9037,58.685,1.32
957.229,-29.553,-165.171,175.9831,17.9037,58.685,1.36
957.229,-29.617,-165.171,175.9831,17.9037,58.685,1.4000000000000001
957.229,-29.681,-165.171,175.9831,17.9037,58.685,1.44
957.23,-29.745,-165.172,175.9831,17.9037,58.685,1.48
957.23,-29.808,-165.172,175.9831,17.9037,58.685,1.52
957.231,-29.872,-165.172,175.9831,17.9037,58.685,1.56
957.231,-29.936,-165.172,175.9831,17.9037,58.685,1.6
957.231,-30.0,-165.173,175.9831,17.9037,58.685,1.6400000000000001
957.232,-30.064,-165.173,175.9831,17.9037,58.685,1.68
957.232,-30.128,-165.173,175.9831,17.9037,58.685,1.72
957.232,-30.192,-165.173,175.9831,17.9037,58.685,1.76
957.233,-30.256,-165.173,175.9831,17.9037,58.685,1.8
957.233,-30.319,-165.174,175.9831,17.9037,58.685,1.84
957.234,-30.383,-165.174,175.9831,17.9037,58.685,1.8800000000000001
957.234,-30.447,-165.174,175.9831,17.9037,58.685,1.92
957.234,-30.511,-165.174,175.9831,17.9037,58.685,1.96
957.235,-30.575,-165.175,175.9831,17.9037,58.685,2.0
957.235,-30.639,-165.175,175.9831,17.9037,58.685,2.04
957.235,-30.703,-165.175,175.9831,17.9037,58.685,2.08
957.236,-30.767,-165.175,175.9831,17.9037,58.685,2.12
957.236,-30.831,-165.176,175.9831,17.9037,58.685,2.16
957.237,-30.894,-165.176,175.9831,17.9037,58.685,2.2
957.237,-30.958,-165.176,175.9831,17.9037,58.685,2.24
957.237,-31.022,-165.176,175.9831,17.9037,58.685,2.2800000000000002
957.238,-31.086,-165.176,175.9831,17.9037,58.685,2.32
957.238,-31.15,-165.177,175.9831,17.9037,58.685,2.36
957.238,-31.214,-165.177,175.9831,17.9037,58.685,2.4
957.239,-31.278,-165.177,175.9831,17.9037,58.685,2.44
957.239,-31.342,-165.177,175.9831,17.9037,58.685,2.48
957.24,-31.405,-165.178,175.9831,17.9037,58.685,2.52
957.24,-31.469,-165.178,175.9831,17.9037,58.685,2.56
957.24,-31.533,-165.178,175.9831,17.9037,58.685,2.6
957.241,-31.597,-165.178,175.9831,17.9037,58.685,2.64
957.241,-31.661,-165.179,175.9831,17.9037,58.685,2.68
957.241,-31.725,-165.179,175.9831,17.9037,58.685,2.72
957.242,-31.789,-165.179,175.9831,17.9037,58.685,2.7600000000000002
957.242,-31.853,-165.179,175.9831,17.9037,58.685,2.8000000000000003
957.243,-31.917,-165.18,175.9831,17.9037,58.685,2.84
957.243,-31.98,-165.18,175.9831,17.9037,58.685,2.88
957.243,-32.044,-165.18,175.9831,17.9037,58.685,2.92
957.244,-32.108,-165.18,175.9831,17.9037,58.685,2.96
957.244,-32.172,-165.18,175.9831,17.9037,58.685,3.0
957.244,-32.236,-165.181,175.9831,17.9037,58.685,3.04
957.245,-32.3,-165.181,175.9831,17.9037,58.685,3.08
957.245,-32.364,-165.181,175.9831,17.9037,58.685,3.12
957.246,-32.428,-165.181,175.9831,17.9037,58.685,3.16
957.246,-32.491,-165.182,175.9831,17.9037,58.685,3.2
957.246,-32.555,-165.182,175.9831,17.9037,58.685,3.24
957.247,-32.619,-165.182,175.9831,17.9037,58.685,3.2800000000000002
957.247,-32.683,-165.182,175.9831,17.9037,58.685,3.3200000000000003
957.247,-32.747,-165.183,175.9831,17.9037,58.685,3.36
957.248,-32.811,-165.183,175.9831,17.9037,58.685,3.4
957.248,-32.875,-165.183,175.9831,17.9037,58.685,3.44
957.249,-32.939,-165.183,175.9831,17.9037,58.685,3.48
957.249,-33.002,-165.183,175.9831,17.9037,58.685,3.52
957.249,-33.066,-165.184,175.9831,17.9037,58.685,3.56
957.25,-33.13,-165.184,175.9831,17.9037,58.685,3.6
957.25,-33.194,-165.184,175.9831,17.9037,58.685,3.64
957.25,-33.258,-165.184,175.9831,17.9037,58.685,3.68
957.251,-33.322,-165.185,175.9831,17.9037,58.685,3.72
957.251,-33.386,-165.185,175.9831,17.9037,58.685,3.7600000000000002
957.252,-33.45,-165.185,175.9831,17.9037,58.685,3.8000000000000003
957.252,-33.514,-165.185,175.9831,17.9037,58.685,3.84
957.252,-33.577,-165.186,175.9831,17.9037,58.685,3.88
957.253,-33.641,-165.186,175.9831,17.9037,58.685,3.92
957.253,-33.705,-165.186,175.9831,17.9037,58.685,3.96
957.253,-33.769,-165.186,175.9831,17.9037,58.685,4.0
957.254,-33.833,-165.186,175.9831,17.9037,58.685,4.04
957.254,-33.897,-165.187,175.9831,17.9037,58.685,4.08
957.255,-33.961,-165.187,175.9831,17.9037,58.685,4.12
957.255,-34.025,-165.187,175.9831,17.9037,58.685,4.16
957.255,-34.088,-165.187,175.9831,17.9037,58.685,4.2
957.256,-34.152,-165.188,175.9831,17.9037,58.685,4.24
957.256,-34.216,-165.188,175.9831,17.9037,58.685,4.28
957.256,-34.28,-165.188,175.9831,17.9037,58.685,4.32
957.257,-34.344,-165.188,175.9831,17.9037,58.685,4.36
957.257,-34.408,-165.189,175.9831,17.9037,58.685,4.4
957.258,-34.472,-165.189,175.9831,17.9037,58.685,4.44
957.258,-34.536,-165.189,175.9831,17.9037,58.685,4.48
957.258,-34.599,-165.189,175.9831,17.9037,58.685,4.5200000000000005
957.259,-34.663,-165.189,175.9831,17.9037,58.685,4.5600000000000005
957.259,-34.727,-165.19,175.9831,17.9037,58.685,4.6000000000000005
957.259,-34.791,-165.19,175.9831,17.9037,58.685,4.64
957.26,-34.855,-165.19,175.9831,17.9037,58.685,4.68
957.26,-34.919,-165.19,175.9831,17.9037,58.685,4.72
957.261,-34.983,-165.191,175.9831,17.9037,58.685,4.76
957.261,-35.047,-165.191,175.9831,17.9037,58.685,4.8
957.261,-35.111,-165.191,175.9831,17.9037,58.685,4.84
957.262,-35.174,-165.191,175.9831,17.9037,58.685,4.88
957.262,-35.238,-165.192,175.9831,17.9037,58.685,4.92
957.262,-35.302,-165.192,175.9831,17.9037,58.685,4.96
957.263,-35.366,-165.192,175.9831,17.9037,58.685,5.0
957.263,-35.43,-165.192,175.9831,17.9037,58.685,5.04
957.264,-35.494,-165.193,175.9831,17.9037,58.685,5.08
957.264,-35.558,-165.193,175.9831,17.9037,58.685,5.12
957.264,-35.622,-165.193,175.9831,17.9037,58.685,5.16
957.265,-35.685,-165.193,175.9831,17.9037,58.685,5.2
957.265,-35.749,-165.193,175.9831,17.9037,58.685,5.24
957.265,-35.813,-165.194,175.9831,17.9037,58.685,5.28
957.266,-35.877,-165.194,175.9831,17.9037,58.685,5.32
957.266,-35.941,-165.194,175.9831,17.9037,58.685,5.36
957.267,-36.005,-165.194,175.9831,17.9037,58.685,5.4
957.267,-36.069,-165.195,175.9831,17.9037,58.685,5.44
957.267,-36.133,-165.195,175.9831,17.9037,58.685,5.48
957.268,-36.196,-165.195,175.9831,17.9037,58.685,5.5200000000000005
957.268,-36.26,-165.195,175.9831,17.9037,58.685,5.5600000000000005
957.268,-36.324,-165.196,175.9831,17.9037,58.685,5.6000000000000005
957.269,-36.388,-165.196,175.9831,17.9037,58.685,5.64
957.269,-36.452,-165.196,175.9831,17.9037,58.685,5.68
957.27,-36.516,-165.196,175.9831,17.9037,58.685,5.72
957.27,-36.58,-165.196,175.9831,17.9037,58.685,5.76
957.27,-36.644,-165.197,175.9831,17.9037,58.685,5.8
957.271,-36.708,-165.197,175.9831,17.9037,58.685,5.84
957.271,-36.771,-165.197,175.9831,17.9037,58.685,5.88
957.271,-36.835,-165.197,175.9831,17.9037,58.685,5.92
957.272,-36.899,-165.198,175.9831,17.9037,58.685,5.96
957.272,-36.963,-165.198,175.9831,17.9037,58.685,6.0
957.272,-37.027,-165.198,175.9831,17.9037,58.685,6.04
957.273,-37.091,-165.198,175.9831,17.9037,58.685,6.08
957.273,-37.155,-165.199,175.9831,17.9037,58.685,6.12
957.274,-37.219,-165.199,175.9831,17.9037,58.685,6.16
957.274,-37.282,-165.199,175.9831,17.9037,58.685,6.2
957.274,-37.346,-165.199,175.9831,17.9037,58.685,6.24
957.275,-37.41,-165.199,175.9831,17.9037,58.685,6.28
957.275,-37.474,-165.2,175.9831,17.9037,58.685,6.32
957.275,-37.538,-165.2,175.9831,17.9037,58.685,6.36
957.276,-37.602,-165.2,175.9831,17.9037,58.685,6.4
957.276,-37.666,-165.2,175.9831,17.9037,58.685,6.44
957.277,-37.73,-165.201,175.9831,17.9037,58.685,6.48
957.277,-37.794,-165.201,175.9831,17.9037,58.685,6.5200000000000005
957.277,-37.857,-165.201,175.9831,17.9037,58.685,6.5600000000000005
957.278,-37.921,-165.201,175.9831,17.9037,58.685,6.6000000000000005
957.278,-37.985,-165.202,175.9831,17.9037,58.685,6.640000000000001
957.278,-38.049,-165.202,175.9831,17.9037,58.685,6.68
957.279,-38.113,-165.202,175.9831,17.9037,58.685,6.72
957.279,-38.177,-165.202,175.9831,17.9037,58.685,6.76
957.28,-38.241,-165.203,175.9831,17.9037,58.685,6.8
957.28,-38.305,-165.203,175.9831,17.9037,58.685,6.84
957.28,-38.368,-165.203,175.9831,17.9037,58.685,6.88
957.281,-38.432,-165.203,175.9831,17.9037,58.685,6.92
957.281,-38.496,-165.203,175.9831,17.9037,58.685,6.96
957.281,-38.56,-165.204,175.9831,17.9037,58.685,7.0
957.282,-38.624,-165.204,175.9831,17.9037,58.685,7.04
957.282,-38.688,-165.204,175.9831,17.9037,58.685,7.08
957.283,-38.752,-165.204,175.9831,17.9037,58.685,7.12
957.283,-38.816,-165.205,175.9831,17.9037,58.685,7.16
957.283,-38.879,-165.205,175.9831,17.9037,58.685,7.2
957.284,-38.943,-165.205,175.9831,17.9037,58.685,7.24
957.284,-39.007,-165.205,175.9831,17.9037,58.685,7.28
957.284,-39.071,-165.206,175.9831,17.9037,58.685,7.32
957.285,-39.135,-165.206,175.9831,17.9037,58.685,7.36
957.285,-39.199,-165.206,175.9831,17.9037,58.685,7.4
957.286,-39.263,-165.206,175.9831,17.9037,58.685,7.44
957.286,-39.327,-165.206,175.9831,17.9037,58.685,7.48
957.286,-39.391,-165.207,175.9831,17.9037,58.685,7.5200000000000005
957.287,-39.454,-165.207,175.9831,17.9037,58.685,7.5600000000000005
957.287,-39.518,-165.207,175.9831,17.9037,58.685,7.6000000000000005
957.287,-39.582,-165.207,175.9831,17.9037,58.685,7.640000000000001
957.288,-39.646,-165.208,175.9831,17.9037,58.685,7.68
957.288,-39.71,-165.208,175.9831,17.9037,58.685,7.72
957.289,-39.774,-165.208,175.9831,17.9037,58.685,7.76
957.289,-39.838,-165.208,175.9831,17.9037,58.685,7.8
957.289,-39.902,-165.209,175.9831,17.9037,58.685,7.84
957.29,-39.965,-165.209,175.9831,17.9037,58.685,7.88
957.29,-40.029,-165.209,175.9831,17.9037,58.685,7.92
957.29,-40.093,-165.209,175.9831,17.9037,58.685,7.96
957.291,-40.157,-165.209,175.9831,17.9037,58.685,8.0
957.291,-40.221,-165.21,175.9831,17.9037,58.685,8.040000000000001
957.292,-40.285,-165.21,175.9831,17.9037,58.685,8.08
957.292,-40.349,-165.21,175.9831,17.9037,58.685,8.120000000000001
957.292,-40.413,-165.21,175.9831,17.9037,58.685,8.16
957.293,-40.476,-165.211,175.9831,17.9037,58.685,8.2
957.293,-40.54,-165.211,175.9831,17.9037,58.685,8.24
957.293,-40.604,-165.211,175.9831,17.9037,58.685,8.28
957.294,-40.668,-165.211,175.9831,17.9037,58.685,8.32
957.294,-40.732,-165.212,175.9831,17.9037,58.685,8.36
957.295,-40.796,-165.212,175.9831,17.9037,58.685,8.4
957.295,-40.86,-165.212,175.9831,17.9037,58.685,8.44
957.295,-40.924,-165.212,175.9831,17.9037,58.685,8.48
957.296,-40.988,-165.213,175.9831,17.9037,58.685,8.52
957.296,-41.051,-165.213,175.9831,17.9037,58.685,8.56
957.296,-41.115,-165.213,175.9831,17.9037,58.685,8.6
957.297,-41.179,-165.213,175.9831,17.9037,58.685,8.64
957.297,-41.243,-165.213,175.9831,17.9037,58.685,8.68
957.298,-41.307,-165.214,175.9831,17.9037,58.685,8.72
957.298,-41.371,-165.214,175.9831,17.9037,58.685,8.76
957.298,-41.435,-165.214,175.9831,17.9037,58.685,8.8
957.299,-41.499,-165.214,175.9831,17.9037,58.685,8.84
957.299,-41.562,-165.215,175.9831,17.9037,58.685,8.88
957.299,-41.626,-165.215,175.9831,17.9037,58.685,8.92
957.3,-41.69,-165.215,175.9831,17.9037,58.685,8.96
957.3,-41.754,-165.215,175.9831,17.9037,58.685,9.0
957.301,-41.818,-165.216,175.9831,17.9037,58.685,9.040000000000001
957.301,-41.882,-165.216,175.9831,17.9037,58.685,9.08
957.301,-41.946,-165.216,175.9831,17.9037,58.685,9.120000000000001
957.302,-42.01,-165.216,175.9831,17.9037,58.685,9.16
957.302,-42.073,-165.216,175.9831,17.9037,58.685,9.200000000000001
957.302,-42.137,-165.217,175.9831,17.9037,58.685,9.24
957.303,-42.201,-165.217,175.9831,17.9037,58.685,9.28
957.303,-42.265,-165.217,175.9831,17.9037,58.685,9.32
957.304,-42.329,-165.217,175.9831,17.9037,58.685,9.36
957.304,-42.393,-165.218,175.9831,17.9037,58.685,9.4
957.304,-42.457,-165.218,175.9831,17.9037,58.685,9.44
957.305,-42.521,-165.218,175.9831,17.9037,58.685,9.48
957.305,-42.585,-165.218,175.9831,17.9037,58.685,9.52
957.305,-42.648,-165.219,175.9831,17.9037,58.685,9.56
957.306,-42.712,-165.219,175.9831,17.9037,58.685,9.6
957.306,-42.776,-165.219,175.9831,17.9037,58.685,9.64
957.307,-42.84,-165.219,175.9831,17.9037,58.685,9.68
957.307,-42.904,-165.219,175.9831,17.9037,58.685,9.72
957.307,-42.968,-165.22,175.9831,17.9037,58.685,9.76
957.308,-43.032,-165.22,175.9831,17.9037,58.685,9.8
957.308,-43.096,-165.22,175.9831,17.9037,58.685,9.84
957.308,-43.159,-165.22,175.9831,17.9037,58.685,9.88
957.309,-43.223,-165.221,175.9831,17.9037,58.685,9.92
957.309,-43.287,-165.221,175.9831,17.9037,58.685,9.96
957.31,-43.351,-165.221,175.9831,17.9037,58.685,10.0
957.31,-43.415,-165.221,175.9831,17.9037,58.685,10.040000000000001
957.31,-43.479,-165.222,175.9831,17.9037,58.685,10.08
957.311,-43.543,-165.222,175.9831,17.9037,58.685,10.120000000000001
957.311,-43.607,-165.222,175.9831,17.9037,58.685,10.16
957.311,-43.671,-165.222,175.9831,17.9037,58.685,10.200000000000001
957.312,-43.734,-165.222,175.9831,17.9037,58.685,10.24
957.312,-43.798,-165.223,175.9831,17.9037,58.685,10.28
957.313,-43.862,-165.223,175.9831,17.9037,58.685,10.32
957.313,-43.926,-165.223,175.9831,17.9037,58.685,10.36
957.313,-43.99,-165.223,175.9831,17.9037,58.685,10.4
957.314,-44.054,-165.224,175.9831,17.9037,58.685,10.44
957.314,-44.118,-165.224,175.9831,17.9037,58.685,10.48
957.314,-44.182,-165.224,175.9831,17.9037,58.685,10.52
957.315,-44.245,-165.224,175.9831,17.9037,58.685,10.56
957.315,-44.309,-165.225,175.9831,17.9037,58.685,10.6
957.316,-44.373,-165.225,175.9831,17.9037,58.685,10.64
957.316,-44.437,-165.225,175.9831,17.9037,58.685,10.68
957.316,-44.501,-165.225,175.9831,17.9037,58.685,10.72
957.317,-44.565,-165.226,175.9831,17.9037,58.685,10.76
957.317,-44.629,-165.226,175.9831,17.9037,58.685,10.8
957.317,-44.693,-165.226,175.9831,17.9037,58.685,10.84
957.318,-44.756,-165.226,175.9831,17.9037,58.685,10.88
957.318,-44.82,-165.226,175.9831,17.9037,58.685,10.92
957.319,-44.884,-165.227,175.9831,17.9037,58.685,10.96
957.319,-44.948,-165.227,175.9831,17.9037,58.685,11.0
957.319,-45.012,-165.227,175.9831,17.9037,58.685,11.040000000000001
957.32,-45.076,-165.227,175.9831,17.9037,58.685,11.08
957.32,-45.14,-165.228,175.9831,17.9037,58.685,11.120000000000001
957.32,-45.204,-165.228,175.9831,17.9037,58.685,11.16
957.321,-45.268,-165.228,175.9831,17.9037,58.685,11.200000000000001
957.321,-45.331,-165.228,175.9831,17.9037,58.685,11.24
957.322,-45.395,-165.229,175.9831,17.9037,58.685,11.28
957.322,-45.459,-165.229,175.9831,17.9037,58.685,11.32
957.322,-45.523,-165.229,175.9831,17.9037,58.685,11.36
957.323,-45.587,-165.229,175.9831,17.9037,58.685,11.4
957.323,-45.651,-165.229,175.9831,17.9037,58.685,11.44
957.323,-45.715,-165.23,175.9831,17.9037,58.685,11.48
957.324,-45.779,-165.23,175.9831,17.9037,58.685,11.52
957.324,-45.842,-165.23,175.9831,17.9037,58.685,11.56
957.325,-45.906,-165.23,175.9831,17.9037,58.685,11.6
957.325,-45.97,-165.231,175.9831,17.9037,58.685,11.64
957.325,-46.034,-165.231,175.9831,17.9037,58.685,11.68
957.326,-46.098,-165.231,175.9831,17.9037,58.685,11.72
957.326,-46.162,-165.231,175.9831,17.9037,58.685,11.76
957.326,-46.226,-165.232,175.9831,17.9037,58.685,11.8
957.327,-46.29,-165.232,175.9831,17.9037,58.685,11.84
957.327,-46.353,-165.232,175.9831,17.9037,58.685,11.88
957.327,-46.417,-165.232,175.9831,17.9037,58.685,11.92
957.328,-46.481,-165.232,175.9831,17.9037,58.685,11.96
957.328,-46.545,-165.233,175.9831,17.9037,58.685,12.0
957.329,-46.609,-165.233,175.9831,17.9037,58.685,12.040000000000001
957.329,-46.673,-165.233,175.9831,17.9037,58.685,12.08
957.329,-46.737,-165.233,175.9831,17.9037,58.685,12.120000000000001
957.33,-46.801,-165.234,175.9831,17.9037,58.685,12.16
957.33,-46.865,-165.234,175.9831,17.9037,58.685,12.200000000000001
957.33,-46.928,-165.234,175.9831,17.9037,58.685,12.24
957.331,-46.992,-165.234,175.9831,17.9037,58.685,12.280000000000001
957.331,-47.056,-165.235,175.9831,17.9037,58.685,12.32
957.332,-47.12,-165.235,175.9831,17.9037,58.685,12.36
957.332,-47.184,-165.235,175.9831,17.9037,58.685,12.4
957.332,-47.248,-165.235,175.9831,17.9037,58.685,12.44
957.333,-47.312,-165.236,175.9831,17.9037,58.685,12.48
957.333,-47.376,-165.236,175.9831,17.9037,58.685,12.52
957.333,-47.439,-165.236,175.9831,17.9037,58.685,12.56
957.334,-47.503,-165.236,175.9831,17.9037,58.685,12.6
957.334,-47.567,-165.236,175.9831,17.9037,58.685,12.64
957.335,-47.631,-165.237,175.9831,17.9037,58.685,12.68
957.335,-47.695,-165.237,175.9831,17.9037,58.685,12.72
957.335,-47.759,-165.237,175.9831,17.9037,58.685,12.76
957.336,-47.823,-165.237,175.9831,17.9037,58.685,12.8
957.336,-47.887,-165.238,175.9831,17.9037,58.685,12.84
957.336,-47.95,-165.238,175.9831,17.9037,58.685,12.88
957.337,-48.014,-165.238,175.9831,17.9037,58.685,12.92
957.337,-48.078,-165.238,175.9831,17.9037,58.685,12.96
957.338,-48.142,-165.239,175.9831,17.9037,58.685,13.0
957.338,-48.206,-165.239,175.9831,17.9037,58.685,13.040000000000001
957.338,-48.27,-165.239,175.9831,17.9037,58.685,13.08
957.339,-48.334,-165.239,175.9831,17.9037,58.685,13.120000000000001
957.339,-48.398,-165.239,175.9831,17.9037,58.685,13.16
957.339,-48.462,-165.24,175.9831,17.9037,58.685,13.200000000000001
957.34,-48.525,-165.24,175.9831,17.9037,58.685,13.24
957.34,-48.589,-165.24,175.9831,17.9037,58.685,13.280000000000001
957.341,-48.653,-165.24,175.9831,17.9037,58.685,13.32
957.341,-48.717,-165.241,175.9831,17.9037,58.685,13.36
957.341,-48.781,-165.241,175.9831,17.9037,58.685,13.4
957.342,-48.845,-165.241,175.9831,17.9037,58.685,13.44
957.342,-48.909,-165.241,175.9831,17.9037,58.685,13.48
957.342,-48.973,-165.242,175.9831,17.9037,58.685,13.52
957.343,-49.036,-165.242,175.9831,17.9037,58.685,13.56
957.343,-49.1,-165.242,175.9831,17.9037,58.685,13.6
957.344,-49.164,-165.242,175.9831,17.9037,58.685,13.64
957.344,-49.228,-165.242,175.9831,17.9037,58.685,13.68
957.344,-49.292,-165.243,175.9831,17.9037,58.685,13.72
957.345,-49.356,-165.243,175.9831,17.9037,58.685,13.76
957.345,-49.42,-165.243,175.9831,17.9037,58.685,13.8
957.345,-49.484,-165.243,175.9831,17.9037,58.685,13.84
957.346,-49.548,-165.244,175.9831,17.9037,58.685,13.88
957.346,-49.611,-165.244,175.9831,17.9037,58.685,13.92
957.347,-49.675,-165.244,175.9831,17.9037,58.685,13.96
957.347,-49.739,-165.244,175.9831,17.9037,58.685,14.0
957.347,-49.803,-165.245,175.9831,17.9037,58.685,14.040000000000001
957.348,-49.867,-165.245,175.9831,17.9037,58.685,14.08
957.348,-49.931,-165.245,175.9831,17.9037,58.685,14.120000000000001
957.348,-49.995,-165.245,175.9831,17.9037,58.685,14.16
957.349,-50.059,-165.246,175.9831,17.9037,58.685,14.200000000000001
957.349,-50.122,-165.246,175.9831,17.9037,58.685,14.24
957.35,-50.186,-165.246,175.9831,17.9037,58.685,14.280000000000001
957.35,-50.25,-165.246,175.9831,17.9037,58.685,14.32
957.35,-50.314,-165.246,175.9831,17.9037,58.685,14.36
957.351,-50.378,-165.247,175.9831,17.9037,58.685,14.4
957.351,-50.442,-165.247,175.9831,17.9037,58.685,14.44
957.351,-50.506,-165.247,175.9831,17.9037,58.685,14.48
957.352,-50.57,-165.247,175.9831,17.9037,58.685,14.52
957.352,-50.633,-165.248,175.9831,17.9037,58.685,14.56
957.353,-50.697,-165.248,175.9831,17.9037,58.685,14.6
957.353,-50.761,-165.248,175.9831,17.9037,58.685,14.64
957.353,-50.825,-165.248,175.9831,17.9037,58.685,14.68
957.354,-50.889,-165.249,175.9831,17.9037,58.685,14.72
957.354,-50.953,-165.249,175.9831,17.9037,58.685,14.76
957.354,-51.017,-165.249,175.9831,17.9037,58.685,14.8
957.355,-51.081,-165.249,175.9831,17.9037,58.685,14.84
957.355,-51.145,-165.249,175.9831,17.9037,58.685,14.88
957.356,-51.208,-165.25,175.9831,17.9037,58.685,14.92
957.356,-51.272,-165.25,175.9831,17.9037,58.685,14.96
957.356,-51.336,-165.25,175.9831,17.9037,58.685,15.0
957.357,-51.4,-165.25,175.9831,17.9037,58.685,15.040000000000001
957.357,-51.464,-165.251,175.9831,17.9037,58.685,15.08
957.357,-51.528,-165.251,175.9831,17.9037,58.685,15.120000000000001
957.358,-51.592,-165.251,175.9831,17.9037,58.685,15.16
957.358,-51.656,-165.251,175.9831,17.9037,58.685,15.200000000000001
957.359,-51.719,-165.252,175.9831,17.9037,58.685,15.24
957.359,-51.783,-165.252,175.9831,17.9037,58.685,15.280000000000001
957.359,-51.847,-165.252,175.9831,17.9037,58.685,15.32
957.36,-51.911,-165.252,175.9831,17.9037,58.685,15.36
957.36,-51.975,-165.252,175.9831,17.9037,58.685,15.4
957.36,-52.039,-165.253,175.9831,17.9037,58.685,15.44
957.361,-52.103,-165.253,175.9831,17.9037,58.685,15.48
957.361,-52.167,-165.253,175.9831,17.9037,58.685,15.52
957.362,-52.23,-165.253,175.9831,17.9037,58.685,15.56
957.362,-52.294,-165.254,175.9831,17.9037,58.685,15.6
957.362,-52.358,-165.254,175.9831,17.9037,58.685,15.64
957.363,-52.422,-165.254,175.9831,17.9037,58.685,15.68
957.363,-52.486,-165.254,175.9831,17.9037,58.685,15.72
957.363,-52.55,-165.255,175.9831,17.9037,58.685,15.76
957.364,-52.614,-165.255,175.9831,17.9037,58.685,15.8
957.364,-52.678,-165.255,175.9831,17.9037,58.685,15.84
957.365,-52.742,-165.255,175.9831,17.9037,58.685,15.88
957.365,-52.805,-165.255,175.9831,17.9037,58.685,15.92
957.365,-52.869,-165.256,175.9831,17.9037,58.685,15.96
957.366,-52.933,-165.256,175.9831,17.9037,58.685,16.0
957.366,-52.997,-165.256,175.9831,17.9037,58.685,16.04
957.366,-53.061,-165.256,175.9831,17.9037,58.685,16.080000000000002
957.367,-53.125,-165.257,175.9831,17.9037,58.685,16.12
957.367,-53.189,-165.257,175.9831,17.9037,58.685,16.16
957.368,-53.253,-165.257,175.9831,17.9037,58.685,16.2
957.368,-53.316,-165.257,175.9831,17.9037,58.685,16.240000000000002
957.368,-53.38,-165.258,175.9831,17.9037,58.685,16.28
957.369,-53.444,-165.258,175.9831,17.9037,58.685,16.32
957.369,-53.508,-165.258,175.9831,17.9037,58.685,16.36
957.369,-53.572,-165.258,175.9831,17.9037,58.685,16.4
957.37,-53.636,-165.259,175.9831,17.9037,58.685,16.44
957.37,-53.7,-165.259,175.9831,17.9037,58.685,16.48
957.371,-53.764,-165.259,175.9831,17.9037,58.685,16.52
957.371,-53.827,-165.259,175.9831,17.9037,58.685,16.56
957.371,-53.891,-165.259,175.9831,17.9037,58.685,16.6
957.372,-53.955,-165.26,175.9831,17.9037,58.685,16.64
957.372,-54.019,-165.26,175.9831,17.9037,58.685,16.68
957.372,-54.083,-165.26,175.9831,17.9037,58.685,16.72
957.373,-54.147,-165.26,175.9831,17.9037,58.685,16.76
957.373,-54.211,-165.261,175.9831,17.9037,58.685,16.8
957.374,-54.275,-165.261,175.9831,17.9037,58.685,16.84
957.374,-54.339,-165.261,175.9831,17.9037,58.685,16.88
957.374,-54.402,-165.261,175.9831,17.9037,58.685,16.92
957.375,-54.466,-165.262,175.9831,17.9037,58.685,16.96
957.375,-54.53,-165.262,175.9831,17.9037,58.685,17.0
957.375,-54.594,-165.262,175.9831,17.9037,58.685,17.04
957.376,-54.658,-165.262,175.9831,17.9037,58.685,17.080000000000002
957.376,-54.722,-165.262,175.9831,17.9037,58.685,17.12
957.377,-54.786,-165.263,175.9831,17.9037,58.685,17.16
957.377,-54.85,-165.263,175.9831,17.9037,58.685,17.2
957.377,-54.913,-165.263,175.9831,17.9037,58.685,17.240000000000002
957.378,-54.977,-165.263,175.9831,17.9037,58.685,17.28
957.378,-55.041,-165.264,175.9831,17.9037,58.685,17.32
957.378,-55.105,-165.264,175.9831,17.9037,58.685,17.36
957.379,-55.169,-165.264,175.9831,17.9037,58.685,17.400000000000002
957.379,-55.233,-165.264,175.9831,17.9037,58.685,17.44
957.38,-55.297,-165.265,175.9831,17.9037,58.685,17.48
957.38,-55.361,-165.265,175.9831,17.9037,58.685,17.52
957.38,-55.425,-165.265,175.9831,17.9037,58.685,17.56
957.381,-55.488,-165.265,175.9831,17.9037,58.685,17.6
957.381,-55.552,-165.265,175.9831,17.9037,58.685,17.64
957.381,-55.616,-165.266,175.9831,17.9037,58.685,17.68
957.382,-55.68,-165.266,175.9831,17.9037,58.685,17.72
957.382,-55.744,-165.266,175.9831,17.9037,58.685,17.76
957.382,-55.808,-165.266,175.9831,17.9037,58.685,17.8
957.383,-55.872,-165.267,175.9831,17.9037,58.685,17.84
957.383,-55.936,-165.267,175.9831,17.9037,58.685,17.88
957.384,-55.999,-165.267,175.9831,17.9037,58.685,17.92
957.384,-56.063,-165.267,175.9831,17.9037,58.685,17.96
957.384,-56.127,-165.268,175.9831,17.9037,58.685,18.0
957.385,-56.191,-165.268,175.9831,17.9037,58.685,18.04
957.385,-56.255,-165.268,175.9831,17.9037,58.685,18.080000000000002
957.385,-56.319,-165.268,175.9831,17.9037,58.685,18.12
957.386,-56.383,-165.269,175.9831,17.9037,58.685,18.16
957.386,-56.447,-165.269,175.9831,17.9037,58.685,18.2
957.387,-56.51,-165.269,175.9831,17.9037,58.685,18.240000000000002
957.387,-56.574,-165.269,175.9831,17.9037,58.685,18.28
957.387,-56.638,-165.269,175.9831,17.9037,58.685,18.32
957.388,-56.702,-165.27,175.9831,17.9037,58.685,18.36
957.388,-56.766,-165.27,175.9831,17.9037,58.685,18.400000000000002
957.388,-56.83,-165.27,175.9831,17.9037,58.685,18.44
957.389,-56.894,-165.27,175.9831,17.9037,58.685,18.48
957.389,-56.958,-165.271,175.9831,17.9037,58.685,18.52
957.39,-57.022,-165.271,175.9831,17.9037,58.685,18.56
957.39,-57.085,-165.271,175.9831,17.9037,58.685,18.6
957.39,-57.149,-165.271,175.9831,17.9037,58.685,18.64
957.391,-57.213,-165.272,175.9831,17.9037,58.685,18.68
957.391,-57.277,-165.272,175.9831,17.9037,58.685,18.72
957.391,-57.341,-165.272,175.9831,17.9037,58.685,18.76
957.392,-57.405,-165.272,175.9831,17.9037,58.685,18.8
957.392,-57.469,-165.272,175.9831,17.9037,58.685,18.84
957.393,-57.533,-165.273,175.9831,17.9037,58.685,18.88
957.393,-57.596,-165.273,175.9831,17.9037,58.685,18.92
957.393,-57.66,-165.273,175.9831,17.9037,58.685,18.96
957.394,-57.724,-165.273,175.9831,17.9037,58.685,19.0
957.394,-57.788,-165.274,175.9831,17.9037,58.685,19.04
957.394,-57.852,-165.274,175.9831,17.9037,58.685,19.080000000000002
957.395,-57.916,-165.274,175.9831,17.9037,58.685,19.12
957.395,-57.98,-165.274,175.9831,17.9037,58.685,19.16
957.396,-58.044,-165.275,175.9831,17.9037,58.685,19.2
957.396,-58.107,-165.275,175.9831,17.9037,58.685,19.240000000000002
957.396,-58.171,-165.275,175.9831,17.9037,58.685,19.28
957.397,-58.235,-165.275,175.9831,17.9037,58.685,19.32
957.397,-58.299,-165.275,175.9831,17.9037,58.685,19.36
957.397,-58.363,-165.276,175.9831,17.9037,58.685,19.400000000000002
957.398,-58.427,-165.276,175.9831,17.9037,58.685,19.44
957.398,-58.491,-165.276,175.9831,17.9037,58.685,19.48
957.399,-58.555,-165.276,175.9831,17.9037,58.685,19.52
957.399,-58.619,-165.277,175.9831,17.9037,58.685,19.56
957.399,-58.682,-165.277,175.9831,17.9037,58.685,19.6
957.4,-58.746,-165.277,175.9831,17.9037,58.685,19.64
957.4,-58.81,-165.277,175.9831,17.9037,58.685,19.68
957.4,-58.874,-165.278,175.9831,17.9037,58.685,19.72
957.401,-58.938,-165.278,175.9831,17.9037,58.685,19.76
957.401,-59.002,-165.278,175.9831,17.9037,58.685,19.8
957.402,-59.066,-165.278,175.9831,17.9037,58.685,19.84
957.402,-59.13,-165.279,175.9831,17.9037,58.685,19.88
957.402,-59.193,-165.279,175.9831,17.9037,58.685,19.92
957.403,-59.257,-165.279,175.9831,17.9037,58.685,19.96
957.403,-59.321,-165.279,175.9831,17.9037,58.685,20.0
957.403,-59.385,-165.279,175.9831,17.9037,58.685,20.04
957.404,-59.449,-165.28,175.9831,17.9037,58.685,20.080000000000002
957.404,-59.513,-165.28,175.9831,17.9037,58.685,20.12
957.405,-59.577,-165.28,175.9831,17.9037,58.685,20.16
957.405,-59.641,-165.28,175.9831,17.9037,58.685,20.2
957.405,-59.704,-165.281,175.9831,17.9037,58.685,20.240000000000002
957.406,-59.768,-165.281,175.9831,17.9037,58.685,20.28
957.406,-59.832,-165.281,175.9831,17.9037,58.685,20.32
957.406,-59.896,-165.281,175.9831,17.9037,58.685,20.36
957.407,-59.96,-165.282,175.9831,17.9037,58.685,20.400000000000002
957.407,-60.024,-165.282,175.9831,17.9037,58.685,20.44
957.408,-60.088,-165.282,175.9831,17.9037,58.685,20.48
957.408,-60.152,-165.282,175.9831,17.9037,58.685,20.52
957.408,-60.216,-165.282,175.9831,17.9037,58.685,20.56
957.409,-60.279,-165.283,175.9831,17.9037,58.685,20.6
957.409,-60.343,-165.283,175.9831,17.9037,58.685,20.64
957.409,-60.407,-165.283,175.9831,17.9037,58.685,20.68
957.41,-60.471,-165.283,175.9831,17.9037,58.685,20.72
957.41,-60.535,-165.284,175.9831,17.9037,58.685,20.76
957.411,-60.599,-165.284,175.9831,17.9037,58.685,20.8
957.411,-60.663,-165.284,175.9831,17.9037,58.685,20.84
957.411,-60.727,-165.284,175.9831,17.9037,58.685,20.88
957.412,-60.79,-165.285,175.9831,17.9037,58.685,20.92
957.412,-60.854,-165.285,175.9831,17.9037,58.685,20.96
957.412,-60.918,-165.285,175.9831,17.9037,58.685,21.0
957.413,-60.982,-165.285,175.9831,17.9037,58.685,21.04
957.413,-61.046,-165.285,175.9831,17.9037,58.685,21.080000000000002
957.414,-61.11,-165.286,175.9831,17.9037,58.685,21.12
957.414,-61.174,-165.286,175.9831,17.9037,58.685,21.16
957.414,-61.238,-165.286,175.9831,17.9037,58.685,21.2
957.415,-61.302,-165.286,175.9831,17.9037,58.685,21.240000000000002
957.415,-61.365,-165.287,175.9831,17.9037,58.685,21.28
957.415,-61.429,-165.287,175.9831,17.9037,58.685,21.32
957.416,-61.493,-165.287,175.9831,17.9037,58.685,21.36
957.416,-61.557,-165.287,175.9831,17.9037,58.685,21.400000000000002
957.417,-61.621,-165.288,175.9831,17.9037,58.685,21.44
957.417,-61.685,-165.288,175.9831,17.9037,58.685,21.48
957.417,-61.749,-165.288,175.9831,17.9037,58.685,21.52
957.418,-61.813,-165.288,175.9831,17.9037,58.685,21.56
957.418,-61.876,-165.288,175.9831,17.9037,58.685,21.6
957.418,-61.94,-165.289,175.9831,17.9037,58.685,21.64
957.419,-62.004,-165.289,175.9831,17.9037,58.685,21.68
957.419,-62.068,-165.289,175.9831,17.9037,58.685,21.72
957.42,-62.132,-165.289,175.9831,17.9037,58.685,21.76
957.42,-62.196,-165.29,175.9831,17.9037,58.685,21.8
957.42,-62.26,-165.29,175.9831,17.9037,58.685,21.84
957.421,-62.324,-165.29,175.9831,17.9037,58.685,21.88
957.421,-62.387,-165.29,175.9831,17.9037,58.685,21.92
957.421,-62.451,-165.291,175.9831,17.9037,58.685,21.96
957.422,-62.515,-165.291,175.9831,17.9037,58.685,22.0
957.422,-62.579,-165.291,175.9831,17.9037,58.685,22.04
957.423,-62.643,-165.291,175.9831,17.9037,58.685,22.080000000000002
957.423,-62.707,-165.292,175.9831,17.9037,58.685,22.12
957.423,-62.771,-165.292,175.9831,17.9037,58.685,22.16
957.424,-62.835,-165.292,175.9831,17.9037,58.685,22.2
957.424,-62.899,-165.292,175.9831,17.9037,58.685,22.240000000000002
957.424,-62.962,-165.292,175.9831,17.9037,58.685,22.28
957.425,-63.026,-165.293,175.9831,17.9037,58.685,22.32
957.425,-63.09,-165.293,175.9831,17.9037,58.685,22.36
957.426,-63.154,-165.293,175.9831,17.9037,58.685,22.400000000000002
957.426,-63.218,-165.293,175.9831,17.9037,58.685,22.44
957.426,-63.282,-165.294,175.9831,17.9037,58.685,22.48
957.427,-63.346,-165.294,175.9831,17.9037,58.685,22.52
957.427,-63.41,-165.294,175.9831,17.9037,58.685,22.56
957.427,-63.473,-165.294,175.9831,17.9037,58.685,22.6
957.428,-63.537,-165.295,175.9831,17.9037,58.685,22.64
957.428,-63.601,-165.295,175.9831,17.9037,58.685,22.68
957.429,-63.665,-165.295,175.9831,17.9037,58.685,22.72
957.429,-63.729,-165.295,175.9831,17.9037,58.685,22.76
957.429,-63.793,-165.295,175.9831,17.9037,58.685,22.8
957.43,-63.857,-165.296,175.9831,17.9037,58.685,22.84
957.43,-63.921,-165.296,175.9831,17.9037,58.685,22.88
957.43,-63.984,-165.296,175.9831,17.9037,58.685,22.92
957.431,-64.048,-165.296,175.9831,17.9037,58.685,22.96
957.431,-64.112,-165.297,175.9831,17.9037,58.685,23.0
957.432,-64.176,-165.297,175.9831,17.9037,58.685,23.04
957.432,-64.24,-165.297,175.9831,17.9037,58.685,23.080000000000002
957.432,-64.304,-165.297,175.9831,17.9037,58.685,23.12
957.433,-64.368,-165.298,175.9831,17.9037,58.685,23.16
957.433,-64.432,-165.298,175.9831,17.9037,58.685,23.2
957.433,-64.496,-165.298,175.9831,17.9037,58.685,23.240000000000002
957.434,-64.559,-165.298,175.9831,17.9037,58.685,23.28
957.434,-64.623,-165.298,175.9831,17.9037,58.685,23.32
957.435,-64.687,-165.299,175.9831,17.9037,58.685,23.36
957.435,-64.751,-165.299,175.9831,17.9037,58.685,23.400000000000002
957.435,-64.815,-165.299,175.9831,17.9037,58.685,23.44
957.436,-64.879,-165.299,175.9831,17.9037,58.685,23.48
957.436,-64.943,-165.3,175.9831,17.9037,58.685,23.52
957.436,-65.007,-165.3,175.9831,17.9037,58.685,23.56
957.437,-65.07,-165.3,175.9831,17.9037,58.685,23.6
957.437,-65.134,-165.3,175.9831,17.9037,58.685,23.64
957.438,-65.198,-165.301,175.9831,17.9037,58.685,23.68
957.438,-65.262,-165.301,175.9831,17.9037,58.685,23.72
957.438,-65.326,-165.301,175.9831,17.9037,58.685,23.76
957.439,-65.39,-165.301,175.9831,17.9037,58.685,23.8
957.439,-65.454,-165.302,175.9831,17.9037,58.685,23.84
957.439,-65.518,-165.302,175.9831,17.9037,58.685,23.88
957.44,-65.581,-165.302,175.9831,17.9037,58.685,23.92
957.44,-65.645,-165.302,175.9831,17.9037,58.685,23.96
957.44,-65.709,-165.302,175.9831,17.9037,58.685,24.0
957.441,-65.773,-165.303,175.9831,17.9037,58.685,24.04
957.441,-65.837,-165.303,175.9831,17.9037,58.685,24.080000000000002
957.442,-65.901,-165.303,175.9831,17.9037,58.685,24.12
957.442,-65.965,-165.303,175.9831,17.9037,58.685,24.16
957.442,-66.029,-165.304,175.9831,17.9037,58.685,24.2
957.443,-66.093,-165.304,175.9831,17.9037,58.685,24.240000000000002
957.443,-66.156,-165.304,175.9831,17.9037,58.685,24.28
957.443,-66.22,-165.304,175.9831,17.9037,58.685,24.32
957.444,-66.284,-165.305,175.9831,17.9037,58.685,24.36
957.444,-66.348,-165.305,175.9831,17.9037,58.685,24.400000000000002
957.445,-66.412,-165.305,175.9831,17.9037,58.685,24.44
957.445,-66.476,-165.305,175.9831,17.9037,58.685,24.48
957.445,-66.54,-165.305,175.9831,17.9037,58.685,24.52
957.446,-66.604,-165.306,175.9831,17.9037,58.685,24.560000000000002
957.446,-66.667,-165.306,175.9831,17.9037,58.685,24.6
957.446,-66.731,-165.306,175.9831,17.9037,58.685,24.64
957.447,-66.795,-165.306,175.9831,17.9037,58.685,24.68
957.447,-66.859,-165.307,175.9831,17.9037,58.685,24.72
957.448,-66.923,-165.307,175.9831,17.9037,58.685,24.76
957.448,-66.987,-165.307,175.9831,17.9037,58.685,24.8
957.448,-67.051,-165.307,175.9831,17.9037,58.685,24.84
957.449,-67.115,-165.308,175.9831,17.9037,58.685,24.88
957.449,-67.179,-165.308,175.9831,17.9037,58.685,24.92
957.449,-67.242,-165.308,175.9831,17.9037,58.685,24.96
957.45,-67.306,-165.308,175.9831,17.9037,58.685,25.0
957.45,-67.37,-165.308,175.9831,17.9037,58.685,25.04
957.451,-67.434,-165.309,175.9831,17.9037,58.685,25.080000000000002
957.451,-67.498,-165.309,175.9831,17.9037,58.685,25.12
957.451,-67.562,-165.309,175.9831,17.9037,58.685,25.16
957.452,-67.626,-165.309,175.9831,17.9037,58.685,25.2
957.452,-67.69,-165.31,175.9831,17.9037,58.685,25.240000000000002
957.452,-67.753,-165.31,175.9831,17.9037,58.685,25.28
957.453,-67.817,-165.31,175.9831,17.9037,58.685,25.32
957.453,-67.881,-165.31,175.9831,17.9037,58.685,25.36
957.454,-67.945,-165.311,175.9831,17.9037,58.685,25.400000000000002
957.454,-68.009,-165.311,175.9831,17.9037,58.685,25.44
957.454,-68.073,-165.311,175.9831,17.9037,58.685,25.48
957.455,-68.137,-165.311,175.9831,17.9037,58.685,25.52
957.455,-68.201,-165.312,175.9831,17.9037,58.685,25.560000000000002
957.455,-68.264,-165.312,175.9831,17.9037,58.685,25.6
957.456,-68.328,-165.312,175.9831,17.9037,58.685,25.64
957.456,-68.392,-165.312,175.9831,17.9037,58.685,25.68
957.457,-68.456,-165.312,175.9831,17.9037,58.685,25.72
957.457,-68.52,-165.313,175.9831,17.9037,58.685,25.76
957.457,-68.584,-165.313,175.9831,17.9037,58.685,25.8
957.458,-68.648,-165.313,175.9831,17.9037,58.685,25.84
957.458,-68.712,-165.313,175.9831,17.9037,58.685,25.88
957.458,-68.776,-165.314,175.9831,17.9037,58.685,25.92
957.459,-68.839,-165.314,175.9831,17.9037,58.685,25.96
957.459,-68.903,-165.314,175.9831,17.9037,58.685,26.0
957.46,-68.967,-165.314,175.9831,17.9037,58.685,26.04
957.46,-69.031,-165.315,175.9831,17.9037,58.685,26.080000000000002
957.46,-69.095,-165.315,175.9831,17.9037,58.685,26.12
957.461,-69.159,-165.315,175.9831,17.9037,58.685,26.16
957.461,-69.223,-165.315,175.9831,17.9037,58.685,26.2
957.461,-69.287,-165.315,175.9831,17.9037,58.685,26.240000000000002
957.462,-69.35,-165.316,175.9831,17.9037,58.685,26.28
957.462,-69.414,-165.316,175.9831,17.9037,58.685,26.32
957.463,-69.478,-165.316,175.9831,17.9037,58.685,26.36
957.463,-69.542,-165.316,175.9831,17.9037,58.685,26.400000000000002
957.463,-69.606,-165.317,175.9831,17.9037,58.685,26.44
957.464,-69.67,-165.317,175.9831,17.9037,58.685,26.48
957.464,-69.734,-165.317,175.9831,17.9037,58.685,26.52
957.464,-69.798,-165.317,175.9831,17.9037,58.685,26.560000000000002
957.465,-69.861,-165.318,175.9831,17.9037,58.685,26.6
957.465,-69.925,-165.318,175.9831,17.9037,58.685,26.64
957.466,-69.989,-165.318,175.9831,17.9037,58.685,26.68
957.466,-70.053,-165.318,175.9831,17.9037,58.685,26.72
957.466,-70.117,-165.318,175.9831,17.9037,58.685,26.76
957.467,-70.181,-165.319,175.9831,17.9037,58.685,26.8
957.467,-70.245,-165.319,175.9831,17.9037,58.685,26.84
957.467,-70.309,-165.319,175.9831,17.9037,58.685,26.88
957.468,-70.373,-165.319,175.9831,17.9037,58.685,26.92
957.468,-70.436,-165.32,175.9831,17.9037,58.685,26.96
957.469,-70.5,-165.32,175.9831,17.9037,58.685,27.0
957.469,-70.564,-165.32,175.9831,17.9037,58.685,27.04
957.469,-70.628,-165.32,175.9831,17.9037,58.685,27.080000000000002
957.47,-70.692,-165.321,175.9831,17.9037,58.685,27.12
957.47,-70.756,-165.321,175.9831,17.9037,58.685,27.16
957.47,-70.82,-165.321,175.9831,17.9037,58.685,27.2
957.471,-70.884,-165.321,175.9831,17.9037,58.685,27.240000000000002
957.471,-70.947,-165.321,175.9831,17.9037,58.685,27.28
957.472,-71.011,-165.322,175.9831,17.9037,58.685,27.32
957.472,-71.075,-165.322,175.9831,17.9037,58.685,27.36
957.472,-71.139,-165.322,175.9831,17.9037,58.685,27.400000000000002
957.473,-71.203,-165.322,175.9831,17.9037,58.685,27.44
957.473,-71.267,-165.323,175.9831,17.9037,58.685,27.48
957.473,-71.331,-165.323,175.9831,17.9037,58.685,27.52
957.474,-71.395,-165.323,175.9831,17.9037,58.685,27.560000000000002
957.474,-71.458,-165.323,175.9831,17.9037,58.685,27.6
957.475,-71.522,-165.324,175.9831,17.9037,58.685,27.64
957.475,-71.586,-165.324,175.9831,17.9037,58.685,27.68
957.475,-71.65,-165.324,175.9831,17.9037,58.685,27.72
957.476,-71.714,-165.324,175.9831,17.9037,58.685,27.76
957.476,-71.778,-165.325,175.9831,17.9037,58.685,27.8
957.476,-71.842,-165.325,175.9831,17.9037,58.685,27.84
957.477,-71.906,-165.325,175.9831,17.9037,58.685,27.88
957.477,-71.97,-165.325,175.9831,17.9037,58.685,27.92
957.478,-72.033,-165.325,175.9831,17.9037,58.685,27.96
957.478,-72.097,-165.326,175.9831,17.9037,58.685,28.0
957.478,-72.161,-165.326,175.9831,17.9037,58.685,28.04
957.479,-72.225,-165.326,175.9831,17.9037,58.685,28.080000000000002
957.479,-72.289,-165.326,175.9831,17.9037,58.685,28.12
957.479,-72.353,-165.327,175.9831,17.9037,58.685,28.16
957.48,-72.417,-165.327,175.9831,17.9037,58.685,28.2
957.48,-72.481,-165.327,175.9831,17.9037,58.685,28.240000000000002
957.481,-72.544,-165.327,175.9831,17.9037,58.685,28.28
957.481,-72.608,-165.328,175.9831,17.9037,58.685,28.32
957.481,-72.672,-165.328,175.9831,17.9037,58.685,28.36
957.482,-72.736,-165.328,175.9831,17.9037,58.685,28.400000000000002
957.482,-72.8,-165.328,175.9831,17.9037,58.685,28.44
957.482,-72.864,-165.328,175.9831,17.9037,58.685,28.48
957.483,-72.928,-165.329,175.9831,17.9037,58.685,28.52
957.483,-72.992,-165.329,175.9831,17.9037,58.685,28.560000000000002
957.484,-73.056,-165.329,175.9831,17.9037,58.685,28.6
957.484,-73.119,-165.329,175.9831,17.9037,58.685,28.64
957.484,-73.183,-165.33,175.9831,17.9037,58.685,28.68
957.485,-73.247,-165.33,175.9831,17.9037,58.685,28.72
957.485,-73.311,-165.33,175.9831,17.9037,58.685,28.76
957.485,-73.375,-165.33,175.9831,17.9037,58.685,28.8
957.486,-73.439,-165.331,175.9831,17.9037,58.685,28.84
957.486,-73.503,-165.331,175.9831,17.9037,58.685,28.88
957.487,-73.567,-165.331,175.9831,17.9037,58.685,28.92
957.487,-73.63,-165.331,175.9831,17.9037,58.685,28.96
957.487,-73.694,-165.331,175.9831,17.9037,58.685,29.0
957.488,-73.758,-165.332,175.9831,17.9037,58.685,29.04
957.488,-73.822,-165.332,175.9831,17.9037,58.685,29.080000000000002
957.488,-73.886,-165.332,175.9831,17.9037,58.685,29.12
957.489,-73.95,-165.332,175.9831,17.9037,58.685,29.16
957.489,-74.014,-165.333,175.9831,17.9037,58.685,29.2
957.49,-74.078,-165.333,175.9831,17.9037,58.685,29.240000000000002
957.49,-74.141,-165.333,175.9831,17.9037,58.685,29.28
957.49,-74.205,-165.333,175.9831,17.9037,58.685,29.32
957.491,-74.269,-165.334,175.9831,17.9037,58.685,29.36
957.491,-74.333,-165.334,175.9831,17.9037,58.685,29.400000000000002
957.491,-74.397,-165.334,175.9831,17.9037,58.685,29.44
957.492,-74.461,-165.334,175.9831,17.9037,58.685,29.48
957.492,-74.525,-165.335,175.9831,17.9037,58.685,29.52
957.493,-74.589,-165.335,175.9831,17.9037,58.685,29.560000000000002
957.493,-74.653,-165.335,175.9831,17.9037,58.685,29.6
957.493,-74.716,-165.335,175.9831,17.9037,58.685,29.64
957.494,-74.78,-165.335,175.9831,17.9037,58.685,29.68
957.494,-74.844,-165.336,175.9831,17.9037,58.685,29.72
957.494,-74.908,-165.336,175.9831,17.9037,58.685,29.76
957.495,-74.972,-165.336,175.9831,17.9037,58.685,29.8
957.495,-75.036,-165.336,175.9831,17.9037,58.685,29.84
957.495,-75.1,-165.337,175.9831,17.9037,58.685,29.88
957.496,-75.164,-165.337,175.9831,17.9037,58.685,29.92
957.496,-75.227,-165.337,175.9831,17.9037,58.685,29.96
957.497,-75.291,-165.337,175.9831,17.9037,58.685,30.0
957.497,-75.355,-165.338,175.9831,17.9037,58.685,30.04
957.497,-75.419,-165.338,175.9831,17.9037,58.685,30.080000000000002
957.498,-75.483,-165.338,175.9831,17.9037,58.685,30.12
957.498,-75.547,-165.338,175.9831,17.9037,58.685,30.16
957.498,-75.611,-165.338,175.9831,17.9037,58.685,30.2
957.499,-75.675,-165.339,175.9831,17.9037,58.685,30.240000000000002
957.499,-75.738,-165.339,175.9831,17.9037,58.685,30.28
957.5,-75.802,-165.339,175.9831,17.9037,58.685,30.32
957.5,-75.866,-165.339,175.9831,17.9037,58.685,30.36
957.5,-75.93,-165.34,175.9831,17.9037,58.685,30.400000000000002
957.501,-75.994,-165.34,175.9831,17.9037,58.685,30.44
957.501,-76.058,-165.34,175.9831,17.9037,58.685,30.48
957.501,-76.122,-165.34,175.9831,17.9037,58.685,30.52
957.502,-76.186,-165.341,175.9831,17.9037,58.685,30.560000000000002
957.502,-76.25,-165.341,175.9831,17.9037,58.685,30.6
957.503,-76.313,-165.341,175.9831,17.9037,58.685,30.64
957.503,-76.377,-165.341,175.9831,17.9037,58.685,30.68
957.503,-76.441,-165.341,175.9831,17.9037,58.685,30.72
957.504,-76.505,-165.342,175.9831,17.9037,58.685,30.76
957.504,-76.569,-165.342,175.9831,17.9037,58.685,30.8
957.504,-76.633,-165.342,175.9831,17.9037,58.685,30.84
957.505,-76.697,-165.342,175.9831,17.9037,58.685,30.88
957.505,-76.761,-165.343,175.9831,17.9037,58.685,30.92
957.506,-76.824,-165.343,175.9831,17.9037,58.685,30.96
957.506,-76.888,-165.343,175.9831,17.9037,58.685,31.0
957.506,-76.952,-165.343,175.9831,17.9037,58.685,31.04
957.507,-77.016,-165.344,175.9831,17.9037,58.685,31.080000000000002
957.507,-77.08,-165.344,175.9831,17.9037,58.685,31.12
957.507,-77.144,-165.344,175.9831,17.9037,58.685,31.16
957.508,-77.208,-165.344,175.9831,17.9037,58.685,31.2
957.508,-77.272,-165.345,175.9831,17.9037,58.685,31.240000000000002
957.509,-77.335,-165.345,175.9831,17.9037,58.685,31.28
957.509,-77.399,-165.345,175.9831,17.9037,58.685,31.32
957.509,-77.463,-165.345,175.9831,17.9037,58.685,31.36
957.51,-77.527,-165.345,175.9831,17.9037,58.685,31.400000000000002
957.51,-77.591,-165.346,175.9831,17.9037,58.685,31.44
957.51,-77.655,-165.346,175.9831,17.9037,58.685,31.48
957.511,-77.719,-165.346,175.9831,17.9037,58.685,31.52
957.511,-77.783,-165.346,175.9831,17.9037,58.685,31.560000000000002
957.512,-77.847,-165.347,175.9831,17.9037,58.685,31.6
957.512,-77.91,-165.347,175.9831,17.9037,58.685,31.64
957.512,-77.974,-165.347,175.9831,17.9037,58.685,31.68
957.513,-78.038,-165.347,175.9831,17.9037,58.685,31.720000000000002
957.513,-78.102,-165.348,175.9831,17.9037,58.685,31.76
957.513,-78.166,-165.348,175.9831,17.9037,58.685,31.8
957.514,-78.23,-165.348,175.9831,17.9037,58.685,31.84
957.514,-78.294,-165.348,175.9831,17.9037,58.685,31.88
957.515,-78.358,-165.348,175.9831,17.9037,58.685,31.92
957.515,-78.421,-165.349,175.9831,17.9037,58.685,31.96
957.515,-78.485,-165.349,175.9831,17.9037,58.685,32.0
957.516,-78.549,-165.349,175.9831,17.9037,58.685,32.04
957.516,-78.613,-165.349,175.9831,17.9037,58.685,32.08
957.516,-78.677,-165.35,175.9831,17.9037,58.685,32.12
957.517,-78.741,-165.35,175.9831,17.9037,58.685,32.160000000000004
957.517,-78.805,-165.35,175.9831,17.9037,58.685,32.2
957.518,-78.869,-165.35,175.9831,17.9037,58.685,32.24
957.518,-78.933,-165.351,175.9831,17.9037,58.685,32.28
957.518,-78.996,-165.351,175.9831,17.9037,58.685,32.32
957.519,-79.06,-165.351,175.9831,17.9037,58.685,32.36
957.519,-79.124,-165.351,175.9831,17.9037,58.685,32.4
957.519,-79.188,-165.351,175.9831,17.9037,58.685,32.44
957.52,-79.252,-165.352,175.9831,17.9037,58.685,32.480000000000004
957.52,-79.316,-165.352,175.9831,17.9037,58.685,32.52
957.521,-79.38,-165.352,175.9831,17.9037,58.685,32.56
957.521,-79.444,-165.352,175.9831,17.9037,58.685,32.6
957.521,-79.507,-165.353,175.9831,17.9037,58.685,32.64
957.522,-79.571,-165.353,175.9831,17.9037,58.685,32.68
957.522,-79.635,-165.353,175.9831,17.9037,58.685,32.72
957.522,-79.699,-165.353,175.9831,17.9037,58.685,32.76
957.523,-79.763,-165.354,175.9831,17.9037,58.685,32.8
957.523,-79.827,-165.354,175.9831,17.9037,58.685,32.84
957.524,-79.891,-165.354,175.9831,17.9037,58.685,32.88
957.524,-79.955,-165.354,175.9831,17.9037,58.685,32.92
957.524,-80.018,-165.354,175.9831,17.9037,58.685,32.96
957.525,-80.082,-165.355,175.9831,17.9037,58.685,33.0
957.525,-80.146,-165.355,175.9831,17.9037,58.685,33.04
957.525,-80.21,-165.355,175.9831,17.9037,58.685,33.08
957.526,-80.274,-165.355,175.9831,17.9037,58.685,33.12
957.526,-80.338,-165.356,175.9831,17.9037,58.685,33.160000000000004
957.527,-80.402,-165.356,175.9831,17.9037,58.685,33.2
957.527,-80.466,-165.356,175.9831,17.9037,58.685,33.24
957.527,-80.53,-165.356,175.9831,17.9037,58.685,33.28
957.528,-80.593,-165.357,175.9831,17.9037,58.685,33.32
957.528,-80.657,-165.357,175.9831,17.9037,58.685,33.36
957.528,-80.721,-165.357,175.9831,17.9037,58.685,33.4
957.529,-80.785,-165.357,175.9831,17.9037,58.685,33.44
957.529,-80.849,-165.358,175.9831,17.9037,58.685,33.480000000000004
957.53,-80.913,-165.358,175.9831,17.9037,58.685,33.52
957.53,-80.977,-165.358,175.9831,17.9037,58.685,33.56
957.53,-81.041,-165.358,175.9831,17.9037,58.685,33.6
957.531,-81.104,-165.358,175.9831,17.9037,58.685,33.64
957.531,-81.168,-165.359,175.9831,17.9037,58.685,33.68
957.531,-81.232,-165.359,175.9831,17.9037,58.685,33.72
957.532,-81.296,-165.359,175.9831,17.9037,58.685,33.76
957.532,-81.36,-165.359,175.9831,17.9037,58.685,33.8
957.533,-81.424,-165.36,175.9831,17.9037,58.685,33.84
957.533,-81.488,-165.36,175.9831,17.9037,58.685,33.88
957.533,-81.552,-165.36,175.9831,17.9037,58.685,33.92
957.534,-81.615,-165.36,175.9831,17.9037,58.685,33.96
957.534,-81.679,-165.361,175.9831,17.9037,58.685,34.0
957.534,-81.743,-165.361,175.9831,17.9037,58.685,34.04
957.535,-81.807,-165.361,175.9831,17.9037,58.685,34.08
957.535,-81.871,-165.361,175.9831,17.9037,58.685,34.12
957.536,-81.935,-165.361,175.9831,17.9037,58.685,34.160000000000004
957.536,-81.999,-165.362,175.9831,17.9037,58.685,34.2
957.536,-82.063,-165.362,175.9831,17.9037,58.685,34.24
957.537,-82.127,-165.362,175.9831,17.9037,58.685,34.28
957.537,-82.19,-165.362,175.9831,17.9037,58.685,34.32
957.537,-82.254,-165.363,175.9831,17.9037,58.685,34.36
957.538,-82.318,-165.363,175.9831,17.9037,58.685,34.4
957.538,-82.382,-165.363,175.9831,17.9037,58.685,34.44
957.539,-82.446,-165.363,175.9831,17.9037,58.685,34.480000000000004
957.539,-82.51,-165.364,175.9831,17.9037,58.685,34.52
957.539,-82.574,-165.364,175.9831,17.9037,58.685,34.56
957.54,-82.638,-165.364,175.9831,17.9037,58.685,34.6
957.54,-82.701,-165.364,175.9831,17.9037,58.685,34.64
957.54,-82.765,-165.364,175.9831,17.9037,58.685,34.68
957.541,-82.829,-165.365,175.9831,17.9037,58.685,34.72
957.541,-82.893,-165.365,175.9831,17.9037,58.685,34.76
957.542,-82.957,-165.365,175.9831,17.9037,58.685,34.800000000000004
957.542,-83.021,-165.365,175.9831,17.9037,58.685,34.84
957.542,-83.085,-165.366,175.9831,17.9037,58.685,34.88
957.543,-83.149,-165.366,175.9831,17.9037,58.685,34.92
957.543,-83.212,-165.366,175.9831,17.9037,58.685,34.96
957.543,-83.276,-165.366,175.9831,17.9037,58.685,35.0
957.544,-83.34,-165.367,175.9831,17.9037,58.685,35.04
957.544,-83.404,-165.367,175.9831,17.9037,58.685,35.08
957.545,-83.468,-165.367,175.9831,17.9037,58.685,35.12
957.545,-83.532,-165.367,175.9831,17.9037,58.685,35.160000000000004
957.545,-83.596,-165.368,175.9831,17.9037,58.685,35.2
957.546,-83.66,-165.368,175.9831,17.9037,58.685,35.24
957.546,-83.724,-165.368,175.9831,17.9037,58.685,35.28
957.546,-83.787,-165.368,175.9831,17.9037,58.685,35.32
957.547,-83.851,-165.368,175.9831,17.9037,58.685,35.36
957.547,-83.915,-165.369,175.9831,17.9037,58.685,35.4
957.548,-83.979,-165.369,175.9831,17.9037,58.685,35.44
957.548,-84.043,-165.369,175.9831,17.9037,58.685,35.480000000000004
957.548,-84.107,-165.369,175.9831,17.9037,58.685,35.52
957.549,-84.171,-165.37,175.9831,17.9037,58.685,35.56
957.549,-84.235,-165.37,175.9831,17.9037,58.685,35.6
957.549,-84.298,-165.37,175.9831,17.9037,58.685,35.64
957.55,-84.362,-165.37,175.9831,17.9037,58.685,35.68
957.55,-84.426,-165.371,175.9831,17.9037,58.685,35.72
957.55,-84.49,-165.371,175.9831,17.9037,58.685,35.76
957.551,-84.554,-165.371,175.9831,17.9037,58.685,35.800000000000004
957.551,-84.618,-165.371,175.9831,17.9037,58.685,35.84
957.552,-84.682,-165.371,175.9831,17.9037,58.685,35.88
957.552,-84.746,-165.372,175.9831,17.9037,58.685,35.92
957.552,-84.81,-165.372,175.9831,17.9037,58.685,35.96
957.553,-84.873,-165.372,175.9831,17.9037,58.685,36.0
957.553,-84.937,-165.372,175.9831,17.9037,58.685,36.04
957.553,-85.001,-165.373,175.9831,17.9037,58.685,36.08
957.554,-85.065,-165.373,175.9831,17.9037,58.685,36.12
957.554,-85.129,-165.373,175.9831,17.9037,58.685,36.160000000000004
957.555,-85.193,-165.373,175.9831,17.9037,58.685,36.2
957.555,-85.257,-165.374,175.9831,17.9037,58.685,36.24
957.555,-85.321,-165.374,175.9831,17.9037,58.685,36.28
957.556,-85.384,-165.374,175.9831,17.9037,58.685,36.32
957.556,-85.448,-165.374,175.9831,17.9037,58.685,36.36
957.556,-85.512,-165.374,175.9831,17.9037,58.685,36.4
957.557,-85.576,-165.375,175.9831,17.9037,58.685,36.44
957.557,-85.64,-165.375,175.9831,17.9037,58.685,36.480000000000004
957.558,-85.704,-165.375,175.9831,17.9037,58.685,36.52
957.558,-85.768,-165.375,175.9831,17.9037,58.685,36.56
957.558,-85.832,-165.376,175.9831,17.9037,58.685,36.6
957.559,-85.895,-165.376,175.9831,17.9037,58.685,36.64
957.559,-85.959,-165.376,175.9831,17.9037,58.685,36.68
957.559,-86.023,-165.376,175.9831,17.9037,58.685,36.72
957.56,-86.087,-165.377,175.9831,17.9037,58.685,36.76
957.56,-86.151,-165.377,175.9831,17.9037,58.685,36.800000000000004
957.561,-86.215,-165.377,175.9831,17.9037,58.685,36.84
957.561,-86.279,-165.377,175.9831,17.9037,58.685,36.88
957.561,-86.343,-165.378,175.9831,17.9037,58.685,36.92
957.562,-86.407,-165.378,175.9831,17.9037,58.685,36.96
957.562,-86.47,-165.378,175.9831,17.9037,58.685,37.0
957.562,-86.534,-165.378,175.9831,17.9037,58.685,37.04
957.563,-86.598,-165.378,175.9831,17.9037,58.685,37.08
957.563,-86.662,-165.379,175.9831,17.9037,58.685,37.12
957.564,-86.726,-165.379,175.9831,17.9037,58.685,37.160000000000004
957.564,-86.79,-165.379,175.9831,17.9037,58.685,37.2
957.564,-86.854,-165.379,175.9831,17.9037,58.685,37.24
957.565,-86.918,-165.38,175.9831,17.9037,58.685,37.28
957.565,-86.981,-165.38,175.9831,17.9037,58.685,37.32
957.565,-87.045,-165.38,175.9831,17.9037,58.685,37.36
957.566,-87.109,-165.38,175.9831,17.9037,58.685,37.4
957.566,-87.173,-165.381,175.9831,17.9037,58.685,37.44
957.567,-87.237,-165.381,175.9831,17.9037,58.685,37.480000000000004
957.567,-87.301,-165.381,175.9831,17.9037,58.685,37.52
957.567,-87.365,-165.381,175.9831,17.9037,58.685,37.56
957.568,-87.429,-165.381,175.9831,17.9037,58.685,37.6
957.568,-87.492,-165.382,175.9831,17.9037,58.685,37.64
957.568,-87.556,-165.382,175.9831,17.9037,58.685,37.68
957.569,-87.62,-165.382,175.9831,17.9037,58.685,37.72
957.569,-87.684,-165.382,175.9831,17.9037,58.685,37.76
957.57,-87.748,-165.383,175.9831,17.9037,58.685,37.800000000000004
957.57,-87.812,-165.383,175.9831,17.9037,58.685,37.84
957.57,-87.876,-165.383,175.9831,17.9037,58.685,37.88
957.571,-87.94,-165.383,175.9831,17.9037,58.685,37.92
957.571,-88.004,-165.384,175.9831,17.9037,58.685,37.96
957.571,-88.067,-165.384,175.9831,17.9037,58.685,38.0
957.572,-88.131,-165.384,175.9831,17.9037,58.685,38.04
957.572,-88.195,-165.384,175.9831,17.9037,58.685,38.08
957.573,-88.259,-165.384,175.9831,17.9037,58.685,38.12
957.573,-88.323,-165.385,175.9831,17.9037,58.685,38.160000000000004
957.573,-88.387,-165.385,175.9831,17.9037,58.685,38.2
957.574,-88.451,-165.385,175.9831,17.9037,58.685,38.24
957.574,-88.515,-165.385,175.9831,17.9037,58.685,38.28
957.574,-88.578,-165.386,175.9831,17.9037,58.685,38.32
957.575,-88.642,-165.386,175.9831,17.9037,58.685,38.36
957.575,-88.706,-165.386,175.9831,17.9037,58.685,38.4
957.576,-88.77,-165.386,175.9831,17.9037,58.685,38.44
957.576,-88.834,-165.387,175.9831,17.9037,58.685,38.480000000000004
957.576,-88.898,-165.387,175.9831,17.9037,58.685,38.52
957.577,-88.962,-165.387,175.9831,17.9037,58.685,38.56
957.577,-89.026,-165.387,175.9831,17.9037,58.685,38.6
957.577,-89.089,-165.387,175.9831,17.9037,58.685,38.64
957.578,-89.153,-165.388,175.9831,17.9037,58.685,38.68
957.578,-89.217,-165.388,175.9831,17.9037,58.685,38.72
957.579,-89.281,-165.388,175.9831,17.9037,58.685,38.76
957.579,-89.345,-165.388,175.9831,17.9037,58.685,38.800000000000004
957.579,-89.409,-165.389,175.9831,17.9037,58.685,38.84
957.58,-89.473,-165.389,175.9831,17.9037,58.685,38.88
957.58,-89.537,-165.389,175.9831,17.9037,58.685,38.92
957.58,-89.601,-165.389,175.9831,17.9037,58.685,38.96
957.581,-89.664,-165.39,175.9831,17.9037,58.685,39.0
957.581,-89.728,-165.39,175.9831,17.9037,58.685,39.04
957.582,-89.792,-165.39,175.9831,17.9037,58.685,39.08
957.582,-89.856,-165.39,175.9831,17.9037,58.685,39.12
957.582,-89.92,-165.391,175.9831,17.9037,58.685,39.160000000000004
957.583,-89.984,-165.391,175.9831,17.9037,58.685,39.2
957.583,-90.048,-165.391,175.9831,17.9037,58.685,39.24
957.583,-90.112,-165.391,175.9831,17.9037,58.685,39.28
957.584,-90.175,-165.391,175.9831,17.9037,58.685,39.32
957.584,-90.239,-165.392,175.9831,17.9037,58.685,39.36
957.585,-90.303,-165.392,175.9831,17.9037,58.685,39.4
957.585,-90.367,-165.392,175.9831,17.9037,58.685,39.44
957.585,-90.431,-165.392,175.9831,17.9037,58.685,39.480000000000004
957.586,-90.495,-165.393,175.9831,17.9037,58.685,39.52
957.586,-90.559,-165.393,175.9831,17.9037,58.685,39.56
957.586,-90.623,-165.393,175.9831,17.9037,58.685,39.6
957.587,-90.687,-165.393,175.9831,17.9037,58.685,39.64
957.587,-90.75,-165.394,175.9831,17.9037,58.685,39.68
957.588,-90.814,-165.394,175.9831,17.9037,58.685,39.72
957.588,-90.878,-165.394,175.9831,17.9037,58.685,39.76
957.588,-90.942,-165.394,175.9831,17.9037,58.685,39.800000000000004
957.589,-91.006,-165.394,175.9831,17.9037,58.685,39.84
957.589,-91.07,-165.395,175.9831,17.9037,58.685,39.88
957.589,-91.134,-165.395,175.9831,17.9037,58.685,39.92
957.59,-91.198,-165.395,175.9831,17.9037,58.685,39.96
957.59,-91.261,-165.395,175.9831,17.9037,58.685,40.0
957.591,-91.325,-165.396,175.9831,17.9037,58.685,40.04
957.591,-91.389,-165.396,175.9831,17.9037,58.685,40.08
957.591,-91.453,-165.396,175.9831,17.9037,58.685,40.12
957.592,-91.517,-165.396,175.9831,17.9037,58.685,40.160000000000004
957.592,-91.581,-165.397,175.9831,17.9037,58.685,40.2
957.592,-91.645,-165.397,175.9831,17.9037,58.685,40.24
957.593,-91.709,-165.397,175.9831,17.9037,58.685,40.28
957.593,-91.772,-165.397,175.9831,17.9037,58.685,40.32
957.594,-91.836,-165.397,175.9831,17.9037,58.685,40.36
957.594,-91.9,-165.398,175.9831,17.9037,58.685,40.4
957.594,-91.964,-165.398,175.9831,17.9037,58.685,40.44
957.595,-92.028,-165.398,175.9831,17.9037,58.685,40.480000000000004
957.595,-92.092,-165.398,175.9831,17.9037,58.685,40.52
957.595,-92.156,-165.399,175.9831,17.9037,58.685,40.56
957.596,-92.22,-165.399,175.9831,17.9037,58.685,40.6
957.596,-92.284,-165.399,175.9831,17.9037,58.685,40.64
957.597,-92.347,-165.399,175.9831,17.9037,58.685,40.68
957.597,-92.411,-165.4,175.9831,17.9037,58.685,40.72
957.597,-92.475,-165.4,175.9831,17.9037,58.685,40.76
957.598,-92.539,-165.4,175.9831,17.9037,58.685,40.800000000000004
957.598,-92.603,-165.4,175.9831,17.9037,58.685,40.84
957.598,-92.667,-165.401,175.9831,17.9037,58.685,40.88
957.599,-92.731,-165.401,175.9831,17.9037,58.685,40.92
957.599,-92.795,-165.401,175.9831,17.9037,58.685,40.96
957.6,-92.858,-165.401,175.9831,17.9037,58.685,41.0
957.6,-92.922,-165.401,175.9831,17.9037,58.685,41.04
957.6,-92.986,-165.402,175.9831,17.9037,58.685,41.08
957.601,-93.05,-165.402,175.9831,17.9037,58.685,41.12
957.601,-93.114,-165.402,175.9831,17.9037,58.685,41.160000000000004
957.601,-93.178,-165.402,175.9831,17.9037,58.685,41.2
957.602,-93.242,-165.403,175.9831,17.9037,58.685,41.24
957.602,-93.306,-165.403,175.9831,17.9037,58.685,41.28
957.603,-93.369,-165.403,175.9831,17.9037,58.685,41.32
957.603,-93.433,-165.403,175.9831,17.9037,58.685,41.36
957.603,-93.497,-165.404,175.9831,17.9037,58.685,41.4
957.604,-93.561,-165.404,175.9831,17.9037,58.685,41.44
957.604,-93.625,-165.404,175.9831,17.9037,58.685,41.480000000000004
