Xx,Xy,Xz,0,Yx,Yy,Yz,0.1,Zx,Zy,Zz,0.2,Px,Py,Pz,1
0.9461547750003524,0.298668255044473,0.124853574929685,0.0,0.3213919563739074,-0.912805168919898,-0.2519800269292565,0.0,0.0387085536049239,0.2785390403907611,-0.9596445440140888,0.0,958.521,-37.126,-164.943,1.0
0.9461547750003524,0.298668255044473,0.124853574929685,0.0,0.3213919563739074,-0.912805168919898,-0.2519800269292565,0.0,0.0387085536049239,0.2785390403907611,-0.9596445440140888,0.0,958.521018018018,-37.04222072072072,-164.94295495495496,1.0
0.9461547750003524,0.298668255044473,0.124853574929685,0.0,0.3213919563739074,-0.912805168919898,-0.2519800269292565,0.0,0.0387085536049239,0.2785390403907611,-0.9596445440140888,0.0,958.521036036036,-36.95844144144144,-164.94290990990993,1.0
0.9461547750003524,0.298668255044473,0.124853574929685,0.0,0.3213919563739074,-0.912805168919898,-0.2519800269292565,0.0,0.0387085536049239,0.2785390403907611,-0.9596445440140888,0.0,958.521054054054,-36.87466216216216,-164.94286486486487,1.0
0.9461547750003524,0.298668255044473,0.124853574929685,0.0,0.3213919563739074,-0.912805168919898,-0.2519800269292565,0.0,0.0387085536049239,0.2785390403907611,-0.9596445440140888,0.0,958.521072072072,-36.79088288288288,-164.94281981981982,1.0
0.9461547750003524,0.298668255044473,0.124853574929685,0.0,0.3213919563739074,-0.912805168919898,-0.2519800269292565,0.0,0.0387085536049239,0.2785390403907611,-0.9596445440140888,0.0,958.52109009009,-36.7071036036036,-164.9427747747748,1.0
0.9461547750003524,0.298668255044473,0.124853574929685,0.0,0.3213919563739074,-0.912805168919898,-0.2519800269292565,0.0,0.0387085536049239,0.2785390403907611,-0.9596445440140888,0.0,958.521108108108,-36.62332432432432,-164.9427297297297,1.0
0.9461547750003524,0.298668255044473,0.124853574929685,0.0,0.3213919563739074,-0.912805168919898,-0.2519800269292565,0.0,0.0387085536049239,0.2785390403907611,-0.9596445440140888,0.0,958.521126126126,-36.539545045045045,-164.9426846846847,1.0
0.9461547750003524,0.298668255044473,0.124853574929685,0.0,0.3213919563739074,-0.912805168919898,-0.2519800269292565,0.0,0.0387085536049239,0.2785390403907611,-0.9596445440140888,0.0,958.5211441441442,-36.45576576576576,-164.94263963963965,1.0
0.9461547750003524,0.298668255044473,0.124853574929685,0.0,0.3213919563739074,-0.912805168919898,-0.2519800269292565,0.0,0.0387085536049239,0.2785390403907611,-0.9596445440140888,0.0,958.521162162162,-36.371986486486485,-164.9425945945946,1.0
0.9461547750003524,0.298668255044473,0.124853574929685,0.0,0.3213919563739074,-0.912805168919898,-0.2519800269292565,0.0,0.0387085536049239,0.2785390403907611,-0.9596445440140888,0.0,958.5211801801802,-36.28820720720721,-164.94254954954957,1.0
0.9461547750003524,0.298668255044473,0.124853574929685,0.0,0.3213919563739074,-0.912805168919898,-0.2519800269292565,0.0,0.0387085536049239,0.2785390403907611,-0.9596445440140888,0.0,958.521198198198,-36.20442792792792,-164.9425045045045,1.0
0.9461547750003524,0.298668255044473,0.124853574929685,0.0,0.3213919563739074,-0.912805168919898,-0.2519800269292565,0.0,0.0387085536049239,0.2785390403907611,-0.9596445440140888,0.0,958.5212162162162,-36.12064864864865,-164.94245945945946,1.0
0.9461547750003524,0.298668255044473,0.124853574929685,0.0,0.3213919563739074,-0.912805168919898,-0.2519800269292565,0.0,0.0387085536049239,0.2785390403907611,-0.9596445440140888,0.0,958.5212342342342,-36.03686936936937,-164.94241441441443,1.0
0.9461547750003524,0.298668255044473,0.124853574929685,0.0,0.3213919563739074,-0.912805168919898,-0.2519800269292565,0.0,0.0387085536049239,0.2785390403907611,-0.9596445440140888,0.0,958.5212522522522,-35.953090090090086,-164.94236936936937,1.0
0.9461547750003524,0.298668255044473,0.124853574929685,0.0,0.3213919563739074,-0.912805168919898,-0.2519800269292565,0.0,0.0387085536049239,0.2785390403907611,-0.9596445440140888,0.0,958.5212702702702,-35.86931081081081,-164.94232432432435,1.0
0.9461547750003524,0.298668255044473,0.124853574929685,0.0,0.3213919563739074,-0.912805168919898,-0.2519800269292565,0.0,0.0387085536049239,0.2785390403907611,-0.9596445440140888,0.0,958.5212882882882,-35.78553153153153,-164.9422792792793,1.0
0.9461547750003524,0.298668255044473,0.124853574929685,0.0,0.3213919563739074,-0.912805168919898,-0.2519800269292565,0.0,0.0387085536049239,0.2785390403907611,-0.9596445440140888,0.0,958.5213063063064,-35.70175225225225,-164.94223423423423,1.0
0.9461547750003524,0.298668255044473,0.124853574929685,0.0,0.3213919563739074,-0.912805168919898,-0.2519800269292565,0.0,0.0387085536049239,0.2785390403907611,-0.9596445440140888,0.0,958.5213243243244,-35.61797297297297,-164.9421891891892,1.0
0.9461547750003524,0.298668255044473,0.124853574929685,0.0,0.3213919563739074,-0.912805168919898,-0.2519800269292565,0.0,0.0387085536049239,0.2785390403907611,-0.9596445440140888,0.0,958.5213423423425,-35.53419369369369,-164.94214414414415,1.0
0.9461547750003524,0.298668255044473,0.124853574929685,0.0,0.3213919563739074,-0.912805168919898,-0.2519800269292565,0.0,0.0387085536049239,0.2785390403907611,-0.9596445440140888,0.0,958.5213603603604,-35.45041441441441,-164.9420990990991,1.0
0.9461547750003524,0.298668255044473,0.124853574929685,0.0,0.3213919563739074,-0.912805168919898,-0.2519800269292565,0.0,0.0387085536049239,0.2785390403907611,-0.9596445440140888,0.0,958.5213783783784,-35.366635135135134,-164.94205405405407,1.0
0.9461547750003524,0.298668255044473,0.124853574929685,0.0,0.3213919563739074,-0.912805168919898,-0.2519800269292565,0.0,0.0387085536049239,0.2785390403907611,-0.9596445440140888,0.0,958.5213963963964,-35.28285585585585,-164.942009009009,1.0
0.9461547750003524,0.298668255044473,0.124853574929685,0.0,0.3213919563739074,-0.912805168919898,-0.2519800269292565,0.0,0.0387085536049239,0.2785390403907611,-0.9596445440140888,0.0,958.5214144144144,-35.19907657657657,-164.941963963964,1.0
0.9461547750003524,0.298668255044473,0.124853574929685,0.0,0.3213919563739074,-0.912805168919898,-0.2519800269292565,0.0,0.0387085536049239,0.2785390403907611,-0.9596445440140888,0.0,958.5214324324324,-35.115297297297296,-164.94191891891893,1.0
0.9461547750003524,0.298668255044473,0.124853574929685,0.0,0.3213919563739074,-0.912805168919898,-0.2519800269292565,0.0,0.0387085536049239,0.2785390403907611,-0.9596445440140888,0.0,958.5214504504504,-35.03151801801801,-164.94187387387387,1.0
0.9461547750003524,0.298668255044473,0.124853574929685,0.0,0.3213919563739074,-0.912805168919898,-0.2519800269292565,0.0,0.0387085536049239,0.2785390403907611,-0.9596445440140888,0.0,958.5214684684684,-34.947738738738735,-164.94182882882885,1.0
0.9461547750003524,0.298668255044473,0.124853574929685,0.0,0.3213919563739074,-0.912805168919898,-0.2519800269292565,0.0,0.0387085536049239,0.2785390403907611,-0.9596445440140888,0.0,958.5214864864864,-34.86395945945946,-164.9417837837838,1.0
0.9461547750003524,0.298668255044473,0.124853574929685,0.0,0.3213919563739074,-0.912805168919898,-0.2519800269292565,0.0,0.0387085536049239,0.2785390403907611,-0.9596445440140888,0.0,958.5215045045044,-34.780180180180174,-164.94173873873874,1.0
0.9461547750003524,0.298668255044473,0.124853574929685,0.0,0.3213919563739074,-0.912805168919898,-0.2519800269292565,0.0,0.0387085536049239,0.2785390403907611,-0.9596445440140888,0.0,958.5215225225224,-34.6964009009009,-164.9416936936937,1.0
0.9461547750003524,0.298668255044473,0.124853574929685,0.0,0.3213919563739074,-0.912805168919898,-0.2519800269292565,0.0,0.0387085536049239,0.2785390403907611,-0.9596445440140888,0.0,958.5215405405404,-34.61262162162162,-164.94164864864865,1.0
0.9461547750003524,0.298668255044473,0.124853574929685,0.0,0.3213919563739074,-0.912805168919898,-0.2519800269292565,0.0,0.0387085536049239,0.2785390403907611,-0.9596445440140888,0.0,958.5215585585584,-34.52884234234234,-164.94160360360362,1.0
0.9461547750003524,0.298668255044473,0.124853574929685,0.0,0.3213919563739074,-0.912805168919898,-0.2519800269292565,0.0,0.0387085536049239,0.2785390403907611,-0.9596445440140888,0.0,958.5215765765764,-34.44506306306306,-164.94155855855857,1.0
0.9461547750003524,0.298668255044473,0.124853574929685,0.0,0.3213919563739074,-0.912805168919898,-0.2519800269292565,0.0,0.0387085536049239,0.2785390403907611,-0.9596445440140888,0.0,958.5215945945946,-34.36128378378378,-164.9415135135135,1.0
0.9461547750003524,0.298668255044473,0.124853574929685,0.0,0.3213919563739074,-0.912805168919898,-0.2519800269292565,0.0,0.0387085536049239,0.2785390403907611,-0.9596445440140888,0.0,958.5216126126126,-34.2775045045045,-164.94146846846849,1.0
0.9461547750003524,0.298668255044473,0.124853574929685,0.0,0.3213919563739074,-0.912805168919898,-0.2519800269292565,0.0,0.0387085536049239,0.2785390403907611,-0.9596445440140888,0.0,958.5216306306306,-34.19372522522522,-164.94142342342343,1.0
0.9461547750003524,0.298668255044473,0.124853574929685,0.0,0.3213919563739074,-0.912805168919898,-0.2519800269292565,0.0,0.0387085536049239,0.2785390403907611,-0.9596445440140888,0.0,958.5216486486486,-34.109945945945945,-164.94137837837835,1.0
0.9461547750003524,0.298668255044473,0.124853574929685,0.0,0.3213919563739074,-0.912805168919898,-0.2519800269292565,0.0,0.0387085536049239,0.2785390403907611,-0.9596445440140888,0.0,958.5216666666666,-34.02616666666666,-164.94133333333335,1.0
0.9461547750003524,0.298668255044473,0.124853574929685,0.0,0.3213919563739074,-0.912805168919898,-0.2519800269292565,0.0,0.0387085536049239,0.2785390403907611,-0.9596445440140888,0.0,958.5216846846846,-33.942387387387384,-164.9412882882883,1.0
0.9461547750003524,0.298668255044473,0.124853574929685,0.0,0.3213919563739074,-0.912805168919898,-0.2519800269292565,0.0,0.0387085536049239,0.2785390403907611,-0.9596445440140888,0.0,958.5217027027028,-33.85860810810811,-164.94124324324326,1.0
0.9461547750003524,0.298668255044473,0.124853574929685,0.0,0.3213919563739074,-0.912805168919898,-0.2519800269292565,0.0,0.0387085536049239,0.2785390403907611,-0.9596445440140888,0.0,958.5217207207209,-33.774828828828824,-164.9411981981982,1.0
0.9461547750003524,0.298668255044473,0.124853574929685,0.0,0.3213919563739074,-0.912805168919898,-0.2519800269292565,0.0,0.0387085536049239,0.2785390403907611,-0.9596445440140888,0.0,958.5217387387388,-33.69104954954955,-164.94115315315315,1.0
0.9461547750003524,0.298668255044473,0.124853574929685,0.0,0.3213919563739074,-0.912805168919898,-0.2519800269292565,0.0,0.0387085536049239,0.2785390403907611,-0.9596445440140888,0.0,958.5217567567568,-33.60727027027027,-164.94110810810812,1.0
0.9461547750003524,0.298668255044473,0.124853574929685,0.0,0.3213919563739074,-0.912805168919898,-0.2519800269292565,0.0,0.0387085536049239,0.2785390403907611,-0.9596445440140888,0.0,958.5217747747748,-33.523490990990986,-164.94106306306307,1.0
0.9461547750003524,0.298668255044473,0.124853574929685,0.0,0.3213919563739074,-0.912805168919898,-0.2519800269292565,0.0,0.0387085536049239,0.2785390403907611,-0.9596445440140888,0.0,958.5217927927928,-33.43971171171171,-164.941018018018,1.0
0.9461547750003524,0.298668255044473,0.124853574929685,0.0,0.3213919563739074,-0.912805168919898,-0.2519800269292565,0.0,0.0387085536049239,0.2785390403907611,-0.9596445440140888,0.0,958.5218108108108,-33.355932432432425,-164.940972972973,1.0
0.9461547750003524,0.298668255044473,0.124853574929685,0.0,0.3213919563739074,-0.912805168919898,-0.2519800269292565,0.0,0.0387085536049239,0.2785390403907611,-0.9596445440140888,0.0,958.5218288288288,-33.27215315315315,-164.94092792792793,1.0
0.9461547750003524,0.298668255044473,0.124853574929685,0.0,0.3213919563739074,-0.912805168919898,-0.2519800269292565,0.0,0.0387085536049239,0.2785390403907611,-0.9596445440140888,0.0,958.5218468468468,-33.18837387387387,-164.94088288288287,1.0
0.9461547750003524,0.298668255044473,0.124853574929685,0.0,0.3213919563739074,-0.912805168919898,-0.2519800269292565,0.0,0.0387085536049239,0.2785390403907611,-0.9596445440140888,0.0,958.5218648648648,-33.10459459459459,-164.94083783783785,1.0
0.9461547750003524,0.298668255044473,0.124853574929685,0.0,0.3213919563739074,-0.912805168919898,-0.2519800269292565,0.0,0.0387085536049239,0.2785390403907611,-0.9596445440140888,0.0,958.5218828828828,-33.02081531531531,-164.9407927927928,1.0
0.9461547750003524,0.298668255044473,0.124853574929685,0.0,0.3213919563739074,-0.912805168919898,-0.2519800269292565,0.0,0.0387085536049239,0.2785390403907611,-0.9596445440140888,0.0,958.5219009009008,-32.937036036036034,-164.94074774774776,1.0
0.9461547750003524,0.298668255044473,0.124853574929685,0.0,0.3213919563739074,-0.912805168919898,-0.2519800269292565,0.0,0.0387085536049239,0.2785390403907611,-0.9596445440140888,0.0,958.5219189189188,-32.85325675675675,-164.9407027027027,1.0
0.9461547750003524,0.298668255044473,0.124853574929685,0.0,0.3213919563739074,-0.912805168919898,-0.2519800269292565,0.0,0.0387085536049239,0.2785390403907611,-0.9596445440140888,0.0,958.5219369369368,-32.76947747747747,-164.94065765765765,1.0
0.9461547750003524,0.298668255044473,0.124853574929685,0.0,0.3213919563739074,-0.912805168919898,-0.2519800269292565,0.0,0.0387085536049239,0.2785390403907611,-0.9596445440140888,0.0,958.5219549549548,-32.6856981981982,-164.94061261261265,1.0
0.9461547750003524,0.298668255044473,0.124853574929685,0.0,0.3213919563739074,-0.912805168919898,-0.2519800269292565,0.0,0.0387085536049239,0.2785390403907611,-0.9596445440140888,0.0,958.5219729729728,-32.60191891891891,-164.94056756756757,1.0
0.9461547750003524,0.298668255044473,0.124853574929685,0.0,0.3213919563739074,-0.912805168919898,-0.2519800269292565,0.0,0.0387085536049239,0.2785390403907611,-0.9596445440140888,0.0,958.521990990991,-32.518139639639635,-164.9405225225225,1.0
0.9461547750003524,0.298668255044473,0.124853574929685,0.0,0.3213919563739074,-0.912805168919898,-0.2519800269292565,0.0,0.0387085536049239,0.2785390403907611,-0.9596445440140888,0.0,958.522009009009,-32.43436036036036,-164.9404774774775,1.0
0.9461547750003524,0.298668255044473,0.124853574929685,0.0,0.3213919563739074,-0.912805168919898,-0.2519800269292565,0.0,0.0387085536049239,0.2785390403907611,-0.9596445440140888,0.0,958.522027027027,-32.350581081081074,-164.94043243243243,1.0
0.9461547750003524,0.298668255044473,0.124853574929685,0.0,0.3213919563739074,-0.912805168919898,-0.2519800269292565,0.0,0.0387085536049239,0.2785390403907611,-0.9596445440140888,0.0,958.522045045045,-32.2668018018018,-164.9403873873874,1.0
0.9461547750003524,0.298668255044473,0.124853574929685,0.0,0.3213919563739074,-0.912805168919898,-0.2519800269292565,0.0,0.0387085536049239,0.2785390403907611,-0.9596445440140888,0.0,958.522063063063,-32.18302252252252,-164.94034234234235,1.0
0.9461547750003524,0.298668255044473,0.124853574929685,0.0,0.3213919563739074,-0.912805168919898,-0.2519800269292565,0.0,0.0387085536049239,0.2785390403907611,-0.9596445440140888,0.0,958.5220810810812,-32.09924324324324,-164.9402972972973,1.0
0.9461547750003524,0.298668255044473,0.124853574929685,0.0,0.3213919563739074,-0.912805168919898,-0.2519800269292565,0.0,0.0387085536049239,0.2785390403907611,-0.9596445440140888,0.0,958.522099099099,-32.01546396396396,-164.94025225225226,1.0
0.9461547750003524,0.298668255044473,0.124853574929685,0.0,0.3213919563739074,-0.912805168919898,-0.2519800269292565,0.0,0.0387085536049239,0.2785390403907611,-0.9596445440140888,0.0,958.5221171171172,-31.931684684684683,-164.9402072072072,1.0
0.9461547750003524,0.298668255044473,0.124853574929685,0.0,0.3213919563739074,-0.912805168919898,-0.2519800269292565,0.0,0.0387085536049239,0.2785390403907611,-0.9596445440140888,0.0,958.5221351351352,-31.8479054054054,-164.94016216216215,1.0
0.9461547750003524,0.298668255044473,0.124853574929685,0.0,0.3213919563739074,-0.912805168919898,-0.2519800269292565,0.0,0.0387085536049239,0.2785390403907611,-0.9596445440140888,0.0,958.5221531531532,-31.76412612612612,-164.94011711711713,1.0
0.9461547750003524,0.298668255044473,0.124853574929685,0.0,0.3213919563739074,-0.912805168919898,-0.2519800269292565,0.0,0.0387085536049239,0.2785390403907611,-0.9596445440140888,0.0,958.5221711711712,-31.68034684684684,-164.94007207207207,1.0
0.9461547750003524,0.298668255044473,0.124853574929685,0.0,0.3213919563739074,-0.912805168919898,-0.2519800269292565,0.0,0.0387085536049239,0.2785390403907611,-0.9596445440140888,0.0,958.5221891891892,-31.596567567567565,-164.94002702702704,1.0
0.9461547750003524,0.298668255044473,0.124853574929685,0.0,0.3213919563739074,-0.912805168919898,-0.2519800269292565,0.0,0.0387085536049239,0.2785390403907611,-0.9596445440140888,0.0,958.5222072072072,-31.512788288288284,-164.939981981982,1.0
0.9461547750003524,0.298668255044473,0.124853574929685,0.0,0.3213919563739074,-0.912805168919898,-0.2519800269292565,0.0,0.0387085536049239,0.2785390403907611,-0.9596445440140888,0.0,958.5222252252252,-31.429009009009008,-164.93993693693693,1.0
0.9461547750003524,0.298668255044473,0.124853574929685,0.0,0.3213919563739074,-0.912805168919898,-0.2519800269292565,0.0,0.0387085536049239,0.2785390403907611,-0.9596445440140888,0.0,958.5222432432432,-31.345229729729724,-164.9398918918919,1.0
0.9461547750003524,0.298668255044473,0.124853574929685,0.0,0.3213919563739074,-0.912805168919898,-0.2519800269292565,0.0,0.0387085536049239,0.2785390403907611,-0.9596445440140888,0.0,958.5222612612612,-31.261450450450447,-164.93984684684685,1.0
0.9461547750003524,0.298668255044473,0.124853574929685,0.0,0.3213919563739074,-0.912805168919898,-0.2519800269292565,0.0,0.0387085536049239,0.2785390403907611,-0.9596445440140888,0.0,958.5222792792792,-31.177671171171166,-164.9398018018018,1.0
0.9461547750003524,0.298668255044473,0.124853574929685,0.0,0.3213919563739074,-0.912805168919898,-0.2519800269292565,0.0,0.0387085536049239,0.2785390403907611,-0.9596445440140888,0.0,958.5222972972972,-31.09389189189189,-164.93975675675676,1.0
0.9461547750003524,0.298668255044473,0.124853574929685,0.0,0.3213919563739074,-0.912805168919898,-0.2519800269292565,0.0,0.0387085536049239,0.2785390403907611,-0.9596445440140888,0.0,958.5223153153152,-31.01011261261261,-164.9397117117117,1.0
0.9461547750003524,0.298668255044473,0.124853574929685,0.0,0.3213919563739074,-0.912805168919898,-0.2519800269292565,0.0,0.0387085536049239,0.2785390403907611,-0.9596445440140888,0.0,958.5223333333332,-30.92633333333333,-164.93966666666668,1.0
0.9461547750003524,0.298668255044473,0.124853574929685,0.0,0.3213919563739074,-0.912805168919898,-0.2519800269292565,0.0,0.0387085536049239,0.2785390403907611,-0.9596445440140888,0.0,958.5223513513512,-30.842554054054048,-164.93962162162163,1.0
0.9461547750003524,0.298668255044473,0.124853574929685,0.0,0.3213919563739074,-0.912805168919898,-0.2519800269292565,0.0,0.0387085536049239,0.2785390403907611,-0.9596445440140888,0.0,958.5223693693694,-30.75877477477477,-164.93957657657657,1.0
0.9461547750003524,0.298668255044473,0.124853574929685,0.0,0.3213919563739074,-0.912805168919898,-0.2519800269292565,0.0,0.0387085536049239,0.2785390403907611,-0.9596445440140888,0.0,958.5223873873872,-30.67499549549549,-164.93953153153154,1.0
0.9461547750003524,0.298668255044473,0.124853574929685,0.0,0.3213919563739074,-0.912805168919898,-0.2519800269292565,0.0,0.0387085536049239,0.2785390403907611,-0.9596445440140888,0.0,958.5224054054054,-30.59121621621621,-164.9394864864865,1.0
0.9461547750003524,0.298668255044473,0.124853574929685,0.0,0.3213919563739074,-0.912805168919898,-0.2519800269292565,0.0,0.0387085536049239,0.2785390403907611,-0.9596445440140888,0.0,958.5224234234234,-30.507436936936934,-164.93944144144143,1.0
0.9461547750003524,0.298668255044473,0.124853574929685,0.0,0.3213919563739074,-0.912805168919898,-0.2519800269292565,0.0,0.0387085536049239,0.2785390403907611,-0.9596445440140888,0.0,958.5224414414414,-30.423657657657653,-164.9393963963964,1.0
0.9461547750003524,0.298668255044473,0.124853574929685,0.0,0.3213919563739074,-0.912805168919898,-0.2519800269292565,0.0,0.0387085536049239,0.2785390403907611,-0.9596445440140888,0.0,958.5224594594596,-30.339878378378373,-164.93935135135135,1.0
0.9461547750003524,0.298668255044473,0.124853574929685,0.0,0.3213919563739074,-0.912805168919898,-0.2519800269292565,0.0,0.0387085536049239,0.2785390403907611,-0.9596445440140888,0.0,958.5224774774774,-30.256099099099096,-164.9393063063063,1.0
0.9461547750003524,0.298668255044473,0.124853574929685,0.0,0.3213919563739074,-0.912805168919898,-0.2519800269292565,0.0,0.0387085536049239,0.2785390403907611,-0.9596445440140888,0.0,958.5224954954956,-30.17231981981981,-164.9392612612613,1.0
0.9461547750003524,0.298668255044473,0.124853574929685,0.0,0.3213919563739074,-0.912805168919898,-0.2519800269292565,0.0,0.0387085536049239,0.2785390403907611,-0.9596445440140888,0.0,958.5225135135134,-30.08854054054053,-164.9392162162162,1.0
0.9461547750003524,0.298668255044473,0.124853574929685,0.0,0.3213919563739074,-0.912805168919898,-0.2519800269292565,0.0,0.0387085536049239,0.2785390403907611,-0.9596445440140888,0.0,958.5225315315316,-30.004761261261255,-164.93917117117118,1.0
0.9461547750003524,0.298668255044473,0.124853574929685,0.0,0.3213919563739074,-0.912805168919898,-0.2519800269292565,0.0,0.0387085536049239,0.2785390403907611,-0.9596445440140888,0.0,958.5225495495496,-29.920981981981974,-164.93912612612613,1.0
0.9461547750003524,0.298668255044473,0.124853574929685,0.0,0.3213919563739074,-0.912805168919898,-0.2519800269292565,0.0,0.0387085536049239,0.2785390403907611,-0.9596445440140888,0.0,958.5225675675676,-29.837202702702697,-164.93908108108107,1.0
0.9461547750003524,0.298668255044473,0.124853574929685,0.0,0.3213919563739074,-0.912805168919898,-0.2519800269292565,0.0,0.0387085536049239,0.2785390403907611,-0.9596445440140888,0.0,958.5225855855856,-29.75342342342342,-164.93903603603604,1.0
0.9461547750003524,0.298668255044473,0.124853574929685,0.0,0.3213919563739074,-0.912805168919898,-0.2519800269292565,0.0,0.0387085536049239,0.2785390403907611,-0.9596445440140888,0.0,958.5226036036036,-29.66964414414414,-164.938990990991,1.0
0.9461547750003524,0.298668255044473,0.124853574929685,0.0,0.3213919563739074,-0.912805168919898,-0.2519800269292565,0.0,0.0387085536049239,0.2785390403907611,-0.9596445440140888,0.0,958.5226216216216,-29.58586486486486,-164.93894594594593,1.0
0.9461547750003524,0.298668255044473,0.124853574929685,0.0,0.3213919563739074,-0.912805168919898,-0.2519800269292565,0.0,0.0387085536049239,0.2785390403907611,-0.9596445440140888,0.0,958.5226396396396,-29.502085585585583,-164.9389009009009,1.0
0.9461547750003524,0.298668255044473,0.124853574929685,0.0,0.3213919563739074,-0.912805168919898,-0.2519800269292565,0.0,0.0387085536049239,0.2785390403907611,-0.9596445440140888,0.0,958.5226576576576,-29.418306306306302,-164.93885585585585,1.0
0.9461547750003524,0.298668255044473,0.124853574929685,0.0,0.3213919563739074,-0.912805168919898,-0.2519800269292565,0.0,0.0387085536049239,0.2785390403907611,-0.9596445440140888,0.0,958.5226756756756,-29.334527027027026,-164.93881081081082,1.0
0.9461547750003524,0.298668255044473,0.124853574929685,0.0,0.3213919563739074,-0.912805168919898,-0.2519800269292565,0.0,0.0387085536049239,0.2785390403907611,-0.9596445440140888,0.0,958.5226936936936,-29.25074774774774,-164.93876576576577,1.0
0.9461547750003524,0.298668255044473,0.124853574929685,0.0,0.3213919563739074,-0.912805168919898,-0.2519800269292565,0.0,0.0387085536049239,0.2785390403907611,-0.9596445440140888,0.0,958.5227117117116,-29.16696846846846,-164.9387207207207,1.0
0.9461547750003524,0.298668255044473,0.124853574929685,0.0,0.3213919563739074,-0.912805168919898,-0.2519800269292565,0.0,0.0387085536049239,0.2785390403907611,-0.9596445440140888,0.0,958.5227297297296,-29.083189189189184,-164.93867567567568,1.0
0.9461547750003524,0.298668255044473,0.124853574929685,0.0,0.3213919563739074,-0.912805168919898,-0.2519800269292565,0.0,0.0387085536049239,0.2785390403907611,-0.9596445440140888,0.0,958.5227477477478,-28.999409909909904,-164.93863063063063,1.0
0.9461547750003524,0.298668255044473,0.124853574929685,0.0,0.3213919563739074,-0.912805168919898,-0.2519800269292565,0.0,0.0387085536049239,0.2785390403907611,-0.9596445440140888,0.0,958.5227657657656,-28.915630630630623,-164.93858558558557,1.0
0.9461547750003524,0.298668255044473,0.124853574929685,0.0,0.3213919563739074,-0.912805168919898,-0.2519800269292565,0.0,0.0387085536049239,0.2785390403907611,-0.9596445440140888,0.0,958.5227837837838,-28.831851351351347,-164.93854054054054,1.0
0.9461547750003524,0.298668255044473,0.124853574929685,0.0,0.3213919563739074,-0.912805168919898,-0.2519800269292565,0.0,0.0387085536049239,0.2785390403907611,-0.9596445440140888,0.0,958.5228018018016,-28.748072072072063,-164.9384954954955,1.0
0.9461547750003524,0.298668255044473,0.124853574929685,0.0,0.3213919563739074,-0.912805168919898,-0.2519800269292565,0.0,0.0387085536049239,0.2785390403907611,-0.9596445440140888,0.0,958.5228198198198,-28.664292792792786,-164.93845045045046,1.0
0.9461547750003524,0.298668255044473,0.124853574929685,0.0,0.3213919563739074,-0.912805168919898,-0.2519800269292565,0.0,0.0387085536049239,0.2785390403907611,-0.9596445440140888,0.0,958.522837837838,-28.58051351351351,-164.9384054054054,1.0
0.9461547750003524,0.298668255044473,0.124853574929685,0.0,0.3213919563739074,-0.912805168919898,-0.2519800269292565,0.0,0.0387085536049239,0.2785390403907611,-0.9596445440140888,0.0,958.5228558558558,-28.496734234234232,-164.93836036036035,1.0
0.9461547750003524,0.298668255044473,0.124853574929685,0.0,0.3213919563739074,-0.912805168919898,-0.2519800269292565,0.0,0.0387085536049239,0.2785390403907611,-0.9596445440140888,0.0,958.522873873874,-28.412954954954948,-164.93831531531532,1.0
0.9461547750003524,0.298668255044473,0.124853574929685,0.0,0.3213919563739074,-0.912805168919898,-0.2519800269292565,0.0,0.0387085536049239,0.2785390403907611,-0.9596445440140888,0.0,958.5228918918918,-28.32917567567567,-164.93827027027027,1.0
0.9461547750003524,0.298668255044473,0.124853574929685,0.0,0.3213919563739074,-0.912805168919898,-0.2519800269292565,0.0,0.0387085536049239,0.2785390403907611,-0.9596445440140888,0.0,958.52290990991,-28.24539639639639,-164.9382252252252,1.0
0.9461547750003524,0.298668255044473,0.124853574929685,0.0,0.3213919563739074,-0.912805168919898,-0.2519800269292565,0.0,0.0387085536049239,0.2785390403907611,-0.9596445440140888,0.0,958.522927927928,-28.16161711711711,-164.93818018018018,1.0
0.9461547750003524,0.298668255044473,0.124853574929685,0.0,0.3213919563739074,-0.912805168919898,-0.2519800269292565,0.0,0.0387085536049239,0.2785390403907611,-0.9596445440140888,0.0,958.522945945946,-28.077837837837837,-164.93813513513513,1.0
0.9461547750003524,0.298668255044473,0.124853574929685,0.0,0.3213919563739074,-0.912805168919898,-0.2519800269292565,0.0,0.0387085536049239,0.2785390403907611,-0.9596445440140888,0.0,958.522963963964,-27.994058558558557,-164.9380900900901,1.0
0.9461547750003524,0.298668255044473,0.124853574929685,0.0,0.3213919563739074,-0.912805168919898,-0.2519800269292565,0.0,0.0387085536049239,0.2785390403907611,-0.9596445440140888,0.0,958.522981981982,-27.910279279279276,-164.93804504504504,1.0
0.9461547750003524,0.298668255044473,0.124853574929685,0.0,0.3213919563739074,-0.912805168919898,-0.2519800269292565,0.0,0.0387085536049239,0.2785390403907611,-0.9596445440140888,0.0,958.523,-27.8265,-164.938,1.0
0.9461547750003524,0.298668255044473,0.124853574929685,0.0,0.3213919563739074,-0.912805168919898,-0.2519800269292565,0.0,0.0387085536049239,0.2785390403907611,-0.9596445440140888,0.0,958.523018018018,-27.742720720720715,-164.93795495495496,1.0
0.9461547750003524,0.298668255044473,0.124853574929685,0.0,0.3213919563739074,-0.912805168919898,-0.2519800269292565,0.0,0.0387085536049239,0.2785390403907611,-0.9596445440140888,0.0,958.523036036036,-27.658941441441435,-164.9379099099099,1.0
0.9461547750003524,0.298668255044473,0.124853574929685,0.0,0.3213919563739074,-0.912805168919898,-0.2519800269292565,0.0,0.0387085536049239,0.2785390403907611,-0.9596445440140888,0.0,958.523054054054,-27.57516216216216,-164.93786486486485,1.0
0.9461547750003524,0.298668255044473,0.124853574929685,0.0,0.3213919563739074,-0.912805168919898,-0.2519800269292565,0.0,0.0387085536049239,0.2785390403907611,-0.9596445440140888,0.0,958.523072072072,-27.49138288288288,-164.93781981981982,1.0
0.9461547750003524,0.298668255044473,0.124853574929685,0.0,0.3213919563739074,-0.912805168919898,-0.2519800269292565,0.0,0.0387085536049239,0.2785390403907611,-0.9596445440140888,0.0,958.52309009009,-27.4076036036036,-164.93777477477477,1.0
0.9461547750003524,0.298668255044473,0.124853574929685,0.0,0.3213919563739074,-0.912805168919898,-0.2519800269292565,0.0,0.0387085536049239,0.2785390403907611,-0.9596445440140888,0.0,958.523108108108,-27.32382432432432,-164.93772972972974,1.0
0.9461547750003524,0.298668255044473,0.124853574929685,0.0,0.3213919563739074,-0.912805168919898,-0.2519800269292565,0.0,0.0387085536049239,0.2785390403907611,-0.9596445440140888,0.0,958.5231261261262,-27.24004504504504,-164.93768468468468,1.0
0.9461547750003524,0.298668255044473,0.124853574929685,0.0,0.3213919563739074,-0.912805168919898,-0.2519800269292565,0.0,0.0387085536049239,0.2785390403907611,-0.9596445440140888,0.0,958.523144144144,-27.15626576576576,-164.93763963963963,1.0
0.9461547750003524,0.298668255044473,0.124853574929685,0.0,0.3213919563739074,-0.912805168919898,-0.2519800269292565,0.0,0.0387085536049239,0.2785390403907611,-0.9596445440140888,0.0,958.5231621621622,-27.07248648648648,-164.9375945945946,1.0
0.9461547750003524,0.298668255044473,0.124853574929685,0.0,0.3213919563739074,-0.912805168919898,-0.2519800269292565,0.0,0.0387085536049239,0.2785390403907611,-0.9596445440140888,0.0,958.52318018018,-26.9887072072072,-164.93754954954954,1.0
0.9461547750003524,0.298668255044473,0.124853574929685,0.0,0.3213919563739074,-0.912805168919898,-0.2519800269292565,0.0,0.0387085536049239,0.2785390403907611,-0.9596445440140888,0.0,958.5231981981982,-26.90492792792792,-164.9375045045045,1.0
0.9461547750003524,0.298668255044473,0.124853574929685,0.0,0.3213919563739074,-0.912805168919898,-0.2519800269292565,0.0,0.0387085536049239,0.2785390403907611,-0.9596445440140888,0.0,958.5232162162162,-26.821148648648645,-164.93745945945946,1.0
0.9461547750003524,0.298668255044473,0.124853574929685,0.0,0.3213919563739074,-0.912805168919898,-0.2519800269292565,0.0,0.0387085536049239,0.2785390403907611,-0.9596445440140888,0.0,958.5232342342342,-26.737369369369365,-164.9374144144144,1.0
0.9461547750003524,0.298668255044473,0.124853574929685,0.0,0.3213919563739074,-0.912805168919898,-0.2519800269292565,0.0,0.0387085536049239,0.2785390403907611,-0.9596445440140888,0.0,958.5232522522522,-26.653590090090084,-164.93736936936935,1.0
0.9461547750003524,0.298668255044473,0.124853574929685,0.0,0.3213919563739074,-0.912805168919898,-0.2519800269292565,0.0,0.0387085536049239,0.2785390403907611,-0.9596445440140888,0.0,958.5232702702702,-26.569810810810804,-164.93732432432432,1.0
0.9461547750003524,0.298668255044473,0.124853574929685,0.0,0.3213919563739074,-0.912805168919898,-0.2519800269292565,0.0,0.0387085536049239,0.2785390403907611,-0.9596445440140888,0.0,958.5232882882884,-26.486031531531523,-164.93727927927927,1.0
0.9461547750003524,0.298668255044473,0.124853574929685,0.0,0.3213919563739074,-0.912805168919898,-0.2519800269292565,0.0,0.0387085536049239,0.2785390403907611,-0.9596445440140888,0.0,958.5233063063064,-26.402252252252246,-164.93723423423424,1.0
0.9461547750003524,0.298668255044473,0.124853574929685,0.0,0.3213919563739074,-0.912805168919898,-0.2519800269292565,0.0,0.0387085536049239,0.2785390403907611,-0.9596445440140888,0.0,958.5233243243244,-26.31847297297297,-164.93718918918918,1.0
0.9461547750003524,0.298668255044473,0.124853574929685,0.0,0.3213919563739074,-0.912805168919898,-0.2519800269292565,0.0,0.0387085536049239,0.2785390403907611,-0.9596445440140888,0.0,958.5233423423424,-26.23469369369369,-164.93714414414413,1.0
0.9461547750003524,0.298668255044473,0.124853574929685,0.0,0.3213919563739074,-0.912805168919898,-0.2519800269292565,0.0,0.0387085536049239,0.2785390403907611,-0.9596445440140888,0.0,958.5233603603604,-26.15091441441441,-164.9370990990991,1.0
0.9461547750003524,0.298668255044473,0.124853574929685,0.0,0.3213919563739074,-0.912805168919898,-0.2519800269292565,0.0,0.0387085536049239,0.2785390403907611,-0.9596445440140888,0.0,958.5233783783784,-26.06713513513513,-164.93705405405404,1.0
0.9461547750003524,0.298668255044473,0.124853574929685,0.0,0.3213919563739074,-0.912805168919898,-0.2519800269292565,0.0,0.0387085536049239,0.2785390403907611,-0.9596445440140888,0.0,958.5233963963964,-25.983355855855848,-164.937009009009,1.0
0.9461547750003524,0.298668255044473,0.124853574929685,0.0,0.3213919563739074,-0.912805168919898,-0.2519800269292565,0.0,0.0387085536049239,0.2785390403907611,-0.9596445440140888,0.0,958.5234144144144,-25.89957657657657,-164.93696396396396,1.0
0.9461547750003524,0.298668255044473,0.124853574929685,0.0,0.3213919563739074,-0.912805168919898,-0.2519800269292565,0.0,0.0387085536049239,0.2785390403907611,-0.9596445440140888,0.0,958.5234324324324,-25.81579729729729,-164.9369189189189,1.0
0.9461547750003524,0.298668255044473,0.124853574929685,0.0,0.3213919563739074,-0.912805168919898,-0.2519800269292565,0.0,0.0387085536049239,0.2785390403907611,-0.9596445440140888,0.0,958.5234504504504,-25.73201801801801,-164.93687387387388,1.0
0.9461547750003524,0.298668255044473,0.124853574929685,0.0,0.3213919563739074,-0.912805168919898,-0.2519800269292565,0.0,0.0387085536049239,0.2785390403907611,-0.9596445440140888,0.0,958.5234684684684,-25.648238738738733,-164.93682882882882,1.0
0.9461547750003524,0.298668255044473,0.124853574929685,0.0,0.3213919563739074,-0.912805168919898,-0.2519800269292565,0.0,0.0387085536049239,0.2785390403907611,-0.9596445440140888,0.0,958.5234864864864,-25.564459459459453,-164.93678378378377,1.0
0.9461547750003524,0.298668255044473,0.124853574929685,0.0,0.3213919563739074,-0.912805168919898,-0.2519800269292565,0.0,0.0387085536049239,0.2785390403907611,-0.9596445440140888,0.0,958.5235045045044,-25.480680180180173,-164.93673873873874,1.0
0.9461547750003524,0.298668255044473,0.124853574929685,0.0,0.3213919563739074,-0.912805168919898,-0.2519800269292565,0.0,0.0387085536049239,0.2785390403907611,-0.9596445440140888,0.0,958.5235225225224,-25.396900900900896,-164.93669369369368,1.0
0.9461547750003524,0.298668255044473,0.124853574929685,0.0,0.3213919563739074,-0.912805168919898,-0.2519800269292565,0.0,0.0387085536049239,0.2785390403907611,-0.9596445440140888,0.0,958.5235405405406,-25.31312162162161,-164.93664864864863,1.0
0.9461547750003524,0.298668255044473,0.124853574929685,0.0,0.3213919563739074,-0.912805168919898,-0.2519800269292565,0.0,0.0387085536049239,0.2785390403907611,-0.9596445440140888,0.0,958.5235585585584,-25.22934234234233,-164.9366036036036,1.0
0.9461547750003524,0.298668255044473,0.124853574929685,0.0,0.3213919563739074,-0.912805168919898,-0.2519800269292565,0.0,0.0387085536049239,0.2785390403907611,-0.9596445440140888,0.0,958.5235765765766,-25.145563063063054,-164.93655855855854,1.0
0.9461547750003524,0.298668255044473,0.124853574929685,0.0,0.3213919563739074,-0.912805168919898,-0.2519800269292565,0.0,0.0387085536049239,0.2785390403907611,-0.9596445440140888,0.0,958.5235945945946,-25.061783783783778,-164.93651351351352,1.0
0.9461547750003524,0.298668255044473,0.124853574929685,0.0,0.3213919563739074,-0.912805168919898,-0.2519800269292565,0.0,0.0387085536049239,0.2785390403907611,-0.9596445440140888,0.0,958.5236126126126,-24.978004504504497,-164.93646846846846,1.0
0.9461547750003524,0.298668255044473,0.124853574929685,0.0,0.3213919563739074,-0.912805168919898,-0.2519800269292565,0.0,0.0387085536049239,0.2785390403907611,-0.9596445440140888,0.0,958.5236306306306,-24.894225225225217,-164.9364234234234,1.0
0.9461547750003524,0.298668255044473,0.124853574929685,0.0,0.3213919563739074,-0.912805168919898,-0.2519800269292565,0.0,0.0387085536049239,0.2785390403907611,-0.9596445440140888,0.0,958.5236486486486,-24.81044594594594,-164.93637837837838,1.0
0.9461547750003524,0.298668255044473,0.124853574929685,0.0,0.3213919563739074,-0.912805168919898,-0.2519800269292565,0.0,0.0387085536049239,0.2785390403907611,-0.9596445440140888,0.0,958.5236666666666,-24.72666666666666,-164.93633333333332,1.0
0.9461547750003524,0.298668255044473,0.124853574929685,0.0,0.3213919563739074,-0.912805168919898,-0.2519800269292565,0.0,0.0387085536049239,0.2785390403907611,-0.9596445440140888,0.0,958.5236846846848,-24.642887387387383,-164.93628828828827,1.0
0.9461547750003524,0.298668255044473,0.124853574929685,0.0,0.3213919563739074,-0.912805168919898,-0.2519800269292565,0.0,0.0387085536049239,0.2785390403907611,-0.9596445440140888,0.0,958.5237027027028,-24.5591081081081,-164.93624324324324,1.0
0.9461547750003524,0.298668255044473,0.124853574929685,0.0,0.3213919563739074,-0.912805168919898,-0.2519800269292565,0.0,0.0387085536049239,0.2785390403907611,-0.9596445440140888,0.0,958.5237207207208,-24.47532882882882,-164.93619819819818,1.0
0.9461547750003524,0.298668255044473,0.124853574929685,0.0,0.3213919563739074,-0.912805168919898,-0.2519800269292565,0.0,0.0387085536049239,0.2785390403907611,-0.9596445440140888,0.0,958.5237387387388,-24.391549549549545,-164.93615315315316,1.0
0.9461547750003524,0.298668255044473,0.124853574929685,0.0,0.3213919563739074,-0.912805168919898,-0.2519800269292565,0.0,0.0387085536049239,0.2785390403907611,-0.9596445440140888,0.0,958.5237567567568,-24.307770270270264,-164.9361081081081,1.0
0.9461547750003524,0.298668255044473,0.124853574929685,0.0,0.3213919563739074,-0.912805168919898,-0.2519800269292565,0.0,0.0387085536049239,0.2785390403907611,-0.9596445440140888,0.0,958.5237747747748,-24.223990990990984,-164.93606306306305,1.0
0.9461547750003524,0.298668255044473,0.124853574929685,0.0,0.3213919563739074,-0.912805168919898,-0.2519800269292565,0.0,0.0387085536049239,0.2785390403907611,-0.9596445440140888,0.0,958.5237927927928,-24.140211711711707,-164.93601801801802,1.0
0.9461547750003524,0.298668255044473,0.124853574929685,0.0,0.3213919563739074,-0.912805168919898,-0.2519800269292565,0.0,0.0387085536049239,0.2785390403907611,-0.9596445440140888,0.0,958.5238108108108,-24.056432432432423,-164.93597297297296,1.0
0.9461547750003524,0.298668255044473,0.124853574929685,0.0,0.3213919563739074,-0.912805168919898,-0.2519800269292565,0.0,0.0387085536049239,0.2785390403907611,-0.9596445440140888,0.0,958.5238288288288,-23.972653153153143,-164.9359279279279,1.0
0.9461547750003524,0.298668255044473,0.124853574929685,0.0,0.3213919563739074,-0.912805168919898,-0.2519800269292565,0.0,0.0387085536049239,0.2785390403907611,-0.9596445440140888,0.0,958.5238468468468,-23.888873873873862,-164.93588288288288,1.0
0.9461547750003524,0.298668255044473,0.124853574929685,0.0,0.3213919563739074,-0.912805168919898,-0.2519800269292565,0.0,0.0387085536049239,0.2785390403907611,-0.9596445440140888,0.0,958.5238648648648,-23.805094594594586,-164.93583783783782,1.0
0.9461547750003524,0.298668255044473,0.124853574929685,0.0,0.3213919563739074,-0.912805168919898,-0.2519800269292565,0.0,0.0387085536049239,0.2785390403907611,-0.9596445440140888,0.0,958.5238828828828,-23.72131531531531,-164.93579279279277,1.0
0.9461547750003524,0.298668255044473,0.124853574929685,0.0,0.3213919563739074,-0.912805168919898,-0.2519800269292565,0.0,0.0387085536049239,0.2785390403907611,-0.9596445440140888,0.0,958.5239009009008,-23.63753603603603,-164.93574774774774,1.0
0.9461547750003524,0.298668255044473,0.124853574929685,0.0,0.3213919563739074,-0.912805168919898,-0.2519800269292565,0.0,0.0387085536049239,0.2785390403907611,-0.9596445440140888,0.0,958.5239189189188,-23.553756756756748,-164.93570270270268,1.0
0.9461547750003524,0.298668255044473,0.124853574929685,0.0,0.3213919563739074,-0.912805168919898,-0.2519800269292565,0.0,0.0387085536049239,0.2785390403907611,-0.9596445440140888,0.0,958.5239369369368,-23.46997747747747,-164.93565765765766,1.0
0.9461547750003524,0.298668255044473,0.124853574929685,0.0,0.3213919563739074,-0.912805168919898,-0.2519800269292565,0.0,0.0387085536049239,0.2785390403907611,-0.9596445440140888,0.0,958.5239549549548,-23.38619819819819,-164.9356126126126,1.0
0.9461547750003524,0.298668255044473,0.124853574929685,0.0,0.3213919563739074,-0.912805168919898,-0.2519800269292565,0.0,0.0387085536049239,0.2785390403907611,-0.9596445440140888,0.0,958.523972972973,-23.30241891891891,-164.93556756756757,1.0
0.9461547750003524,0.298668255044473,0.124853574929685,0.0,0.3213919563739074,-0.912805168919898,-0.2519800269292565,0.0,0.0387085536049239,0.2785390403907611,-0.9596445440140888,0.0,958.523990990991,-23.21863963963963,-164.93552252252252,1.0
0.9461547750003524,0.298668255044473,0.124853574929685,0.0,0.3213919563739074,-0.912805168919898,-0.2519800269292565,0.0,0.0387085536049239,0.2785390403907611,-0.9596445440140888,0.0,958.524009009009,-23.13486036036036,-164.93547747747746,1.0
0.9461547750003524,0.298668255044473,0.124853574929685,0.0,0.3213919563739074,-0.912805168919898,-0.2519800269292565,0.0,0.0387085536049239,0.2785390403907611,-0.9596445440140888,0.0,958.5210547945204,-23.08272602739726,-164.94286301369866,1.0
0.9461547750003524,0.298668255044473,0.124853574929685,0.0,0.3213919563739074,-0.912805168919898,-0.2519800269292565,0.0,0.0387085536049239,0.2785390403907611,-0.9596445440140888,0.0,958.5211095890412,-23.01945205479452,-164.94272602739727,1.0
0.9461547750003524,0.298668255044473,0.124853574929685,0.0,0.3213919563739074,-0.912805168919898,-0.2519800269292565,0.0,0.0387085536049239,0.2785390403907611,-0.9596445440140888,0.0,958.5211643835617,-22.95617808219178,-164.9425890410959,1.0
0.9461547750003524,0.298668255044473,0.124853574929685,0.0,0.3213919563739074,-0.912805168919898,-0.2519800269292565,0.0,0.0387085536049239,0.2785390403907611,-0.9596445440140888,0.0,958.521219178082,-22.89290410958904,-164.94245205479453,1.0
0.9461547750003524,0.298668255044473,0.124853574929685,0.0,0.3213919563739074,-0.912805168919898,-0.2519800269292565,0.0,0.0387085536049239,0.2785390403907611,-0.9596445440140888,0.0,958.5212739726028,-22.829630136986296,-164.94231506849317,1.0
0.9461547750003524,0.298668255044473,0.124853574929685,0.0,0.3213919563739074,-0.912805168919898,-0.2519800269292565,0.0,0.0387085536049239,0.2785390403907611,-0.9596445440140888,0.0,958.5213287671232,-22.76635616438356,-164.9421780821918,1.0
0.9461547750003524,0.298668255044473,0.124853574929685,0.0,0.3213919563739074,-0.912805168919898,-0.2519800269292565,0.0,0.0387085536049239,0.2785390403907611,-0.9596445440140888,0.0,958.5213835616438,-22.703082191780812,-164.94204109589043,1.0
0.9461547750003524,0.298668255044473,0.124853574929685,0.0,0.3213919563739074,-0.912805168919898,-0.2519800269292565,0.0,0.0387085536049239,0.2785390403907611,-0.9596445440140888,0.0,958.5214383561644,-22.639808219178075,-164.94190410958905,1.0
0.9461547750003524,0.298668255044473,0.124853574929685,0.0,0.3213919563739074,-0.912805168919898,-0.2519800269292565,0.0,0.0387085536049239,0.2785390403907611,-0.9596445440140888,0.0,958.5214931506848,-22.57653424657533,-164.9417671232877,1.0
0.9461547750003524,0.298668255044473,0.124853574929685,0.0,0.3213919563739074,-0.912805168919898,-0.2519800269292565,0.0,0.0387085536049239,0.2785390403907611,-0.9596445440140888,0.0,958.5215479452056,-22.513260273972595,-164.9416301369863,1.0
0.9461547750003524,0.298668255044473,0.124853574929685,0.0,0.3213919563739074,-0.912805168919898,-0.2519800269292565,0.0,0.0387085536049239,0.2785390403907611,-0.9596445440140888,0.0,958.521602739726,-22.44998630136985,-164.94149315068495,1.0
0.9461547750003524,0.298668255044473,0.124853574929685,0.0,0.3213919563739074,-0.912805168919898,-0.2519800269292565,0.0,0.0387085536049239,0.2785390403907611,-0.9596445440140888,0.0,958.5216575342464,-22.386712328767118,-164.94135616438356,1.0
0.9461547750003524,0.298668255044473,0.124853574929685,0.0,0.3213919563739074,-0.912805168919898,-0.2519800269292565,0.0,0.0387085536049239,0.2785390403907611,-0.9596445440140888,0.0,958.5217123287672,-22.32343835616437,-164.9412191780822,1.0
0.9461547750003524,0.298668255044473,0.124853574929685,0.0,0.3213919563739074,-0.912805168919898,-0.2519800269292565,0.0,0.0387085536049239,0.2785390403907611,-0.9596445440140888,0.0,958.5217671232876,-22.26016438356163,-164.94108219178082,1.0
0.9461547750003524,0.298668255044473,0.124853574929685,0.0,0.3213919563739074,-0.912805168919898,-0.2519800269292565,0.0,0.0387085536049239,0.2785390403907611,-0.9596445440140888,0.0,958.5218219178082,-22.19689041095889,-164.9409452054795,1.0
0.9461547750003524,0.298668255044473,0.124853574929685,0.0,0.3213919563739074,-0.912805168919898,-0.2519800269292565,0.0,0.0387085536049239,0.2785390403907611,-0.9596445440140888,0.0,958.5218767123288,-22.13361643835615,-164.94080821917808,1.0
0.9461547750003524,0.298668255044473,0.124853574929685,0.0,0.3213919563739074,-0.912805168919898,-0.2519800269292565,0.0,0.0387085536049239,0.2785390403907611,-0.9596445440140888,0.0,958.5219315068492,-22.07034246575341,-164.94067123287672,1.0
0.9461547750003524,0.298668255044473,0.124853574929685,0.0,0.3213919563739074,-0.912805168919898,-0.2519800269292565,0.0,0.0387085536049239,0.2785390403907611,-0.9596445440140888,0.0,958.5219863013698,-22.00706849315067,-164.94053424657534,1.0
0.9461547750003524,0.298668255044473,0.124853574929685,0.0,0.3213919563739074,-0.912805168919898,-0.2519800269292565,0.0,0.0387085536049239,0.2785390403907611,-0.9596445440140888,0.0,958.5220410958904,-21.94379452054793,-164.94039726027398,1.0
0.9461547750003524,0.298668255044473,0.124853574929685,0.0,0.3213919563739074,-0.912805168919898,-0.2519800269292565,0.0,0.0387085536049239,0.2785390403907611,-0.9596445440140888,0.0,958.5220958904108,-21.88052054794519,-164.9402602739726,1.0
0.9461547750003524,0.298668255044473,0.124853574929685,0.0,0.3213919563739074,-0.912805168919898,-0.2519800269292565,0.0,0.0387085536049239,0.2785390403907611,-0.9596445440140888,0.0,958.5221506849316,-21.817246575342445,-164.94012328767124,1.0
0.9461547750003524,0.298668255044473,0.124853574929685,0.0,0.3213919563739074,-0.912805168919898,-0.2519800269292565,0.0,0.0387085536049239,0.2785390403907611,-0.9596445440140888,0.0,958.522205479452,-21.753972602739704,-164.93998630136986,1.0
0.9461547750003524,0.298668255044473,0.124853574929685,0.0,0.3213919563739074,-0.912805168919898,-0.2519800269292565,0.0,0.0387085536049239,0.2785390403907611,-0.9596445440140888,0.0,958.5222602739726,-21.690698630136964,-164.9398493150685,1.0
0.9461547750003524,0.298668255044473,0.124853574929685,0.0,0.3213919563739074,-0.912805168919898,-0.2519800269292565,0.0,0.0387085536049239,0.2785390403907611,-0.9596445440140888,0.0,958.5223150684932,-21.627424657534224,-164.93971232876711,1.0
0.9461547750003524,0.298668255044473,0.124853574929685,0.0,0.3213919563739074,-0.912805168919898,-0.2519800269292565,0.0,0.0387085536049239,0.2785390403907611,-0.9596445440140888,0.0,958.5223698630136,-21.564150684931484,-164.93957534246576,1.0
0.9461547750003524,0.298668255044473,0.124853574929685,0.0,0.3213919563739074,-0.912805168919898,-0.2519800269292565,0.0,0.0387085536049239,0.2785390403907611,-0.9596445440140888,0.0,958.5224246575342,-21.500876712328743,-164.93943835616437,1.0
0.9461547750003524,0.298668255044473,0.124853574929685,0.0,0.3213919563739074,-0.912805168919898,-0.2519800269292565,0.0,0.0387085536049239,0.2785390403907611,-0.9596445440140888,0.0,958.5224794520548,-21.437602739726003,-164.93930136986302,1.0
0.9461547750003524,0.298668255044473,0.124853574929685,0.0,0.3213919563739074,-0.912805168919898,-0.2519800269292565,0.0,0.0387085536049239,0.2785390403907611,-0.9596445440140888,0.0,958.5225342465752,-21.37432876712326,-164.93916438356166,1.0
0.9461547750003524,0.298668255044473,0.124853574929685,0.0,0.3213919563739074,-0.912805168919898,-0.2519800269292565,0.0,0.0387085536049239,0.2785390403907611,-0.9596445440140888,0.0,958.522589041096,-21.31105479452052,-164.93902739726028,1.0
0.9461547750003524,0.298668255044473,0.124853574929685,0.0,0.3213919563739074,-0.912805168919898,-0.2519800269292565,0.0,0.0387085536049239,0.2785390403907611,-0.9596445440140888,0.0,958.5226438356163,-21.24778082191778,-164.93889041095892,1.0
0.9461547750003524,0.298668255044473,0.124853574929685,0.0,0.3213919563739074,-0.912805168919898,-0.2519800269292565,0.0,0.0387085536049239,0.2785390403907611,-0.9596445440140888,0.0,958.5226986301368,-21.18450684931504,-164.93875342465753,1.0
0.9461547750003524,0.298668255044473,0.124853574929685,0.0,0.3213919563739074,-0.912805168919898,-0.2519800269292565,0.0,0.0387085536049239,0.2785390403907611,-0.9596445440140888,0.0,958.5227534246576,-21.1212328767123,-164.93861643835618,1.0
0.9461547750003524,0.298668255044473,0.124853574929685,0.0,0.3213919563739074,-0.912805168919898,-0.2519800269292565,0.0,0.0387085536049239,0.2785390403907611,-0.9596445440140888,0.0,958.522808219178,-21.05795890410956,-164.9384794520548,1.0
0.9461547750003524,0.298668255044473,0.124853574929685,0.0,0.3213919563739074,-0.912805168919898,-0.2519800269292565,0.0,0.0387085536049239,0.2785390403907611,-0.9596445440140888,0.0,958.5228630136986,-20.994684931506814,-164.93834246575344,1.0
0.9461547750003524,0.298668255044473,0.124853574929685,0.0,0.3213919563739074,-0.912805168919898,-0.2519800269292565,0.0,0.0387085536049239,0.2785390403907611,-0.9596445440140888,0.0,958.5229178082192,-20.93141095890408,-164.93820547945205,1.0
0.9461547750003524,0.298668255044473,0.124853574929685,0.0,0.3213919563739074,-0.912805168919898,-0.2519800269292565,0.0,0.0387085536049239,0.2785390403907611,-0.9596445440140888,0.0,958.5229726027396,-20.868136986301337,-164.9380684931507,1.0
0.9461547750003524,0.298668255044473,0.124853574929685,0.0,0.3213919563739074,-0.912805168919898,-0.2519800269292565,0.0,0.0387085536049239,0.2785390403907611,-0.9596445440140888,0.0,958.5230273972604,-20.804863013698597,-164.9379315068493,1.0
0.9461547750003524,0.298668255044473,0.124853574929685,0.0,0.3213919563739074,-0.912805168919898,-0.2519800269292565,0.0,0.0387085536049239,0.2785390403907611,-0.9596445440140888,0.0,958.5230821917808,-20.741589041095853,-164.93779452054795,1.0
0.9461547750003524,0.298668255044473,0.124853574929685,0.0,0.3213919563739074,-0.912805168919898,-0.2519800269292565,0.0,0.0387085536049239,0.2785390403907611,-0.9596445440140888,0.0,958.5231369863012,-20.678315068493117,-164.93765753424657,1.0
0.9461547750003524,0.298668255044473,0.124853574929685,0.0,0.3213919563739074,-0.912805168919898,-0.2519800269292565,0.0,0.0387085536049239,0.2785390403907611,-0.9596445440140888,0.0,958.523191780822,-20.615041095890373,-164.9375205479452,1.0
0.9461547750003524,0.298668255044473,0.124853574929685,0.0,0.3213919563739074,-0.912805168919898,-0.2519800269292565,0.0,0.0387085536049239,0.2785390403907611,-0.9596445440140888,0.0,958.5232465753425,-20.551767123287632,-164.93738356164383,1.0
0.9461547750003524,0.298668255044473,0.124853574929685,0.0,0.3213919563739074,-0.912805168919898,-0.2519800269292565,0.0,0.0387085536049239,0.2785390403907611,-0.9596445440140888,0.0,958.523301369863,-20.48849315068489,-164.93724657534247,1.0
0.9461547750003524,0.298668255044473,0.124853574929685,0.0,0.3213919563739074,-0.912805168919898,-0.2519800269292565,0.0,0.0387085536049239,0.2785390403907611,-0.9596445440140888,0.0,958.5233561643836,-20.425219178082152,-164.93710958904109,1.0
0.9461547750003524,0.298668255044473,0.124853574929685,0.0,0.3213919563739074,-0.912805168919898,-0.2519800269292565,0.0,0.0387085536049239,0.2785390403907611,-0.9596445440140888,0.0,958.523410958904,-20.36194520547941,-164.93697260273973,1.0
0.9461547750003524,0.298668255044473,0.124853574929685,0.0,0.3213919563739074,-0.912805168919898,-0.2519800269292565,0.0,0.0387085536049239,0.2785390403907611,-0.9596445440140888,0.0,958.5234657534246,-20.298671232876668,-164.93683561643834,1.0
0.9461547750003524,0.298668255044473,0.124853574929685,0.0,0.3213919563739074,-0.912805168919898,-0.2519800269292565,0.0,0.0387085536049239,0.2785390403907611,-0.9596445440140888,0.0,958.5235205479452,-20.235397260273928,-164.936698630137,1.0
0.9461547750003524,0.298668255044473,0.124853574929685,0.0,0.3213919563739074,-0.912805168919898,-0.2519800269292565,0.0,0.0387085536049239,0.2785390403907611,-0.9596445440140888,0.0,958.5235753424656,-20.172123287671187,-164.9365616438356,1.0
0.9461547750003524,0.298668255044473,0.124853574929685,0.0,0.3213919563739074,-0.912805168919898,-0.2519800269292565,0.0,0.0387085536049239,0.2785390403907611,-0.9596445440140888,0.0,958.5236301369864,-20.108849315068447,-164.93642465753425,1.0
0.9461547750003524,0.298668255044473,0.124853574929685,0.0,0.3213919563739074,-0.912805168919898,-0.2519800269292565,0.0,0.0387085536049239,0.2785390403907611,-0.9596445440140888,0.0,958.5236849315068,-20.045575342465707,-164.93628767123286,1.0
0.9461547750003524,0.298668255044473,0.124853574929685,0.0,0.3213919563739074,-0.912805168919898,-0.2519800269292565,0.0,0.0387085536049239,0.2785390403907611,-0.9596445440140888,0.0,958.5237397260274,-19.982301369862967,-164.9361506849315,1.0
0.9461547750003524,0.298668255044473,0.124853574929685,0.0,0.3213919563739074,-0.912805168919898,-0.2519800269292565,0.0,0.0387085536049239,0.2785390403907611,-0.9596445440140888,0.0,958.523794520548,-19.919027397260223,-164.93601369863012,1.0
0.9461547750003524,0.298668255044473,0.124853574929685,0.0,0.3213919563739074,-0.912805168919898,-0.2519800269292565,0.0,0.0387085536049239,0.2785390403907611,-0.9596445440140888,0.0,958.5238493150684,-19.85575342465749,-164.93587671232876,1.0
0.9461547750003524,0.298668255044473,0.124853574929685,0.0,0.3213919563739074,-0.912805168919898,-0.2519800269292565,0.0,0.0387085536049239,0.2785390403907611,-0.9596445440140888,0.0,958.523904109589,-19.792479452054742,-164.93573972602738,1.0
0.9461547750003524,0.298668255044473,0.124853574929685,0.0,0.3213919563739074,-0.912805168919898,-0.2519800269292565,0.0,0.0387085536049239,0.2785390403907611,-0.9596445440140888,0.0,958.5239589041096,-19.729205479452,-164.93560273972602,1.0
0.9461547750003524,0.298668255044473,0.124853574929685,0.0,0.3213919563739074,-0.912805168919898,-0.2519800269292565,0.0,0.0387085536049239,0.2785390403907611,-0.9596445440140888,0.0,958.52401369863,-19.66593150684926,-164.93546575342464,1.0
0.9461547750003524,0.298668255044473,0.124853574929685,0.0,0.3213919563739074,-0.912805168919898,-0.2519800269292565,0.0,0.0387085536049239,0.2785390403907611,-0.9596445440140888,0.0,958.5240684931508,-19.60265753424652,-164.93532876712328,1.0
0.9461547750003524,0.298668255044473,0.124853574929685,0.0,0.3213919563739074,-0.912805168919898,-0.2519800269292565,0.0,0.0387085536049239,0.2785390403907611,-0.9596445440140888,0.0,958.5241232876712,-19.53938356164378,-164.93519178082192,1.0
0.9461547750003524,0.298668255044473,0.124853574929685,0.0,0.3213919563739074,-0.912805168919898,-0.2519800269292565,0.0,0.0387085536049239,0.2785390403907611,-0.9596445440140888,0.0,958.5241780821916,-19.47610958904104,-164.93505479452054,1.0
0.9461547750003524,0.298668255044473,0.124853574929685,0.0,0.3213919563739074,-0.912805168919898,-0.2519800269292565,0.0,0.0387085536049239,0.2785390403907611,-0.9596445440140888,0.0,958.5242328767124,-19.4128356164383,-164.93491780821918,1.0
0.9461547750003524,0.298668255044473,0.124853574929685,0.0,0.3213919563739074,-0.912805168919898,-0.2519800269292565,0.0,0.0387085536049239,0.2785390403907611,-0.9596445440140888,0.0,958.5242876712329,-19.34956164383556,-164.9347808219178,1.0
0.9461547750003524,0.298668255044473,0.124853574929685,0.0,0.3213919563739074,-0.912805168919898,-0.2519800269292565,0.0,0.0387085536049239,0.2785390403907611,-0.9596445440140888,0.0,958.5243424657534,-19.28628767123282,-164.93464383561644,1.0
0.9461547750003524,0.298668255044473,0.124853574929685,0.0,0.3213919563739074,-0.912805168919898,-0.2519800269292565,0.0,0.0387085536049239,0.2785390403907611,-0.9596445440140888,0.0,958.524397260274,-19.22301369863008,-164.93450684931506,1.0
0.9461547750003524,0.298668255044473,0.124853574929685,0.0,0.3213919563739074,-0.912805168919898,-0.2519800269292565,0.0,0.0387085536049239,0.2785390403907611,-0.9596445440140888,0.0,958.5244520547946,-19.159739726027336,-164.9343698630137,1.0
0.9461547750003524,0.298668255044473,0.124853574929685,0.0,0.3213919563739074,-0.912805168919898,-0.2519800269292565,0.0,0.0387085536049239,0.2785390403907611,-0.9596445440140888,0.0,958.5245068493152,-19.0964657534246,-164.93423287671231,1.0
0.9461547750003524,0.298668255044473,0.124853574929685,0.0,0.3213919563739074,-0.912805168919898,-0.2519800269292565,0.0,0.0387085536049239,0.2785390403907611,-0.9596445440140888,0.0,958.5245616438356,-19.033191780821856,-164.93409589041096,1.0
0.9461547750003524,0.298668255044473,0.124853574929685,0.0,0.3213919563739074,-0.912805168919898,-0.2519800269292565,0.0,0.0387085536049239,0.2785390403907611,-0.9596445440140888,0.0,958.524616438356,-18.969917808219115,-164.93395890410957,1.0
0.9461547750003524,0.298668255044473,0.124853574929685,0.0,0.3213919563739074,-0.912805168919898,-0.2519800269292565,0.0,0.0387085536049239,0.2785390403907611,-0.9596445440140888,0.0,958.5246712328768,-18.90664383561637,-164.93382191780822,1.0
0.9461547750003524,0.298668255044473,0.124853574929685,0.0,0.3213919563739074,-0.912805168919898,-0.2519800269292565,0.0,0.0387085536049239,0.2785390403907611,-0.9596445440140888,0.0,958.5247260273972,-18.843369863013635,-164.93368493150683,1.0
0.9461547750003524,0.298668255044473,0.124853574929685,0.0,0.3213919563739074,-0.912805168919898,-0.2519800269292565,0.0,0.0387085536049239,0.2785390403907611,-0.9596445440140888,0.0,958.5247808219178,-18.78009589041089,-164.93354794520548,1.0
0.9461547750003524,0.298668255044473,0.124853574929685,0.0,0.3213919563739074,-0.912805168919898,-0.2519800269292565,0.0,0.0387085536049239,0.2785390403907611,-0.9596445440140888,0.0,958.5248356164384,-18.71682191780815,-164.9334109589041,1.0
0.9461547750003524,0.298668255044473,0.124853574929685,0.0,0.3213919563739074,-0.912805168919898,-0.2519800269292565,0.0,0.0387085536049239,0.2785390403907611,-0.9596445440140888,0.0,958.5248904109588,-18.65354794520541,-164.93327397260273,1.0
0.9461547750003524,0.298668255044473,0.124853574929685,0.0,0.3213919563739074,-0.912805168919898,-0.2519800269292565,0.0,0.0387085536049239,0.2785390403907611,-0.9596445440140888,0.0,958.5249452054794,-18.59027397260267,-164.93313698630135,1.0
0.9461547750003524,0.298668255044473,0.124853574929685,0.0,0.3213919563739074,-0.912805168919898,-0.2519800269292565,0.0,0.0387085536049239,0.2785390403907611,-0.9596445440140888,0.0,958.525,-18.52699999999993,-164.933,1.0
