I0,Prv_I0,Write permission,PrvUpdataTime,SysTime,WriteTrjSysTime,WriteTrjCostTime,WriteInterval
6.0,2.0,0.0,21051.0,166.0,0.0,0.0,0.0
7.0,6.0,0.0,21087.0,201.5,0.0,0.0,0.0
7.0,7.0,0.0,21115.0,229.5,0.0,0.0,0.0
8.0,7.0,0.0,21145.0,259.7,0.0,0.0,0.0
9.0,8.0,0.0,21175.0,289.7,0.0,0.0,0.0
9.0,9.0,0.0,21207.0,321.7,0.0,0.0,0.0
10.0,9.0,0.0,21238.0,352.6,0.0,0.0,0.0
11.0,10.0,1.0,21267.0,382.1,382.1,141.0,1.0
14.0,11.0,0.0,0.0,537.3,0.0,0.0,0.0
14.0,14.0,0.0,26.0,563.4,0.0,0.0,0.0
15.0,14.0,0.0,56.0,593.4,0.0,0.0,0.0
16.0,15.0,0.0,85.0,622.7,0.0,0.0,0.0
16.0,16.0,0.0,116.0,653.4,0.0,0.0,0.0
17.0,16.0,0.0,151.0,688.9,0.0,0.0,0.0
18.0,17.0,0.0,176.0,713.4,0.0,0.0,0.0
18.0,18.0,0.0,206.0,743.6,0.0,0.0,0.0
19.0,18.0,0.0,236.0,773.9,0.0,0.0,0.0
2.0,19.0,1.0,267.0,804.6,804.6,139.0,2.0
5.0,2.0,0.0,0.0,954.0,0.0,0.0,0.0
5.0,5.0,0.0,30.0,984.8,0.0,0.0,0.0
6.0,5.0,0.0,61.0,1015.1,0.0,0.0,0.0
7.0,6.0,0.0,95.0,1049.6,0.0,0.0,0.0
8.0,7.0,0.0,125.0,1079.5,0.0,0.0,0.0
8.0,8.0,0.0,156.0,1110.0,0.0,0.0,0.0
9.0,8.0,0.0,187.0,1141.3,0.0,0.0,0.0
9.0,9.0,0.0,217.0,1171.4,0.0,0.0,0.0
10.0,9.0,0.0,247.0,1201.0,0.0,0.0,0.0
11.0,10.0,1.0,277.0,1231.7,1231.7,148.0,1.0
14.0,11.0,0.0,0.0,1390.1,0.0,0.0,0.0
15.0,14.0,0.0,27.0,1417.4,0.0,0.0,0.0
15.0,15.0,0.0,56.0,1446.5,0.0,0.0,0.0
16.0,15.0,0.0,87.0,1477.5,0.0,0.0,0.0
17.0,16.0,0.0,117.0,1507.6,0.0,0.0,0.0
17.0,17.0,0.0,147.0,1537.5,0.0,0.0,0.0
18.0,17.0,0.0,176.0,1567.0,0.0,0.0,0.0
18.0,18.0,0.0,207.0,1597.7,0.0,0.0,0.0
19.0,18.0,0.0,235.0,1626.0,0.0,0.0,0.0
2.0,19.0,1.0,270.0,1660.9,1660.9,134.0,2.0
5.0,2.0,0.0,0.0,1801.4,0.0,0.0,0.0
5.0,5.0,0.0,27.0,1829.1,0.0,0.0,0.0
6.0,5.0,0.0,57.0,1859.4,0.0,0.0,0.0
7.0,6.0,0.0,92.0,1894.4,0.0,0.0,0.0
7.0,7.0,0.0,118.0,1919.5,0.0,0.0,0.0
8.0,7.0,0.0,147.0,1949.3,0.0,0.0,0.0
9.0,8.0,0.0,183.0,1984.6,0.0,0.0,0.0
9.0,9.0,0.0,208.0,2009.7,0.0,0.0,0.0
10.0,9.0,0.0,243.0,2044.5,0.0,0.0,0.0
11.0,10.0,1.0,267.0,2068.9,2068.9,154.0,1.0
14.0,11.0,0.0,0.0,2232.7,0.0,0.0,0.0
15.0,14.0,0.0,32.0,2265.5,0.0,0.0,0.0
15.0,15.0,0.0,57.0,2290.3,0.0,0.0,0.0
16.0,15.0,0.0,87.0,2320.7,0.0,0.0,0.0
17.0,16.0,0.0,118.0,2351.4,0.0,0.0,0.0
17.0,17.0,0.0,147.0,2380.7,0.0,0.0,0.0
18.0,17.0,0.0,183.0,2416.1,0.0,0.0,0.0
19.0,18.0,0.0,208.0,2440.9,0.0,0.0,0.0
19.0,19.0,0.0,238.0,2471.5,0.0,0.0,0.0
2.0,19.0,1.0,268.0,2501.7,2501.7,143.0,2.0
5.0,2.0,0.0,0.0,2653.8,0.0,0.0,0.0
6.0,5.0,0.0,35.0,2689.3,0.0,0.0,0.0
6.0,6.0,0.0,61.0,2714.9,0.0,0.0,0.0
7.0,6.0,0.0,93.0,2747.7,0.0,0.0,0.0
8.0,7.0,0.0,128.0,2782.6,0.0,0.0,0.0
8.0,8.0,0.0,153.0,2807.6,0.0,0.0,0.0
9.0,8.0,0.0,187.0,2841.0,0.0,0.0,0.0
10.0,9.0,0.0,216.0,2870.5,0.0,0.0,0.0
10.0,10.0,0.0,245.0,2899.5,0.0,0.0,0.0
11.0,10.0,1.0,277.0,2931.0,2931.0,141.0,1.0
14.0,11.0,0.0,0.0,3082.7,0.0,0.0,0.0
15.0,14.0,0.0,30.0,3113.2,0.0,0.0,0.0
16.0,15.0,0.0,61.0,3144.5,0.0,0.0,0.0
16.0,16.0,0.0,90.0,3172.9,0.0,0.0,0.0
17.0,16.0,0.0,120.0,3203.4,0.0,0.0,0.0
17.0,17.0,0.0,150.0,3233.5,0.0,0.0,0.0
18.0,17.0,0.0,180.0,3262.8,0.0,0.0,0.0
19.0,18.0,0.0,211.0,3294.5,0.0,0.0,0.0
19.0,19.0,0.0,241.0,3324.6,0.0,0.0,0.0
2.0,19.0,1.0,272.0,3355.4,3355.4,139.0,2.0
5.0,2.0,0.0,0.0,3505.5,0.0,0.0,0.0
6.0,5.0,0.0,31.0,3536.7,0.0,0.0,0.0
7.0,6.0,0.0,60.0,3565.8,0.0,0.0,0.0
7.0,7.0,0.0,90.0,3596.5,0.0,0.0,0.0
8.0,7.0,0.0,123.0,3628.8,0.0,0.0,0.0
9.0,8.0,0.0,154.0,3659.7,0.0,0.0,0.0
9.0,9.0,0.0,184.0,3689.7,0.0,0.0,0.0
10.0,9.0,0.0,216.0,3722.4,0.0,0.0,0.0
11.0,10.0,1.0,248.0,3753.5,3753.5,141.0,1.0
14.0,11.0,0.0,0.0,3907.4,0.0,0.0,0.0
14.0,14.0,0.0,30.0,3937.5,0.0,0.0,0.0
15.0,14.0,0.0,60.0,3967.5,0.0,0.0,0.0
16.0,15.0,0.0,82.0,3989.7,0.0,0.0,0.0
16.0,16.0,0.0,115.0,4022.8,0.0,0.0,0.0
17.0,16.0,0.0,145.0,4052.8,0.0,0.0,0.0
18.0,17.0,0.0,174.0,4081.5,0.0,0.0,0.0
19.0,18.0,0.0,226.0,4133.7,0.0,0.0,0.0
19.0,19.0,0.0,257.0,4164.6,0.0,0.0,0.0
2.0,19.0,1.0,290.0,4197.5,4197.5,133.0,2.0
5.0,2.0,0.0,0.0,4337.6,0.0,0.0,0.0
6.0,5.0,0.0,30.0,4367.6,0.0,0.0,0.0
6.0,6.0,0.0,64.0,4401.8,0.0,0.0,0.0
7.0,6.0,0.0,94.0,4432.4,0.0,0.0,0.0
8.0,7.0,0.0,124.0,4462.4,0.0,0.0,0.0
8.0,8.0,0.0,155.0,4493.1,0.0,0.0,0.0
9.0,8.0,0.0,187.0,4525.3,0.0,0.0,0.0
10.0,9.0,0.0,217.0,4555.4,0.0,0.0,0.0
10.0,10.0,0.0,252.0,4589.7,0.0,0.0,0.0
11.0,10.0,1.0,282.0,4619.9,4619.9,141.0,1.0
14.0,11.0,0.0,0.0,4771.0,0.0,0.0,0.0
15.0,14.0,0.0,34.0,4805.8,0.0,0.0,0.0
15.0,15.0,0.0,60.0,4831.6,0.0,0.0,0.0
16.0,15.0,0.0,108.0,4879.2,0.0,0.0,0.0
17.0,16.0,0.0,141.0,4912.1,0.0,0.0,0.0
18.0,17.0,0.0,170.0,4942.0,0.0,0.0,0.0
18.0,18.0,0.0,201.0,4972.6,0.0,0.0,0.0
19.0,18.0,0.0,231.0,5003.0,0.0,0.0,0.0
2.0,19.0,1.0,267.0,5038.0,5038.0,137.0,2.0
5.0,2.0,0.0,0.0,5185.4,0.0,0.0,0.0
6.0,5.0,0.0,34.0,5219.5,0.0,0.0,0.0
6.0,6.0,0.0,64.0,5250.3,0.0,0.0,0.0
7.0,6.0,0.0,94.0,5279.6,0.0,0.0,0.0
8.0,7.0,0.0,124.0,5309.5,0.0,0.0,0.0
8.0,8.0,0.0,156.0,5341.5,0.0,0.0,0.0
9.0,8.0,0.0,184.0,5369.6,0.0,0.0,0.0
10.0,9.0,0.0,214.0,5400.4,0.0,0.0,0.0
10.0,10.0,0.0,244.0,5430.2,0.0,0.0,0.0
11.0,10.0,1.0,275.0,5460.5,5460.5,135.0,1.0
14.0,11.0,0.0,0.0,5605.6,0.0,0.0,0.0
15.0,14.0,0.0,41.0,5646.7,0.0,0.0,0.0
15.0,15.0,0.0,69.0,5675.4,0.0,0.0,0.0
16.0,15.0,0.0,102.0,5707.8,0.0,0.0,0.0
17.0,16.0,0.0,135.0,5741.5,0.0,0.0,0.0
17.0,17.0,0.0,166.0,5771.8,0.0,0.0,0.0
18.0,17.0,0.0,196.0,5802.0,0.0,0.0,0.0
19.0,18.0,0.0,228.0,5834.0,0.0,0.0,0.0
19.0,19.0,0.0,258.0,5864.5,0.0,0.0,0.0
2.0,19.0,1.0,288.0,5894.1,5894.1,136.0,2.0
5.0,2.0,0.0,0.0,6041.7,0.0,0.0,0.0
6.0,5.0,0.0,27.0,6068.8,0.0,0.0,0.0
6.0,6.0,0.0,55.0,6097.4,0.0,0.0,0.0
7.0,6.0,0.0,85.0,6127.7,0.0,0.0,0.0
8.0,7.0,0.0,116.0,6157.9,0.0,0.0,0.0
8.0,8.0,0.0,145.0,6187.6,0.0,0.0,0.0
9.0,8.0,0.0,175.0,6217.6,0.0,0.0,0.0
10.0,9.0,0.0,205.0,6247.5,0.0,0.0,0.0
10.0,10.0,0.0,236.0,6277.9,0.0,0.0,0.0
11.0,10.0,1.0,267.0,6309.4,6309.4,157.0,1.0
14.0,11.0,0.0,0.0,6475.1,0.0,0.0,0.0
15.0,14.0,0.0,28.0,6503.5,0.0,0.0,0.0
16.0,15.0,0.0,63.0,6538.5,0.0,0.0,0.0
16.0,16.0,0.0,91.0,6567.0,0.0,0.0,0.0
17.0,16.0,0.0,121.0,6596.8,0.0,0.0,0.0
18.0,17.0,0.0,152.0,6627.7,0.0,0.0,0.0
18.0,18.0,0.0,182.0,6657.8,0.0,0.0,0.0
19.0,18.0,0.0,212.0,6687.3,0.0,0.0,0.0
2.0,19.0,1.0,242.0,6717.6,6717.6,136.0,2.0
5.0,2.0,0.0,0.0,6865.3,0.0,0.0,0.0
5.0,5.0,0.0,25.0,6890.4,0.0,0.0,0.0
6.0,5.0,0.0,58.0,6923.4,0.0,0.0,0.0
7.0,6.0,0.0,91.0,6956.6,0.0,0.0,0.0
7.0,7.0,0.0,118.0,6983.4,0.0,0.0,0.0
8.0,7.0,0.0,148.0,7013.6,0.0,0.0,0.0
9.0,8.0,0.0,177.0,7042.6,0.0,0.0,0.0
9.0,9.0,0.0,208.0,7073.7,0.0,0.0,0.0
10.0,9.0,0.0,238.0,7104.3,0.0,0.0,0.0
10.0,10.0,0.0,268.0,7133.6,0.0,0.0,0.0
11.0,10.0,1.0,298.0,7163.3,7163.3,145.0,1.0
14.0,11.0,0.0,0.0,7319.2,0.0,0.0,0.0
15.0,14.0,0.0,31.0,7350.5,0.0,0.0,0.0
16.0,15.0,0.0,63.0,7382.4,0.0,0.0,0.0
16.0,16.0,0.0,93.0,7412.8,0.0,0.0,0.0
17.0,16.0,0.0,124.0,7443.5,0.0,0.0,0.0
18.0,17.0,0.0,158.0,7477.7,0.0,0.0,0.0
18.0,18.0,0.0,183.0,7502.7,0.0,0.0,0.0
19.0,18.0,0.0,213.0,7533.0,0.0,0.0,0.0
2.0,19.0,1.0,244.0,7563.4,7563.4,135.0,2.0
5.0,2.0,0.0,0.0,7709.4,0.0,0.0,0.0
5.0,5.0,0.0,24.0,7733.6,0.0,0.0,0.0
6.0,5.0,0.0,57.0,7767.2,0.0,0.0,0.0
7.0,6.0,0.0,92.0,7802.4,0.0,0.0,0.0
7.0,7.0,0.0,119.0,7828.8,0.0,0.0,0.0
8.0,7.0,0.0,152.0,7861.5,0.0,0.0,0.0
9.0,8.0,0.0,184.0,7893.5,0.0,0.0,0.0
9.0,9.0,0.0,215.0,7924.6,0.0,0.0,0.0
10.0,9.0,0.0,248.0,7957.6,0.0,0.0,0.0
11.0,10.0,1.0,280.0,7990.2,7990.2,135.0,1.0
14.0,11.0,0.0,0.0,8136.7,0.0,0.0,0.0
15.0,14.0,0.0,28.0,8165.5,0.0,0.0,0.0
15.0,15.0,0.0,60.0,8197.0,0.0,0.0,0.0
16.0,15.0,0.0,89.0,8226.5,0.0,0.0,0.0
16.0,16.0,0.0,119.0,8256.6,0.0,0.0,0.0
17.0,16.0,0.0,149.0,8286.6,0.0,0.0,0.0
18.0,17.0,0.0,185.0,8322.3,0.0,0.0,0.0
18.0,18.0,0.0,210.0,8347.3,0.0,0.0,0.0
19.0,18.0,0.0,241.0,8378.4,0.0,0.0,0.0
2.0,19.0,1.0,270.0,8407.3,8407.3,138.0,2.0
5.0,2.0,0.0,0.0,8556.0,0.0,0.0,0.0
6.0,5.0,0.0,30.0,8586.7,0.0,0.0,0.0
6.0,6.0,0.0,61.0,8617.9,0.0,0.0,0.0
7.0,6.0,0.0,93.0,8649.2,0.0,0.0,0.0
8.0,7.0,0.0,122.0,8678.8,0.0,0.0,0.0
8.0,8.0,0.0,153.0,8709.1,0.0,0.0,0.0
9.0,8.0,0.0,183.0,8739.5,0.0,0.0,0.0
9.0,9.0,0.0,213.0,8769.1,0.0,0.0,0.0
10.0,9.0,0.0,243.0,8799.5,0.0,0.0,0.0
11.0,10.0,1.0,277.0,8834.0,8834.0,150.0,1.0
14.0,11.0,0.0,0.0,8993.5,0.0,0.0,0.0
15.0,14.0,0.0,24.0,9017.9,0.0,0.0,0.0
15.0,15.0,0.0,55.0,9048.9,0.0,0.0,0.0
16.0,15.0,0.0,83.0,9077.5,0.0,0.0,0.0
17.0,16.0,0.0,115.0,9109.4,0.0,0.0,0.0
17.0,17.0,0.0,147.0,9141.2,0.0,0.0,0.0
18.0,17.0,0.0,177.0,9171.5,0.0,0.0,0.0
19.0,18.0,0.0,212.0,9205.7,0.0,0.0,0.0
19.0,19.0,0.0,238.0,9231.5,0.0,0.0,0.0
2.0,19.0,1.0,267.0,9261.5,9261.5,149.0,2.0
5.0,2.0,0.0,0.0,9419.8,0.0,0.0,0.0
6.0,5.0,0.0,32.0,9452.2,0.0,0.0,0.0
7.0,6.0,0.0,62.0,9482.6,0.0,0.0,0.0
7.0,7.0,0.0,92.0,9512.7,0.0,0.0,0.0
8.0,7.0,0.0,123.0,9542.8,0.0,0.0,0.0
9.0,8.0,0.0,156.0,9575.8,0.0,0.0,0.0
9.0,9.0,0.0,182.0,9601.9,0.0,0.0,0.0
10.0,9.0,0.0,213.0,9633.1,0.0,0.0,0.0
11.0,10.0,1.0,243.0,9663.5,9663.5,138.0,1.0
14.0,11.0,0.0,0.0,9811.5,0.0,0.0,0.0
14.0,14.0,0.0,21.0,9833.5,0.0,0.0,0.0
15.0,14.0,0.0,56.0,9867.8,0.0,0.0,0.0
16.0,15.0,0.0,90.0,9902.1,0.0,0.0,0.0
16.0,16.0,0.0,115.0,9927.5,0.0,0.0,0.0
17.0,16.0,0.0,149.0,9960.8,0.0,0.0,0.0
18.0,17.0,0.0,182.0,9993.9,0.0,0.0,0.0
18.0,18.0,0.0,212.0,10024.5,0.0,0.0,0.0
19.0,18.0,0.0,243.0,10054.6,0.0,0.0,0.0
2.0,19.0,1.0,278.0,10089.6,10089.6,146.0,2.0
5.0,2.0,0.0,0.0,10241.3,0.0,0.0,0.0
6.0,5.0,0.0,32.0,10273.5,0.0,0.0,0.0
6.0,6.0,0.0,62.0,10303.4,0.0,0.0,0.0
7.0,6.0,0.0,92.0,10333.6,0.0,0.0,0.0
8.0,7.0,0.0,122.0,10363.5,0.0,0.0,0.0
8.0,8.0,0.0,152.0,10394.1,0.0,0.0,0.0
9.0,8.0,0.0,182.0,10423.5,0.0,0.0,0.0
10.0,9.0,0.0,212.0,10453.4,0.0,0.0,0.0
10.0,10.0,0.0,243.0,10485.0,0.0,0.0,0.0
11.0,10.0,1.0,278.0,10519.6,10519.6,141.0,1.0
14.0,11.0,0.0,0.0,10666.7,0.0,0.0,0.0
15.0,14.0,0.0,28.0,10695.4,0.0,0.0,0.0
15.0,15.0,0.0,59.0,10725.7,0.0,0.0,0.0
16.0,15.0,0.0,88.0,10755.7,0.0,0.0,0.0
17.0,16.0,0.0,123.0,10789.8,0.0,0.0,0.0
18.0,17.0,0.0,152.0,10819.7,0.0,0.0,0.0
18.0,18.0,0.0,183.0,10850.1,0.0,0.0,0.0
19.0,18.0,0.0,215.0,10882.1,0.0,0.0,0.0
19.0,19.0,0.0,245.0,10912.2,0.0,0.0,0.0
2.0,19.0,1.0,275.0,10942.2,10942.2,144.0,2.0
5.0,2.0,0.0,0.0,11097.6,0.0,0.0,0.0
6.0,5.0,0.0,29.0,11127.2,0.0,0.0,0.0
7.0,6.0,0.0,59.0,11157.4,0.0,0.0,0.0
7.0,7.0,0.0,89.0,11186.8,0.0,0.0,0.0
8.0,7.0,0.0,120.0,11217.6,0.0,0.0,0.0
9.0,8.0,0.0,150.0,11247.8,0.0,0.0,0.0
9.0,9.0,0.0,184.0,11281.9,0.0,0.0,0.0
10.0,9.0,0.0,215.0,11312.7,0.0,0.0,0.0
11.0,10.0,1.0,244.0,11342.2,11342.2,144.0,1.0
14.0,11.0,0.0,0.0,11501.2,0.0,0.0,0.0
14.0,14.0,0.0,24.0,11525.7,0.0,0.0,0.0
15.0,14.0,0.0,55.0,11556.7,0.0,0.0,0.0
16.0,15.0,0.0,88.0,11589.4,0.0,0.0,0.0
16.0,16.0,0.0,117.0,11618.9,0.0,0.0,0.0
17.0,16.0,0.0,148.0,11649.6,0.0,0.0,0.0
18.0,17.0,0.0,178.0,11679.8,0.0,0.0,0.0
18.0,18.0,0.0,207.0,11709.1,0.0,0.0,0.0
19.0,18.0,0.0,238.0,11739.3,0.0,0.0,0.0
2.0,19.0,1.0,268.0,11769.4,11769.4,137.0,2.0
5.0,2.0,0.0,0.0,11918.3,0.0,0.0,0.0
5.0,5.0,0.0,23.0,11941.5,0.0,0.0,0.0
6.0,5.0,0.0,55.0,11973.4,0.0,0.0,0.0
7.0,6.0,0.0,85.0,12003.7,0.0,0.0,0.0
7.0,7.0,0.0,114.0,12032.9,0.0,0.0,0.0
8.0,7.0,0.0,149.0,12067.8,0.0,0.0,0.0
9.0,8.0,0.0,175.0,12093.5,0.0,0.0,0.0
9.0,9.0,0.0,205.0,12123.7,0.0,0.0,0.0
10.0,9.0,0.0,234.0,12153.0,0.0,0.0,0.0
11.0,10.0,1.0,265.0,12183.5,12183.5,153.0,1.0
14.0,11.0,0.0,0.0,12347.1,0.0,0.0,0.0
15.0,14.0,0.0,34.0,12381.3,0.0,0.0,0.0
15.0,15.0,0.0,66.0,12413.2,0.0,0.0,0.0
16.0,15.0,0.0,96.0,12443.5,0.0,0.0,0.0
17.0,16.0,0.0,127.0,12474.4,0.0,0.0,0.0
17.0,17.0,0.0,158.0,12505.6,0.0,0.0,0.0
18.0,17.0,0.0,188.0,12535.7,0.0,0.0,0.0
19.0,18.0,0.0,223.0,12570.3,0.0,0.0,0.0
19.0,19.0,0.0,248.0,12595.6,0.0,0.0,0.0
2.0,19.0,1.0,281.0,12628.3,12628.3,146.0,2.0
5.0,2.0,0.0,0.0,12780.5,0.0,0.0,0.0
6.0,5.0,0.0,28.0,12809.2,0.0,0.0,0.0
7.0,6.0,0.0,58.0,12839.2,0.0,0.0,0.0
7.0,7.0,0.0,88.0,12869.5,0.0,0.0,0.0
8.0,7.0,0.0,120.0,12901.0,0.0,0.0,0.0
9.0,8.0,0.0,151.0,12931.9,0.0,0.0,0.0
9.0,9.0,0.0,186.0,12966.7,0.0,0.0,0.0
10.0,9.0,0.0,215.0,12995.6,0.0,0.0,0.0
10.0,10.0,0.0,244.0,13025.4,0.0,0.0,0.0
11.0,10.0,1.0,275.0,13055.5,13055.5,143.0,1.0
14.0,11.0,0.0,0.0,13209.3,0.0,0.0,0.0
15.0,14.0,0.0,29.0,13239.0,0.0,0.0,0.0
16.0,15.0,0.0,64.0,13273.4,0.0,0.0,0.0
17.0,16.0,0.0,93.0,13303.2,0.0,0.0,0.0
17.0,17.0,0.0,123.0,13333.1,0.0,0.0,0.0
18.0,17.0,0.0,156.0,13365.8,0.0,0.0,0.0
18.0,18.0,0.0,187.0,13396.6,0.0,0.0,0.0
19.0,18.0,0.0,216.0,13426.2,0.0,0.0,0.0
2.0,19.0,1.0,248.0,13458.3,13458.3,143.0,2.0
5.0,2.0,0.0,0.0,13613.8,0.0,0.0,0.0
6.0,5.0,0.0,29.0,13642.3,0.0,0.0,0.0
6.0,6.0,0.0,57.0,13670.9,0.0,0.0,0.0
7.0,6.0,0.0,88.0,13702.1,0.0,0.0,0.0
8.0,7.0,0.0,123.0,13737.7,0.0,0.0,0.0
8.0,8.0,0.0,149.0,13763.0,0.0,0.0,0.0
9.0,8.0,0.0,182.0,13795.8,0.0,0.0,0.0
10.0,9.0,0.0,217.0,13831.2,0.0,0.0,0.0
10.0,10.0,0.0,247.0,13861.4,0.0,0.0,0.0
11.0,10.0,1.0,277.0,13891.6,13891.6,145.0,1.0
14.0,11.0,0.0,0.0,14047.6,0.0,0.0,0.0
15.0,14.0,0.0,26.0,14074.0,0.0,0.0,0.0
16.0,15.0,0.0,61.0,14109.5,0.0,0.0,0.0
16.0,16.0,0.0,85.0,14132.9,0.0,0.0,0.0
17.0,16.0,0.0,119.0,14167.4,0.0,0.0,0.0
18.0,17.0,0.0,153.0,14201.1,0.0,0.0,0.0
18.0,18.0,0.0,179.0,14227.5,0.0,0.0,0.0
19.0,18.0,0.0,222.0,14269.9,0.0,0.0,0.0
2.0,19.0,1.0,253.0,14301.0,14301.0,141.0,2.0
5.0,2.0,0.0,0.0,14451.8,0.0,0.0,0.0
6.0,5.0,0.0,34.0,14485.8,0.0,0.0,0.0
7.0,6.0,0.0,63.0,14515.6,0.0,0.0,0.0
7.0,7.0,0.0,94.0,14546.2,0.0,0.0,0.0
8.0,7.0,0.0,126.0,14578.0,0.0,0.0,0.0
9.0,8.0,0.0,155.0,14607.4,0.0,0.0,0.0
9.0,9.0,0.0,191.0,14642.8,0.0,0.0,0.0
10.0,9.0,0.0,221.0,14673.0,0.0,0.0,0.0
11.0,10.0,1.0,251.0,14703.0,14703.0,146.0,1.0
14.0,11.0,0.0,0.0,14861.0,0.0,0.0,0.0
15.0,14.0,0.0,26.0,14887.8,0.0,0.0,0.0
15.0,15.0,0.0,61.0,14922.8,0.0,0.0,0.0
16.0,15.0,0.0,92.0,14953.4,0.0,0.0,0.0
17.0,16.0,0.0,122.0,14983.4,0.0,0.0,0.0
17.0,17.0,0.0,152.0,15013.5,0.0,0.0,0.0
18.0,17.0,0.0,183.0,15044.5,0.0,0.0,0.0
19.0,18.0,0.0,213.0,15074.2,0.0,0.0,0.0
19.0,19.0,0.0,245.0,15106.3,0.0,0.0,0.0
2.0,19.0,1.0,276.0,15137.2,15137.2,149.0,2.0
5.0,2.0,0.0,0.0,15295.7,0.0,0.0,0.0
6.0,5.0,0.0,37.0,15332.9,0.0,0.0,0.0
7.0,6.0,0.0,61.0,15357.6,0.0,0.0,0.0
7.0,7.0,0.0,91.0,15387.6,0.0,0.0,0.0
8.0,7.0,0.0,122.0,15418.0,0.0,0.0,0.0
9.0,8.0,0.0,152.0,15448.0,0.0,0.0,0.0
9.0,9.0,0.0,186.0,15482.2,0.0,0.0,0.0
10.0,9.0,0.0,219.0,15515.6,0.0,0.0,0.0
11.0,10.0,1.0,250.0,15545.8,15545.8,138.0,1.0
14.0,11.0,0.0,0.0,15693.9,0.0,0.0,0.0
14.0,14.0,0.0,25.0,15719.8,0.0,0.0,0.0
15.0,14.0,0.0,55.0,15749.8,0.0,0.0,0.0
16.0,15.0,0.0,86.0,15780.0,0.0,0.0,0.0
16.0,16.0,0.0,116.0,15810.2,0.0,0.0,0.0
17.0,16.0,0.0,149.0,15843.4,0.0,0.0,0.0
18.0,17.0,0.0,175.0,15869.6,0.0,0.0,0.0
18.0,18.0,0.0,207.0,15900.9,0.0,0.0,0.0
19.0,18.0,0.0,236.0,15930.3,0.0,0.0,0.0
2.0,19.0,1.0,265.0,15959.0,15959.0,145.0,2.0
5.0,2.0,0.0,0.0,16115.6,0.0,0.0,0.0
6.0,5.0,0.0,27.0,16143.4,0.0,0.0,0.0
6.0,6.0,0.0,63.0,16179.1,0.0,0.0,0.0
7.0,6.0,0.0,91.0,16207.6,0.0,0.0,0.0
8.0,7.0,0.0,121.0,16236.9,0.0,0.0,0.0
8.0,8.0,0.0,154.0,16269.7,0.0,0.0,0.0
9.0,8.0,0.0,184.0,16300.1,0.0,0.0,0.0
9.0,9.0,0.0,214.0,16329.8,0.0,0.0,0.0
10.0,9.0,0.0,245.0,16360.9,0.0,0.0,0.0
11.0,10.0,1.0,278.0,16394.1,16394.1,135.0,1.0
14.0,11.0,0.0,0.0,16539.8,0.0,0.0,0.0
15.0,14.0,0.0,27.0,16567.2,0.0,0.0,0.0
15.0,15.0,0.0,57.0,16597.7,0.0,0.0,0.0
16.0,15.0,0.0,89.0,16629.6,0.0,0.0,0.0
16.0,16.0,0.0,119.0,16659.7,0.0,0.0,0.0
17.0,16.0,0.0,149.0,16689.7,0.0,0.0,0.0
18.0,17.0,0.0,181.0,16721.8,0.0,0.0,0.0
18.0,18.0,0.0,212.0,16752.1,0.0,0.0,0.0
19.0,18.0,0.0,242.0,16782.1,0.0,0.0,0.0
2.0,19.0,1.0,274.0,16814.2,16814.2,152.0,2.0
5.0,2.0,0.0,0.0,16977.3,0.0,0.0,0.0
6.0,5.0,0.0,28.0,17005.5,0.0,0.0,0.0
7.0,6.0,0.0,58.0,17035.3,0.0,0.0,0.0
7.0,7.0,0.0,87.0,17064.7,0.0,0.0,0.0
8.0,7.0,0.0,118.0,17095.4,0.0,0.0,0.0
8.0,8.0,0.0,148.0,17125.7,0.0,0.0,0.0
9.0,8.0,0.0,178.0,17155.6,0.0,0.0,0.0
10.0,9.0,0.0,210.0,17188.1,0.0,0.0,0.0
10.0,10.0,0.0,241.0,17218.4,0.0,0.0,0.0
11.0,10.0,1.0,271.0,17249.2,17249.2,145.0,1.0
14.0,11.0,0.0,0.0,17403.1,0.0,0.0,0.0
15.0,14.0,0.0,34.0,17437.7,0.0,0.0,0.0
16.0,15.0,0.0,58.0,17461.6,0.0,0.0,0.0
16.0,16.0,0.0,91.0,17494.4,0.0,0.0,0.0
17.0,16.0,0.0,120.0,17523.4,0.0,0.0,0.0
18.0,17.0,0.0,150.0,17553.6,0.0,0.0,0.0
18.0,18.0,0.0,182.0,17585.6,0.0,0.0,0.0
19.0,18.0,0.0,212.0,17615.6,0.0,0.0,0.0
19.0,19.0,0.0,242.0,17645.8,0.0,0.0,0.0
2.0,19.0,1.0,272.0,17675.5,17675.5,137.0,2.0
5.0,2.0,0.0,0.0,17823.5,0.0,0.0,0.0
6.0,5.0,0.0,33.0,17857.4,0.0,0.0,0.0
7.0,6.0,0.0,63.0,17887.2,0.0,0.0,0.0
7.0,7.0,0.0,93.0,17917.4,0.0,0.0,0.0
8.0,7.0,0.0,125.0,17949.0,0.0,0.0,0.0
9.0,8.0,0.0,155.0,17979.2,0.0,0.0,0.0
9.0,9.0,0.0,186.0,18009.8,0.0,0.0,0.0
10.0,9.0,0.0,221.0,18044.9,0.0,0.0,0.0
11.0,10.0,1.0,246.0,18069.6,18069.6,147.0,1.0
14.0,11.0,0.0,0.0,18227.1,0.0,0.0,0.0
15.0,14.0,0.0,25.0,18252.5,0.0,0.0,0.0
15.0,15.0,0.0,54.0,18281.3,0.0,0.0,0.0
16.0,15.0,0.0,84.0,18311.3,0.0,0.0,0.0
16.0,16.0,0.0,114.0,18341.5,0.0,0.0,0.0
17.0,16.0,0.0,144.0,18371.5,0.0,0.0,0.0
18.0,17.0,0.0,178.0,18405.8,0.0,0.0,0.0
18.0,18.0,0.0,203.0,18430.8,0.0,0.0,0.0
19.0,18.0,0.0,236.0,18463.5,0.0,0.0,0.0
2.0,19.0,1.0,266.0,18493.8,18493.8,134.0,2.0
5.0,2.0,0.0,0.0,18637.9,0.0,0.0,0.0
5.0,5.0,0.0,30.0,18668.6,0.0,0.0,0.0
6.0,5.0,0.0,63.0,18701.0,0.0,0.0,0.0
7.0,6.0,0.0,92.0,18730.2,0.0,0.0,0.0
7.0,7.0,0.0,123.0,18761.4,0.0,0.0,0.0
8.0,7.0,0.0,155.0,18793.4,0.0,0.0,0.0
9.0,8.0,0.0,185.0,18823.4,0.0,0.0,0.0
9.0,9.0,0.0,215.0,18853.5,0.0,0.0,0.0
10.0,9.0,0.0,249.0,18887.6,0.0,0.0,0.0
11.0,10.0,1.0,275.0,18913.6,18913.6,150.0,1.0
14.0,11.0,0.0,0.0,19072.5,0.0,0.0,0.0
15.0,14.0,0.0,24.0,19097.5,0.0,0.0,0.0
15.0,15.0,0.0,57.0,19130.0,0.0,0.0,0.0
16.0,15.0,0.0,90.0,19163.0,0.0,0.0,0.0
17.0,16.0,0.0,116.0,19189.3,0.0,0.0,0.0
17.0,17.0,0.0,149.0,19221.7,0.0,0.0,0.0
18.0,17.0,0.0,178.0,19251.3,0.0,0.0,0.0
19.0,18.0,0.0,209.0,19281.8,0.0,0.0,0.0
19.0,19.0,0.0,242.0,19315.5,0.0,0.0,0.0
2.0,19.0,1.0,272.0,19345.5,19345.5,139.0,2.0
5.0,2.0,0.0,0.0,19493.7,0.0,0.0,0.0
6.0,5.0,0.0,24.0,19517.7,0.0,0.0,0.0
6.0,6.0,0.0,56.0,19550.0,0.0,0.0,0.0
7.0,6.0,0.0,89.0,19583.5,0.0,0.0,0.0
8.0,7.0,0.0,120.0,19614.6,0.0,0.0,0.0
8.0,8.0,0.0,150.0,19644.3,0.0,0.0,0.0
9.0,8.0,0.0,183.0,19677.0,0.0,0.0,0.0
10.0,9.0,0.0,213.0,19706.7,0.0,0.0,0.0
10.0,10.0,0.0,243.0,19736.7,0.0,0.0,0.0
11.0,10.0,1.0,278.0,19771.7,19771.7,145.0,1.0
14.0,11.0,0.0,0.0,19922.2,0.0,0.0,0.0
15.0,14.0,0.0,27.0,19949.7,0.0,0.0,0.0
16.0,15.0,0.0,57.0,19979.9,0.0,0.0,0.0
16.0,16.0,0.0,86.0,20009.2,0.0,0.0,0.0
17.0,16.0,0.0,118.0,20040.2,0.0,0.0,0.0
17.0,17.0,0.0,147.0,20069.6,0.0,0.0,0.0
18.0,17.0,0.0,179.0,20102.1,0.0,0.0,0.0
19.0,18.0,0.0,210.0,20133.0,0.0,0.0,0.0
2.0,19.0,1.0,239.0,20162.2,20162.2,128.0,2.0
4.0,2.0,0.0,0.0,20305.4,0.0,0.0,0.0
5.0,4.0,0.0,32.0,20337.7,0.0,0.0,0.0
6.0,5.0,0.0,62.0,20367.9,0.0,0.0,0.0
6.0,6.0,0.0,91.0,20397.0,0.0,0.0,0.0
7.0,6.0,0.0,122.0,20427.5,0.0,0.0,0.0
8.0,7.0,0.0,152.0,20457.8,0.0,0.0,0.0
8.0,8.0,0.0,182.0,20487.6,0.0,0.0,0.0
9.0,8.0,0.0,212.0,20518.1,0.0,0.0,0.0
10.0,9.0,0.0,244.0,20550.4,0.0,0.0,0.0
10.0,10.0,0.0,275.0,20581.4,0.0,0.0,0.0
11.0,10.0,1.0,304.0,20610.4,20610.4,137.0,1.0
14.0,11.0,0.0,0.0,20759.9,0.0,0.0,0.0
15.0,14.0,0.0,37.0,20797.3,0.0,0.0,0.0
16.0,15.0,0.0,62.0,20821.7,0.0,0.0,0.0
16.0,16.0,0.0,92.0,20851.8,0.0,0.0,0.0
17.0,16.0,0.0,122.0,20881.9,0.0,0.0,0.0
18.0,17.0,0.0,152.0,20912.1,0.0,0.0,0.0
18.0,18.0,0.0,182.0,20942.1,0.0,0.0,0.0
19.0,18.0,0.0,213.0,20973.0,0.0,0.0,0.0
19.0,19.0,0.0,242.0,21002.1,0.0,0.0,0.0
2.0,19.0,1.0,273.0,21032.9,21032.9,143.0,2.0
5.0,2.0,0.0,0.0,21185.6,0.0,0.0,0.0
6.0,5.0,0.0,30.0,21215.7,0.0,0.0,0.0
7.0,6.0,0.0,59.0,21245.5,0.0,0.0,0.0
7.0,7.0,0.0,89.0,21275.4,0.0,0.0,0.0
8.0,7.0,0.0,123.0,21309.2,0.0,0.0,0.0
9.0,8.0,0.0,153.0,21338.6,0.0,0.0,0.0
9.0,9.0,0.0,181.0,21367.2,0.0,0.0,0.0
10.0,9.0,0.0,214.0,21400.0,0.0,0.0,0.0
11.0,10.0,1.0,244.0,21430.1,21430.1,140.0,1.0
14.0,11.0,0.0,0.0,21581.7,0.0,0.0,0.0
14.0,14.0,0.0,31.0,21613.1,0.0,0.0,0.0
15.0,14.0,0.0,61.0,21643.4,0.0,0.0,0.0
16.0,15.0,0.0,92.0,21674.5,0.0,0.0,0.0
16.0,16.0,0.0,123.0,21705.5,0.0,0.0,0.0
17.0,16.0,0.0,153.0,21735.5,0.0,0.0,0.0
18.0,17.0,0.0,188.0,21770.3,0.0,0.0,0.0
18.0,18.0,0.0,219.0,21801.4,0.0,0.0,0.0
19.0,18.0,0.0,248.0,21829.9,0.0,0.0,0.0
2.0,19.0,1.0,277.0,21859.5,21859.5,144.0,2.0
5.0,2.0,0.0,0.0,22015.0,0.0,0.0,0.0
6.0,5.0,0.0,30.0,22045.6,0.0,0.0,0.0
6.0,6.0,0.0,59.0,22074.6,0.0,0.0,0.0
7.0,6.0,0.0,90.0,22105.3,0.0,0.0,0.0
8.0,7.0,0.0,121.0,22136.9,0.0,0.0,0.0
8.0,8.0,0.0,151.0,22166.9,0.0,0.0,0.0
9.0,8.0,0.0,182.0,22197.5,0.0,0.0,0.0
10.0,9.0,0.0,212.0,22227.3,0.0,0.0,0.0
10.0,10.0,0.0,242.0,22257.8,0.0,0.0,0.0
11.0,10.0,1.0,272.0,22287.9,22287.9,137.0,1.0
14.0,11.0,0.0,0.0,22435.0,0.0,0.0,0.0
14.0,14.0,0.0,22.0,22457.4,0.0,0.0,0.0
15.0,14.0,0.0,52.0,22487.6,0.0,0.0,0.0
16.0,15.0,0.0,83.0,22518.5,0.0,0.0,0.0
16.0,16.0,0.0,114.0,22549.5,0.0,0.0,0.0
17.0,16.0,0.0,143.0,22578.5,0.0,0.0,0.0
18.0,17.0,0.0,178.0,22613.7,0.0,0.0,0.0
18.0,18.0,0.0,204.0,22639.5,0.0,0.0,0.0
19.0,18.0,0.0,234.0,22669.6,0.0,0.0,0.0
2.0,19.0,1.0,264.0,22699.8,22699.8,143.0,2.0
5.0,2.0,0.0,0.0,22853.5,0.0,0.0,0.0
6.0,5.0,0.0,28.0,22882.1,0.0,0.0,0.0
6.0,6.0,0.0,59.0,22913.4,0.0,0.0,0.0
7.0,6.0,0.0,93.0,22946.6,0.0,0.0,0.0
7.0,7.0,0.0,120.0,22974.5,0.0,0.0,0.0
8.0,7.0,0.0,152.0,23005.8,0.0,0.0,0.0
9.0,8.0,0.0,183.0,23037.0,0.0,0.0,0.0
9.0,9.0,0.0,213.0,23067.4,0.0,0.0,0.0
10.0,9.0,0.0,243.0,23097.1,0.0,0.0,0.0
11.0,10.0,1.0,273.0,23127.4,23127.4,135.0,1.0
14.0,11.0,0.0,0.0,23273.0,0.0,0.0,0.0
14.0,14.0,0.0,29.0,23302.3,0.0,0.0,0.0
15.0,14.0,0.0,59.0,23332.9,0.0,0.0,0.0
16.0,15.0,0.0,89.0,23362.5,0.0,0.0,0.0
16.0,16.0,0.0,120.0,23393.4,0.0,0.0,0.0
17.0,16.0,0.0,150.0,23423.4,0.0,0.0,0.0
18.0,17.0,0.0,184.0,23457.9,0.0,0.0,0.0
19.0,18.0,0.0,214.0,23487.3,0.0,0.0,0.0
19.0,19.0,0.0,244.0,23517.8,0.0,0.0,0.0
2.0,19.0,1.0,276.0,23549.8,23549.8,140.0,2.0
5.0,2.0,0.0,0.0,23700.1,0.0,0.0,0.0
6.0,5.0,0.0,30.0,23730.5,0.0,0.0,0.0
6.0,6.0,0.0,61.0,23761.2,0.0,0.0,0.0
7.0,6.0,0.0,91.0,23791.8,0.0,0.0,0.0
8.0,7.0,0.0,121.0,23821.8,0.0,0.0,0.0
8.0,8.0,0.0,151.0,23851.6,0.0,0.0,0.0
9.0,8.0,0.0,181.0,23881.8,0.0,0.0,0.0
10.0,9.0,0.0,211.0,23911.3,0.0,0.0,0.0
10.0,10.0,0.0,242.0,23942.4,0.0,0.0,0.0
11.0,10.0,1.0,272.0,23973.1,23973.1,148.0,1.0
14.0,11.0,0.0,0.0,24130.1,0.0,0.0,0.0
15.0,14.0,0.0,28.0,24158.4,0.0,0.0,0.0
16.0,15.0,0.0,59.0,24189.2,0.0,0.0,0.0
16.0,16.0,0.0,87.0,24217.9,0.0,0.0,0.0
17.0,16.0,0.0,119.0,24250.0,0.0,0.0,0.0
18.0,17.0,0.0,149.0,24279.4,0.0,0.0,0.0
18.0,18.0,0.0,179.0,24309.5,0.0,0.0,0.0
19.0,18.0,0.0,211.0,24341.8,0.0,0.0,0.0
2.0,19.0,1.0,241.0,24371.8,24371.8,146.0,2.0
5.0,2.0,0.0,0.0,24532.8,0.0,0.0,0.0
6.0,5.0,0.0,26.0,24559.7,0.0,0.0,0.0
6.0,6.0,0.0,57.0,24589.8,0.0,0.0,0.0
7.0,6.0,0.0,87.0,24620.1,0.0,0.0,0.0
7.0,7.0,0.0,117.0,24650.4,0.0,0.0,0.0
8.0,7.0,0.0,148.0,24681.2,0.0,0.0,0.0
9.0,8.0,0.0,180.0,24713.0,0.0,0.0,0.0
9.0,9.0,0.0,209.0,24742.4,0.0,0.0,0.0
10.0,9.0,0.0,240.0,24773.4,0.0,0.0,0.0
11.0,10.0,1.0,270.0,24803.6,24803.6,144.0,1.0
14.0,11.0,0.0,0.0,24957.6,0.0,0.0,0.0
15.0,14.0,0.0,40.0,24997.8,0.0,0.0,0.0
15.0,15.0,0.0,70.0,25027.7,0.0,0.0,0.0
16.0,15.0,0.0,100.0,25057.9,0.0,0.0,0.0
17.0,16.0,0.0,132.0,25090.0,0.0,0.0,0.0
17.0,17.0,0.0,163.0,25120.6,0.0,0.0,0.0
18.0,17.0,0.0,193.0,25151.1,0.0,0.0,0.0
19.0,18.0,0.0,228.0,25185.6,0.0,0.0,0.0
19.0,19.0,0.0,252.0,25210.4,0.0,0.0,0.0
2.0,19.0,1.0,284.0,25241.6,25241.6,150.0,2.0
5.0,2.0,0.0,0.0,25401.2,0.0,0.0,0.0
6.0,5.0,0.0,30.0,25431.3,0.0,0.0,0.0
7.0,6.0,0.0,64.0,25466.0,0.0,0.0,0.0
7.0,7.0,0.0,90.0,25491.6,0.0,0.0,0.0
8.0,7.0,0.0,120.0,25522.1,0.0,0.0,0.0
9.0,8.0,0.0,150.0,25551.7,0.0,0.0,0.0
9.0,9.0,0.0,181.0,25582.3,0.0,0.0,0.0
10.0,9.0,0.0,209.0,25610.6,0.0,0.0,0.0
11.0,10.0,1.0,241.0,25642.3,25642.3,148.0,1.0
14.0,11.0,0.0,0.0,25801.8,0.0,0.0,0.0
15.0,14.0,0.0,36.0,25838.1,0.0,0.0,0.0
15.0,15.0,0.0,61.0,25863.4,0.0,0.0,0.0
16.0,15.0,0.0,91.0,25893.8,0.0,0.0,0.0
17.0,16.0,0.0,121.0,25923.1,0.0,0.0,0.0
17.0,17.0,0.0,152.0,25953.9,0.0,0.0,0.0
18.0,17.0,0.0,183.0,25985.5,0.0,0.0,0.0
19.0,18.0,0.0,212.0,26013.4,0.0,0.0,0.0
19.0,19.0,0.0,242.0,26044.5,0.0,0.0,0.0
2.0,19.0,1.0,272.0,26074.1,26074.1,147.0,2.0
5.0,2.0,0.0,0.0,26231.6,0.0,0.0,0.0
6.0,5.0,0.0,32.0,26263.6,0.0,0.0,0.0
7.0,6.0,0.0,58.0,26289.9,0.0,0.0,0.0
7.0,7.0,0.0,91.0,26323.1,0.0,0.0,0.0
8.0,7.0,0.0,119.0,26351.0,0.0,0.0,0.0
8.0,8.0,0.0,150.0,26381.9,0.0,0.0,0.0
9.0,8.0,0.0,180.0,26411.8,0.0,0.0,0.0
10.0,9.0,0.0,214.0,26445.9,0.0,0.0,0.0
10.0,10.0,0.0,244.0,26476.3,0.0,0.0,0.0
11.0,10.0,1.0,274.0,26506.4,26506.4,145.0,1.0
14.0,11.0,0.0,1.0,26663.7,0.0,0.0,0.0
15.0,14.0,0.0,29.0,26691.9,0.0,0.0,0.0
16.0,15.0,0.0,64.0,26726.8,0.0,0.0,0.0
16.0,16.0,0.0,89.0,26751.9,0.0,0.0,0.0
17.0,16.0,0.0,120.0,26783.7,0.0,0.0,0.0
18.0,17.0,0.0,150.0,26813.4,0.0,0.0,0.0
18.0,18.0,0.0,181.0,26843.9,0.0,0.0,0.0
19.0,18.0,0.0,213.0,26876.0,0.0,0.0,0.0
2.0,19.0,1.0,242.0,26905.6,26905.6,140.0,2.0
5.0,2.0,0.0,0.0,27056.7,0.0,0.0,0.0
6.0,5.0,0.0,31.0,27087.8,0.0,0.0,0.0
6.0,6.0,0.0,60.0,27117.5,0.0,0.0,0.0
7.0,6.0,0.0,90.0,27147.3,0.0,0.0,0.0
7.0,7.0,0.0,120.0,27177.1,0.0,0.0,0.0
8.0,7.0,0.0,150.0,27207.5,0.0,0.0,0.0
9.0,8.0,0.0,180.0,27237.0,0.0,0.0,0.0
9.0,9.0,0.0,210.0,27267.5,0.0,0.0,0.0
10.0,9.0,0.0,241.0,27297.9,0.0,0.0,0.0
11.0,10.0,1.0,271.0,27328.0,27328.0,141.0,1.0
14.0,11.0,0.0,0.0,27479.4,0.0,0.0,0.0
15.0,14.0,0.0,30.0,27509.5,0.0,0.0,0.0
15.0,15.0,0.0,59.0,27539.4,0.0,0.0,0.0
16.0,15.0,0.0,89.0,27568.8,0.0,0.0,0.0
17.0,16.0,0.0,119.0,27599.4,0.0,0.0,0.0
17.0,17.0,0.0,152.0,27631.9,0.0,0.0,0.0
18.0,17.0,0.0,182.0,27661.8,0.0,0.0,0.0
19.0,18.0,0.0,212.0,27691.7,0.0,0.0,0.0
19.0,19.0,0.0,242.0,27721.5,0.0,0.0,0.0
2.0,19.0,1.0,272.0,27751.6,27751.6,149.0,2.0
5.0,2.0,0.0,0.0,27910.9,0.0,0.0,0.0
6.0,5.0,0.0,30.0,27941.5,0.0,0.0,0.0
7.0,6.0,0.0,60.0,27970.6,0.0,0.0,0.0
7.0,7.0,0.0,90.0,28001.9,0.0,0.0,0.0
8.0,7.0,0.0,122.0,28033.6,0.0,0.0,0.0
9.0,8.0,0.0,152.0,28063.4,0.0,0.0,0.0
9.0,9.0,0.0,181.0,28092.9,0.0,0.0,0.0
10.0,9.0,0.0,216.0,28127.9,0.0,0.0,0.0
11.0,10.0,1.0,242.0,28153.4,28153.4,134.0,1.0
14.0,11.0,0.0,0.0,28297.6,0.0,0.0,0.0
14.0,14.0,0.0,28.0,28326.0,0.0,0.0,0.0
15.0,14.0,0.0,63.0,28361.1,0.0,0.0,0.0
16.0,15.0,0.0,92.0,28390.3,0.0,0.0,0.0
16.0,16.0,0.0,123.0,28421.4,0.0,0.0,0.0
17.0,16.0,0.0,153.0,28451.4,0.0,0.0,0.0
18.0,17.0,0.0,184.0,28482.5,0.0,0.0,0.0
18.0,18.0,0.0,215.0,28513.5,0.0,0.0,0.0
19.0,18.0,0.0,245.0,28542.8,0.0,0.0,0.0
2.0,19.0,1.0,276.0,28574.4,28574.4,142.0,2.0
5.0,2.0,0.0,0.0,28727.8,0.0,0.0,0.0
6.0,5.0,0.0,34.0,28762.2,0.0,0.0,0.0
6.0,6.0,0.0,61.0,28789.3,0.0,0.0,0.0
7.0,6.0,0.0,90.0,28818.1,0.0,0.0,0.0
8.0,7.0,0.0,125.0,28853.4,0.0,0.0,0.0
8.0,8.0,0.0,150.0,28878.5,0.0,0.0,0.0
9.0,8.0,0.0,184.0,28911.9,0.0,0.0,0.0
10.0,9.0,0.0,214.0,28941.9,0.0,0.0,0.0
11.0,10.0,1.0,243.0,28971.7,28971.7,146.0,1.0
14.0,11.0,0.0,0.0,29132.6,0.0,0.0,0.0
15.0,14.0,0.0,33.0,29166.0,0.0,0.0,0.0
15.0,15.0,0.0,59.0,29191.9,0.0,0.0,0.0
16.0,15.0,0.0,92.0,29224.6,0.0,0.0,0.0
17.0,16.0,0.0,125.0,29257.8,0.0,0.0,0.0
17.0,17.0,0.0,156.0,29289.3,0.0,0.0,0.0
18.0,17.0,0.0,185.0,29318.3,0.0,0.0,0.0
19.0,18.0,0.0,220.0,29352.8,0.0,0.0,0.0
19.0,19.0,0.0,245.0,29378.4,0.0,0.0,0.0
2.0,19.0,1.0,276.0,29409.5,29409.5,147.0,2.0
5.0,2.0,0.0,0.0,29565.6,0.0,0.0,0.0
6.0,5.0,0.0,24.0,29589.9,0.0,0.0,0.0
7.0,6.0,0.0,54.0,29619.8,0.0,0.0,0.0
7.0,7.0,0.0,87.0,29653.4,0.0,0.0,0.0
8.0,7.0,0.0,122.0,29688.2,0.0,0.0,0.0
9.0,8.0,0.0,148.0,29714.5,0.0,0.0,0.0
9.0,9.0,0.0,181.0,29747.6,0.0,0.0,0.0
10.0,9.0,0.0,217.0,29782.2,0.0,0.0,0.0
11.0,10.0,1.0,245.0,29811.4,29811.4,148.0,1.0
14.0,11.0,0.0,0.0,29969.5,0.0,0.0,0.0
15.0,14.0,0.0,36.0,30006.2,0.0,0.0,0.0
15.0,15.0,0.0,62.0,30031.7,0.0,0.0,0.0
16.0,15.0,0.0,92.0,30061.7,0.0,0.0,0.0
17.0,16.0,0.0,122.0,30091.7,0.0,0.0,0.0
17.0,17.0,0.0,152.0,30122.1,0.0,0.0,0.0
18.0,17.0,0.0,182.0,30152.4,0.0,0.0,0.0
19.0,18.0,0.0,212.0,30181.6,0.0,0.0,0.0
19.0,19.0,0.0,243.0,30212.9,0.0,0.0,0.0
2.0,19.0,1.0,279.0,30248.6,30248.6,137.0,2.0
5.0,2.0,0.0,0.0,30389.6,0.0,0.0,0.0
6.0,5.0,0.0,23.0,30413.4,0.0,0.0,0.0
6.0,6.0,0.0,53.0,30443.0,0.0,0.0,0.0
7.0,6.0,0.0,83.0,30473.5,0.0,0.0,0.0
8.0,7.0,0.0,113.0,30503.4,0.0,0.0,0.0
8.0,8.0,0.0,143.0,30533.4,0.0,0.0,0.0
9.0,8.0,0.0,174.0,30563.9,0.0,0.0,0.0
9.0,9.0,0.0,203.0,30593.5,0.0,0.0,0.0
10.0,9.0,0.0,234.0,30624.1,0.0,0.0,0.0
11.0,10.0,1.0,267.0,30657.1,30657.1,137.0,1.0
14.0,11.0,0.0,0.0,30803.5,0.0,0.0,0.0
15.0,14.0,0.0,26.0,30830.0,0.0,0.0,0.0
15.0,15.0,0.0,58.0,30862.1,0.0,0.0,0.0
16.0,15.0,0.0,89.0,30893.4,0.0,0.0,0.0
17.0,16.0,0.0,129.0,30933.0,0.0,0.0,0.0
17.0,17.0,0.0,160.0,30963.7,0.0,0.0,0.0
18.0,17.0,0.0,191.0,30994.6,0.0,0.0,0.0
19.0,18.0,0.0,226.0,31030.0,0.0,0.0,0.0
19.0,19.0,0.0,256.0,31060.1,0.0,0.0,0.0
2.0,19.0,1.0,287.0,31090.2,31090.2,142.0,2.0
5.0,2.0,0.0,0.0,31244.0,0.0,0.0,0.0
6.0,5.0,0.0,33.0,31277.7,0.0,0.0,0.0
7.0,6.0,0.0,63.0,31307.4,0.0,0.0,0.0
7.0,7.0,0.0,93.0,31337.2,0.0,0.0,0.0
8.0,7.0,0.0,127.0,31371.9,0.0,0.0,0.0
9.0,8.0,0.0,153.0,31397.6,0.0,0.0,0.0
9.0,9.0,0.0,183.0,31427.8,0.0,0.0,0.0
10.0,9.0,0.0,213.0,31457.5,0.0,0.0,0.0
11.0,10.0,1.0,244.0,31488.0,31488.0,132.0,1.0
14.0,11.0,0.0,0.0,31635.1,0.0,0.0,0.0
14.0,14.0,0.0,26.0,31661.3,0.0,0.0,0.0
15.0,14.0,0.0,62.0,31697.6,0.0,0.0,0.0
16.0,15.0,0.0,85.0,31720.9,0.0,0.0,0.0
16.0,16.0,0.0,118.0,31753.8,0.0,0.0,0.0
17.0,16.0,0.0,154.0,31788.9,0.0,0.0,0.0
18.0,17.0,0.0,178.0,31813.3,0.0,0.0,0.0
18.0,18.0,0.0,211.0,31846.6,0.0,0.0,0.0
19.0,18.0,0.0,240.0,31875.8,0.0,0.0,0.0
2.0,19.0,1.0,270.0,31905.9,31905.9,143.0,2.0
5.0,2.0,0.0,0.0,32062.0,0.0,0.0,0.0
6.0,5.0,0.0,30.0,32092.5,0.0,0.0,0.0
6.0,6.0,0.0,59.0,32121.6,0.0,0.0,0.0
7.0,6.0,0.0,89.0,32151.4,0.0,0.0,0.0
7.0,7.0,0.0,119.0,32181.7,0.0,0.0,0.0
8.0,7.0,0.0,149.0,32211.8,0.0,0.0,0.0
9.0,8.0,0.0,183.0,32245.6,0.0,0.0,0.0
9.0,9.0,0.0,209.0,32271.7,0.0,0.0,0.0
10.0,9.0,0.0,239.0,32301.9,0.0,0.0,0.0
11.0,10.0,1.0,275.0,32338.0,32338.0,141.0,1.0
14.0,11.0,0.0,0.0,32489.0,0.0,0.0,0.0
15.0,14.0,0.0,30.0,32519.7,0.0,0.0,0.0
15.0,15.0,0.0,59.0,32548.6,0.0,0.0,0.0
16.0,15.0,0.0,90.0,32579.9,0.0,0.0,0.0
17.0,16.0,0.0,120.0,32609.8,0.0,0.0,0.0
17.0,17.0,0.0,151.0,32640.1,0.0,0.0,0.0
18.0,17.0,0.0,184.0,32673.4,0.0,0.0,0.0
19.0,18.0,0.0,213.0,32703.0,0.0,0.0,0.0
19.0,19.0,0.0,243.0,32733.0,0.0,0.0,0.0
2.0,19.0,1.0,279.0,32768.1,32768.1,133.0,2.0
5.0,2.0,0.0,0.0,32907.9,0.0,0.0,0.0
6.0,5.0,0.0,26.0,32934.4,0.0,0.0,0.0
6.0,6.0,0.0,58.0,32966.2,0.0,0.0,0.0
7.0,6.0,0.0,94.0,33002.2,0.0,0.0,0.0
8.0,7.0,0.0,123.0,33031.7,0.0,0.0,0.0
8.0,8.0,0.0,153.0,33061.3,0.0,0.0,0.0
9.0,8.0,0.0,184.0,33092.9,0.0,0.0,0.0
10.0,9.0,0.0,214.0,33122.1,0.0,0.0,0.0
10.0,10.0,0.0,244.0,33152.2,0.0,0.0,0.0
11.0,10.0,1.0,277.0,33185.6,33185.6,139.0,1.0
14.0,11.0,0.0,0.0,33333.9,0.0,0.0,0.0
15.0,14.0,0.0,32.0,33366.1,0.0,0.0,0.0
16.0,15.0,0.0,62.0,33396.0,0.0,0.0,0.0
16.0,16.0,0.0,91.0,33425.6,0.0,0.0,0.0
17.0,16.0,0.0,122.0,33456.7,0.0,0.0,0.0
18.0,17.0,0.0,195.0,33529.0,0.0,0.0,0.0
19.0,18.0,0.0,223.0,33557.3,0.0,0.0,0.0
2.0,19.0,1.0,256.0,33590.3,33590.3,148.0,2.0
5.0,2.0,0.0,0.0,33745.3,0.0,0.0,0.0
6.0,5.0,0.0,36.0,33782.2,0.0,0.0,0.0
6.0,6.0,0.0,62.0,33807.3,0.0,0.0,0.0
7.0,6.0,0.0,91.0,33837.2,0.0,0.0,0.0
8.0,7.0,0.0,122.0,33867.5,0.0,0.0,0.0
9.0,8.0,0.0,165.0,33910.4,0.0,0.0,0.0
9.0,9.0,0.0,195.0,33940.7,0.0,0.0,0.0
10.0,9.0,0.0,228.0,33973.6,0.0,0.0,0.0
11.0,10.0,1.0,256.0,34001.5,34001.5,152.0,1.0
14.0,11.0,0.0,0.0,34167.4,0.0,0.0,0.0
15.0,14.0,0.0,27.0,34195.3,0.0,0.0,0.0
15.0,15.0,0.0,58.0,34225.5,0.0,0.0,0.0
16.0,15.0,0.0,88.0,34255.8,0.0,0.0,0.0
17.0,16.0,0.0,118.0,34286.1,0.0,0.0,0.0
17.0,17.0,0.0,148.0,34316.1,0.0,0.0,0.0
18.0,17.0,0.0,181.0,34348.7,0.0,0.0,0.0
19.0,18.0,0.0,210.0,34378.2,0.0,0.0,0.0
19.0,19.0,0.0,242.0,34410.3,0.0,0.0,0.0
2.0,19.0,1.0,274.0,34442.3,34442.3,133.0,2.0
5.0,2.0,0.0,0.0,34582.2,0.0,0.0,0.0
6.0,5.0,0.0,35.0,34617.3,0.0,0.0,0.0
6.0,6.0,0.0,59.0,34641.6,0.0,0.0,0.0
7.0,6.0,0.0,94.0,34676.8,0.0,0.0,0.0
8.0,7.0,0.0,118.0,34701.2,0.0,0.0,0.0
8.0,8.0,0.0,151.0,34733.9,0.0,0.0,0.0
9.0,8.0,0.0,185.0,34767.6,0.0,0.0,0.0
10.0,9.0,0.0,216.0,34798.3,0.0,0.0,0.0
10.0,10.0,0.0,245.0,34827.7,0.0,0.0,0.0
11.0,10.0,1.0,280.0,34862.3,34862.3,144.0,1.0
14.0,11.0,0.0,0.0,35013.4,0.0,0.0,0.0
15.0,14.0,0.0,28.0,35041.8,0.0,0.0,0.0
16.0,15.0,0.0,58.0,35071.8,0.0,0.0,0.0
16.0,16.0,0.0,94.0,35107.5,0.0,0.0,0.0
17.0,16.0,0.0,126.0,35139.9,0.0,0.0,0.0
18.0,17.0,0.0,156.0,35169.9,0.0,0.0,0.0
18.0,18.0,0.0,186.0,35200.0,0.0,0.0,0.0
19.0,18.0,0.0,218.0,35232.3,0.0,0.0,0.0
2.0,19.0,1.0,249.0,35262.4,35262.4,140.0,2.0
5.0,2.0,0.0,0.0,35413.5,0.0,0.0,0.0
5.0,5.0,0.0,29.0,35443.4,0.0,0.0,0.0
6.0,5.0,0.0,59.0,35473.5,0.0,0.0,0.0
7.0,6.0,0.0,90.0,35503.7,0.0,0.0,0.0
7.0,7.0,0.0,120.0,35533.7,0.0,0.0,0.0
8.0,7.0,0.0,153.0,35567.3,0.0,0.0,0.0
9.0,8.0,0.0,188.0,35601.8,0.0,0.0,0.0
9.0,9.0,0.0,217.0,35631.5,0.0,0.0,0.0
10.0,9.0,0.0,248.0,35661.9,0.0,0.0,0.0
11.0,10.0,1.0,280.0,35694.0,35694.0,140.0,1.0
14.0,11.0,0.0,0.0,35844.6,0.0,0.0,0.0
15.0,14.0,0.0,30.0,35875.5,0.0,0.0,0.0
15.0,15.0,0.0,60.0,35905.4,0.0,0.0,0.0
16.0,15.0,0.0,94.0,35939.4,0.0,0.0,0.0
17.0,16.0,0.0,121.0,35965.7,0.0,0.0,0.0
17.0,17.0,0.0,151.0,35995.8,0.0,0.0,0.0
18.0,17.0,0.0,180.0,36025.6,0.0,0.0,0.0
19.0,18.0,0.0,211.0,36055.7,0.0,0.0,0.0
19.0,19.0,0.0,241.0,36085.7,0.0,0.0,0.0
2.0,19.0,1.0,271.0,36115.8,36115.8,136.0,2.0
5.0,2.0,0.0,0.0,36261.6,0.0,0.0,0.0
6.0,5.0,0.0,30.0,36291.8,0.0,0.0,0.0
6.0,6.0,0.0,59.0,36321.2,0.0,0.0,0.0
7.0,6.0,0.0,93.0,36354.7,0.0,0.0,0.0
8.0,7.0,0.0,123.0,36385.6,0.0,0.0,0.0
8.0,8.0,0.0,158.0,36419.6,0.0,0.0,0.0
9.0,8.0,0.0,187.0,36449.5,0.0,0.0,0.0
10.0,9.0,0.0,217.0,36479.1,0.0,0.0,0.0
10.0,10.0,0.0,247.0,36509.5,0.0,0.0,0.0
11.0,10.0,1.0,278.0,36540.1,36540.1,143.0,1.0
14.0,11.0,0.0,0.0,36694.4,0.0,0.0,0.0
15.0,14.0,0.0,32.0,36725.5,0.0,0.0,0.0
15.0,15.0,0.0,57.0,36751.3,0.0,0.0,0.0
16.0,15.0,0.0,88.0,36782.4,0.0,0.0,0.0
17.0,16.0,0.0,123.0,36817.0,0.0,0.0,0.0
17.0,17.0,0.0,148.0,36841.5,0.0,0.0,0.0
18.0,17.0,0.0,182.0,36876.1,0.0,0.0,0.0
19.0,18.0,0.0,209.0,36902.5,0.0,0.0,0.0
19.0,19.0,0.0,239.0,36933.1,0.0,0.0,0.0
2.0,19.0,1.0,268.0,36962.4,36962.4,147.0,2.0
5.0,2.0,0.0,0.0,37117.9,0.0,0.0,0.0
6.0,5.0,0.0,26.0,37144.5,0.0,0.0,0.0
6.0,6.0,0.0,54.0,37172.3,0.0,0.0,0.0
7.0,6.0,0.0,86.0,37204.6,0.0,0.0,0.0
8.0,7.0,0.0,116.0,37234.4,0.0,0.0,0.0
8.0,8.0,0.0,146.0,37264.5,0.0,0.0,0.0
9.0,8.0,0.0,181.0,37299.9,0.0,0.0,0.0
10.0,9.0,0.0,207.0,37325.5,0.0,0.0,0.0
10.0,10.0,0.0,239.0,37357.4,0.0,0.0,0.0
11.0,10.0,1.0,273.0,37391.9,37391.9,132.0,1.0
14.0,11.0,0.0,0.0,37530.0,0.0,0.0,0.0
15.0,14.0,0.0,29.0,37559.6,0.0,0.0,0.0
15.0,15.0,0.0,62.0,37592.9,0.0,0.0,0.0
16.0,15.0,0.0,94.0,37624.4,0.0,0.0,0.0
17.0,16.0,0.0,124.0,37654.4,0.0,0.0,0.0
17.0,17.0,0.0,155.0,37685.1,0.0,0.0,0.0
18.0,17.0,0.0,189.0,37719.8,0.0,0.0,0.0
19.0,18.0,0.0,215.0,37745.7,0.0,0.0,0.0
19.0,19.0,0.0,245.0,37775.5,0.0,0.0,0.0
2.0,19.0,1.0,275.0,37805.7,37805.7,138.0,2.0
5.0,2.0,0.0,0.0,37953.1,0.0,0.0,0.0
6.0,5.0,0.0,36.0,37990.0,0.0,0.0,0.0
6.0,6.0,0.0,62.0,38016.1,0.0,0.0,0.0
7.0,6.0,0.0,93.0,38046.1,0.0,0.0,0.0
8.0,7.0,0.0,123.0,38076.4,0.0,0.0,0.0
8.0,8.0,0.0,153.0,38106.5,0.0,0.0,0.0
9.0,8.0,0.0,183.0,38137.1,0.0,0.0,0.0
10.0,9.0,0.0,214.0,38167.3,0.0,0.0,0.0
10.0,10.0,0.0,244.0,38197.7,0.0,0.0,0.0
11.0,10.0,1.0,278.0,38231.9,38231.9,145.0,1.0
14.0,11.0,0.0,0.0,38382.3,0.0,0.0,0.0
15.0,14.0,0.0,27.0,38410.1,0.0,0.0,0.0
15.0,15.0,0.0,57.0,38440.1,0.0,0.0,0.0
16.0,15.0,0.0,87.0,38469.4,0.0,0.0,0.0
17.0,16.0,0.0,117.0,38499.7,0.0,0.0,0.0
17.0,17.0,0.0,147.0,38530.2,0.0,0.0,0.0
18.0,17.0,0.0,183.0,38565.7,0.0,0.0,0.0
19.0,18.0,0.0,215.0,38598.2,0.0,0.0,0.0
19.0,19.0,0.0,246.0,38629.3,0.0,0.0,0.0
2.0,19.0,1.0,277.0,38659.7,38659.7,146.0,2.0
5.0,2.0,0.0,0.0,38815.7,0.0,0.0,0.0
6.0,5.0,0.0,32.0,38848.1,0.0,0.0,0.0
7.0,6.0,0.0,66.0,38881.9,0.0,0.0,0.0
7.0,7.0,0.0,96.0,38912.1,0.0,0.0,0.0
8.0,7.0,0.0,126.0,38941.8,0.0,0.0,0.0
9.0,8.0,0.0,156.0,38972.3,0.0,0.0,0.0
9.0,9.0,0.0,186.0,39002.3,0.0,0.0,0.0
10.0,9.0,0.0,218.0,39034.4,0.0,0.0,0.0
11.0,10.0,1.0,248.0,39064.5,39064.5,144.0,1.0
14.0,11.0,0.0,0.0,39219.3,0.0,0.0,0.0
15.0,14.0,0.0,30.0,39249.7,0.0,0.0,0.0
15.0,15.0,0.0,60.0,39279.6,0.0,0.0,0.0
16.0,15.0,0.0,90.0,39309.9,0.0,0.0,0.0
17.0,16.0,0.0,120.0,39339.9,0.0,0.0,0.0
17.0,17.0,0.0,150.0,39369.3,0.0,0.0,0.0
18.0,17.0,0.0,180.0,39399.6,0.0,0.0,0.0
19.0,18.0,0.0,210.0,39430.1,0.0,0.0,0.0
19.0,19.0,0.0,243.0,39462.6,0.0,0.0,0.0
2.0,19.0,1.0,274.0,39493.5,39493.5,141.0,2.0
5.0,2.0,0.0,0.0,39643.4,0.0,0.0,0.0
6.0,5.0,0.0,34.0,39678.0,0.0,0.0,0.0
6.0,6.0,0.0,60.0,39703.5,0.0,0.0,0.0
7.0,6.0,0.0,89.0,39733.1,0.0,0.0,0.0
8.0,7.0,0.0,120.0,39763.5,0.0,0.0,0.0
8.0,8.0,0.0,150.0,39793.9,0.0,0.0,0.0
9.0,8.0,0.0,185.0,39829.3,0.0,0.0,0.0
10.0,9.0,0.0,215.0,39859.1,0.0,0.0,0.0
10.0,10.0,0.0,244.0,39887.6,0.0,0.0,0.0
11.0,10.0,1.0,275.0,39919.1,39919.1,141.0,1.0
14.0,11.0,0.0,0.0,40069.8,0.0,0.0,0.0
15.0,14.0,0.0,22.0,40092.8,0.0,0.0,0.0
15.0,15.0,0.0,53.0,40123.5,0.0,0.0,0.0
16.0,15.0,0.0,83.0,40153.7,0.0,0.0,0.0
17.0,16.0,0.0,114.0,40184.0,0.0,0.0,0.0
17.0,17.0,0.0,144.0,40214.4,0.0,0.0,0.0
18.0,17.0,0.0,176.0,40246.8,0.0,0.0,0.0
19.0,18.0,0.0,205.0,40275.6,0.0,0.0,0.0
19.0,19.0,0.0,236.0,40305.9,0.0,0.0,0.0
2.0,19.0,1.0,267.0,40337.8,40337.8,136.0,2.0
5.0,2.0,0.0,0.0,40484.6,0.0,0.0,0.0
6.0,5.0,0.0,27.0,40511.9,0.0,0.0,0.0
6.0,6.0,0.0,62.0,40547.3,0.0,0.0,0.0
7.0,6.0,0.0,92.0,40577.6,0.0,0.0,0.0
8.0,7.0,0.0,123.0,40607.9,0.0,0.0,0.0
8.0,8.0,0.0,152.0,40637.6,0.0,0.0,0.0
9.0,8.0,0.0,184.0,40669.4,0.0,0.0,0.0
10.0,9.0,0.0,215.0,40699.8,0.0,0.0,0.0
10.0,10.0,0.0,248.0,40733.5,0.0,0.0,0.0
11.0,10.0,1.0,279.0,40764.0,40764.0,135.0,1.0
14.0,11.0,0.0,0.0,40909.0,0.0,0.0,0.0
15.0,14.0,0.0,29.0,40938.5,0.0,0.0,0.0
15.0,15.0,0.0,60.0,40969.0,0.0,0.0,0.0
16.0,15.0,0.0,92.0,41001.7,0.0,0.0,0.0
17.0,16.0,0.0,120.0,41029.6,0.0,0.0,0.0
17.0,17.0,0.0,150.0,41059.7,0.0,0.0,0.0
18.0,17.0,0.0,180.0,41089.6,0.0,0.0,0.0
19.0,18.0,0.0,210.0,41119.8,0.0,0.0,0.0
19.0,19.0,0.0,240.0,41149.9,0.0,0.0,0.0
2.0,19.0,1.0,270.0,41179.8,41179.8,138.0,2.0
5.0,2.0,0.0,0.0,41327.7,0.0,0.0,0.0
6.0,5.0,0.0,36.0,41363.9,0.0,0.0,0.0
6.0,6.0,0.0,63.0,41391.3,0.0,0.0,0.0
7.0,6.0,0.0,94.0,41422.4,0.0,0.0,0.0
8.0,7.0,0.0,123.0,41451.3,0.0,0.0,0.0
8.0,8.0,0.0,153.0,41481.7,0.0,0.0,0.0
9.0,8.0,0.0,185.0,41513.5,0.0,0.0,0.0
10.0,9.0,0.0,213.0,41541.7,0.0,0.0,0.0
10.0,10.0,0.0,245.0,41573.7,0.0,0.0,0.0
11.0,10.0,1.0,281.0,41609.4,41609.4,134.0,1.0
14.0,11.0,0.0,0.0,41747.9,0.0,0.0,0.0
15.0,14.0,0.0,24.0,41772.2,0.0,0.0,0.0
15.0,15.0,0.0,53.0,41801.6,0.0,0.0,0.0
16.0,15.0,0.0,84.0,41832.8,0.0,0.0,0.0
16.0,16.0,0.0,115.0,41863.3,0.0,0.0,0.0
17.0,16.0,0.0,145.0,41893.4,0.0,0.0,0.0
18.0,17.0,0.0,175.0,41923.4,0.0,0.0,0.0
18.0,18.0,0.0,205.0,41953.3,0.0,0.0,0.0
19.0,18.0,0.0,235.0,41983.4,0.0,0.0,0.0
2.0,19.0,1.0,269.0,42016.9,42016.9,156.0,2.0
5.0,2.0,0.0,0.0,42178.9,0.0,0.0,0.0
6.0,5.0,0.0,33.0,42212.4,0.0,0.0,0.0
7.0,6.0,0.0,59.0,42238.0,0.0,0.0,0.0
7.0,7.0,0.0,91.0,42270.6,0.0,0.0,0.0
8.0,7.0,0.0,125.0,42304.2,0.0,0.0,0.0
9.0,8.0,0.0,150.0,42329.5,0.0,0.0,0.0
9.0,9.0,0.0,183.0,42362.1,0.0,0.0,0.0
10.0,9.0,0.0,212.0,42391.7,0.0,0.0,0.0
10.0,10.0,0.0,242.0,42421.8,0.0,0.0,0.0
11.0,10.0,1.0,273.0,42452.4,42452.4,140.0,1.0
14.0,11.0,0.0,0.0,42603.2,0.0,0.0,0.0
15.0,14.0,0.0,32.0,42635.5,0.0,0.0,0.0
16.0,15.0,0.0,65.0,42668.3,0.0,0.0,0.0
16.0,16.0,0.0,92.0,42696.1,0.0,0.0,0.0
17.0,16.0,0.0,122.0,42725.6,0.0,0.0,0.0
18.0,17.0,0.0,153.0,42756.5,0.0,0.0,0.0
18.0,18.0,0.0,183.0,42786.3,0.0,0.0,0.0
19.0,18.0,0.0,214.0,42817.4,0.0,0.0,0.0
2.0,19.0,1.0,244.0,42847.7,42847.7,148.0,2.0
5.0,2.0,0.0,0.0,43006.0,0.0,0.0,0.0
6.0,5.0,0.0,36.0,43042.2,0.0,0.0,0.0
6.0,6.0,0.0,61.0,43067.2,0.0,0.0,0.0
7.0,6.0,0.0,91.0,43097.7,0.0,0.0,0.0
8.0,7.0,0.0,121.0,43127.7,0.0,0.0,0.0
8.0,8.0,0.0,151.0,43157.6,0.0,0.0,0.0
9.0,8.0,0.0,182.0,43188.3,0.0,0.0,0.0
10.0,9.0,0.0,211.0,43217.9,0.0,0.0,0.0
10.0,10.0,0.0,242.0,43248.6,0.0,0.0,0.0
11.0,10.0,1.0,272.0,43278.9,43278.9,148.0,1.0
14.0,11.0,0.0,0.0,43437.8,0.0,0.0,0.0
15.0,14.0,0.0,32.0,43469.9,0.0,0.0,0.0
16.0,15.0,0.0,62.0,43499.9,0.0,0.0,0.0
16.0,16.0,0.0,91.0,43529.4,0.0,0.0,0.0
17.0,16.0,0.0,127.0,43565.4,0.0,0.0,0.0
18.0,17.0,0.0,159.0,43597.1,0.0,0.0,0.0
18.0,18.0,0.0,190.0,43628.3,0.0,0.0,0.0
19.0,18.0,0.0,220.0,43658.2,0.0,0.0,0.0
2.0,19.0,1.0,252.0,43689.9,43689.9,147.0,2.0
5.0,2.0,0.0,0.0,43847.6,0.0,0.0,0.0
6.0,5.0,0.0,30.0,43877.7,0.0,0.0,0.0
6.0,6.0,0.0,56.0,43903.8,0.0,0.0,0.0
7.0,6.0,0.0,89.0,43936.6,0.0,0.0,0.0
8.0,7.0,0.0,122.0,43969.9,0.0,0.0,0.0
8.0,8.0,0.0,152.0,44000.0,0.0,0.0,0.0
9.0,8.0,0.0,182.0,44030.1,0.0,0.0,0.0
10.0,9.0,0.0,214.0,44062.2,0.0,0.0,0.0
10.0,10.0,0.0,244.0,44091.9,0.0,0.0,0.0
11.0,10.0,1.0,274.0,44122.4,44122.4,147.0,1.0
14.0,11.0,0.0,0.0,44279.8,0.0,0.0,0.0
15.0,14.0,0.0,29.0,44309.8,0.0,0.0,0.0
16.0,15.0,0.0,62.0,44342.5,0.0,0.0,0.0
16.0,16.0,0.0,93.0,44373.8,0.0,0.0,0.0
17.0,16.0,0.0,123.0,44403.6,0.0,0.0,0.0
18.0,17.0,0.0,158.0,44438.2,0.0,0.0,0.0
18.0,18.0,0.0,183.0,44463.4,0.0,0.0,0.0
19.0,18.0,0.0,214.0,44493.8,0.0,0.0,0.0
2.0,19.0,1.0,244.0,44524.0,44524.0,140.0,2.0
5.0,2.0,0.0,0.0,44673.4,0.0,0.0,0.0
5.0,5.0,0.0,24.0,44696.5,0.0,0.0,0.0
6.0,5.0,0.0,60.0,44733.4,0.0,0.0,0.0
7.0,6.0,0.0,84.0,44758.1,0.0,0.0,0.0
7.0,7.0,0.0,118.0,44791.5,0.0,0.0,0.0
8.0,7.0,0.0,152.0,44825.8,0.0,0.0,0.0
9.0,8.0,0.0,182.0,44855.6,0.0,0.0,0.0
9.0,9.0,0.0,212.0,44885.8,0.0,0.0,0.0
10.0,9.0,0.0,247.0,44920.4,0.0,0.0,0.0
11.0,10.0,1.0,271.0,44945.3,44945.3,137.0,1.0
14.0,11.0,0.0,0.0,45093.6,0.0,0.0,0.0
14.0,14.0,0.0,24.0,45118.6,0.0,0.0,0.0
15.0,14.0,0.0,56.0,45150.6,0.0,0.0,0.0
16.0,15.0,0.0,92.0,45186.3,0.0,0.0,0.0
16.0,16.0,0.0,117.0,45211.3,0.0,0.0,0.0
17.0,16.0,0.0,150.0,45244.1,0.0,0.0,0.0
18.0,17.0,0.0,182.0,45275.0,0.0,0.0,0.0
18.0,18.0,0.0,211.0,45304.9,0.0,0.0,0.0
19.0,18.0,0.0,244.0,45337.8,0.0,0.0,0.0
2.0,19.0,1.0,274.0,45367.7,45367.7,136.0,2.0
5.0,2.0,0.0,0.0,45514.2,0.0,0.0,0.0
6.0,5.0,0.0,31.0,45546.1,0.0,0.0,0.0
6.0,6.0,0.0,64.0,45579.0,0.0,0.0,0.0
7.0,6.0,0.0,94.0,45608.9,0.0,0.0,0.0
8.0,7.0,0.0,123.0,45637.8,0.0,0.0,0.0
8.0,8.0,0.0,155.0,45669.7,0.0,0.0,0.0
9.0,8.0,0.0,185.0,45699.6,0.0,0.0,0.0
9.0,9.0,0.0,215.0,45729.5,0.0,0.0,0.0
10.0,9.0,0.0,245.0,45759.5,0.0,0.0,0.0
11.0,10.0,1.0,279.0,45793.9,45793.9,155.0,1.0
14.0,11.0,0.0,0.0,45953.7,0.0,0.0,0.0
15.0,14.0,0.0,27.0,45981.6,0.0,0.0,0.0
15.0,15.0,0.0,58.0,46011.9,0.0,0.0,0.0
16.0,15.0,0.0,88.0,46041.8,0.0,0.0,0.0
17.0,16.0,0.0,124.0,46078.6,0.0,0.0,0.0
17.0,17.0,0.0,148.0,46102.0,0.0,0.0,0.0
18.0,17.0,0.0,182.0,46135.9,0.0,0.0,0.0
19.0,18.0,0.0,216.0,46169.8,0.0,0.0,0.0
19.0,19.0,0.0,246.0,46200.3,0.0,0.0,0.0
2.0,19.0,1.0,276.0,46230.3,46230.3,132.0,2.0
5.0,2.0,0.0,0.0,46371.8,0.0,0.0,0.0
6.0,5.0,0.0,33.0,46405.7,0.0,0.0,0.0
6.0,6.0,0.0,59.0,46431.6,0.0,0.0,0.0
7.0,6.0,0.0,90.0,46461.5,0.0,0.0,0.0
8.0,7.0,0.0,120.0,46492.4,0.0,0.0,0.0
8.0,8.0,0.0,149.0,46521.3,0.0,0.0,0.0
9.0,8.0,0.0,181.0,46553.2,0.0,0.0,0.0
10.0,9.0,0.0,211.0,46583.4,0.0,0.0,0.0
10.0,10.0,0.0,241.0,46613.3,0.0,0.0,0.0
11.0,10.0,1.0,276.0,46648.2,46648.2,144.0,1.0
14.0,11.0,0.0,0.0,46798.7,0.0,0.0,0.0
15.0,14.0,0.0,27.0,46825.6,0.0,0.0,0.0
16.0,15.0,0.0,58.0,46856.2,0.0,0.0,0.0
16.0,16.0,0.0,88.0,46886.1,0.0,0.0,0.0
17.0,16.0,0.0,118.0,46916.0,0.0,0.0,0.0
17.0,17.0,0.0,149.0,46946.9,0.0,0.0,0.0
18.0,17.0,0.0,179.0,46976.8,0.0,0.0,0.0
19.0,18.0,0.0,212.0,47009.7,0.0,0.0,0.0
2.0,19.0,1.0,241.0,47039.6,47039.6,126.0,2.0
5.0,2.0,0.0,0.0,47181.4,0.0,0.0,0.0
5.0,5.0,0.0,32.0,47214.0,0.0,0.0,0.0
6.0,5.0,0.0,63.0,47244.5,0.0,0.0,0.0
7.0,6.0,0.0,93.0,47275.3,0.0,0.0,0.0
7.0,7.0,0.0,124.0,47306.2,0.0,0.0,0.0
8.0,7.0,0.0,154.0,47336.3,0.0,0.0,0.0
8.0,8.0,0.0,185.0,47366.5,0.0,0.0,0.0
9.0,8.0,0.0,215.0,47397.4,0.0,0.0,0.0
10.0,9.0,0.0,245.0,47426.5,0.0,0.0,0.0
10.0,10.0,0.0,276.0,47457.5,0.0,0.0,0.0
11.0,10.0,1.0,306.0,47487.8,47487.8,140.0,1.0
14.0,11.0,0.0,0.0,47638.0,0.0,0.0,0.0
15.0,14.0,0.0,34.0,47672.7,0.0,0.0,0.0
16.0,15.0,0.0,59.0,47697.9,0.0,0.0,0.0
16.0,16.0,0.0,89.0,47727.4,0.0,0.0,0.0
17.0,16.0,0.0,119.0,47757.6,0.0,0.0,0.0
18.0,17.0,0.0,150.0,47788.4,0.0,0.0,0.0
18.0,18.0,0.0,181.0,47819.4,0.0,0.0,0.0
19.0,18.0,0.0,211.0,47849.4,0.0,0.0,0.0
2.0,19.0,1.0,240.0,47878.5,47878.5,140.0,2.0
5.0,2.0,0.0,0.0,48034.1,0.0,0.0,0.0
6.0,5.0,0.0,30.0,48064.3,0.0,0.0,0.0
6.0,6.0,0.0,63.0,48097.7,0.0,0.0,0.0
7.0,6.0,0.0,93.0,48127.6,0.0,0.0,0.0
7.0,7.0,0.0,123.0,48157.7,0.0,0.0,0.0
8.0,7.0,0.0,153.0,48187.7,0.0,0.0,0.0
9.0,8.0,0.0,183.0,48218.0,0.0,0.0,0.0
9.0,9.0,0.0,214.0,48248.5,0.0,0.0,0.0
10.0,9.0,0.0,244.0,48278.6,0.0,0.0,0.0
11.0,10.0,1.0,276.0,48310.4,48310.4,145.0,1.0
14.0,11.0,0.0,0.0,48467.7,0.0,0.0,0.0
15.0,14.0,0.0,30.0,48498.1,0.0,0.0,0.0
15.0,15.0,0.0,56.0,48523.9,0.0,0.0,0.0
16.0,15.0,0.0,89.0,48557.4,0.0,0.0,0.0
17.0,16.0,0.0,118.0,48586.5,0.0,0.0,0.0
17.0,17.0,0.0,148.0,48616.1,0.0,0.0,0.0
18.0,17.0,0.0,180.0,48647.8,0.0,0.0,0.0
19.0,18.0,0.0,210.0,48678.4,0.0,0.0,0.0
19.0,19.0,0.0,240.0,48708.5,0.0,0.0,0.0
2.0,19.0,1.0,276.0,48744.0,48744.0,150.0,2.0
5.0,2.0,0.0,0.0,48899.8,0.0,0.0,0.0
6.0,5.0,0.0,22.0,48922.2,0.0,0.0,0.0
6.0,6.0,0.0,53.0,48953.5,0.0,0.0,0.0
7.0,6.0,0.0,82.0,48982.2,0.0,0.0,0.0
8.0,7.0,0.0,112.0,49012.4,0.0,0.0,0.0
8.0,8.0,0.0,142.0,49042.3,0.0,0.0,0.0
9.0,8.0,0.0,176.0,49076.6,0.0,0.0,0.0
10.0,9.0,0.0,210.0,49110.2,0.0,0.0,0.0
10.0,10.0,0.0,235.0,49135.0,0.0,0.0,0.0
11.0,10.0,1.0,266.0,49166.5,49166.5,134.0,1.0
14.0,11.0,0.0,0.0,49311.8,0.0,0.0,0.0
15.0,14.0,0.0,29.0,49341.7,0.0,0.0,0.0
15.0,15.0,0.0,59.0,49371.6,0.0,0.0,0.0
16.0,15.0,0.0,89.0,49401.2,0.0,0.0,0.0
17.0,16.0,0.0,123.0,49434.9,0.0,0.0,0.0
17.0,17.0,0.0,154.0,49466.4,0.0,0.0,0.0
18.0,17.0,0.0,181.0,49493.6,0.0,0.0,0.0
19.0,18.0,0.0,212.0,49524.4,0.0,0.0,0.0
19.0,19.0,0.0,242.0,49554.4,0.0,0.0,0.0
2.0,19.0,1.0,276.0,49588.3,49588.3,147.0,2.0
5.0,2.0,0.0,0.0,49745.7,0.0,0.0,0.0
6.0,5.0,0.0,31.0,49777.5,0.0,0.0,0.0
7.0,6.0,0.0,56.0,49802.1,0.0,0.0,0.0
7.0,7.0,0.0,88.0,49834.6,0.0,0.0,0.0
8.0,7.0,0.0,119.0,49865.1,0.0,0.0,0.0
9.0,8.0,0.0,148.0,49893.2,0.0,0.0,0.0
9.0,9.0,0.0,181.0,49927.1,0.0,0.0,0.0
10.0,9.0,0.0,209.0,49955.4,0.0,0.0,0.0
10.0,10.0,0.0,240.0,49985.8,0.0,0.0,0.0
11.0,10.0,1.0,269.0,50015.6,50015.6,132.0,1.0
14.0,11.0,0.0,0.0,50158.4,0.0,0.0,0.0
15.0,14.0,0.0,31.0,50189.5,0.0,0.0,0.0
16.0,15.0,0.0,61.0,50219.8,0.0,0.0,0.0
16.0,16.0,0.0,91.0,50249.7,0.0,0.0,0.0
17.0,16.0,0.0,121.0,50280.2,0.0,0.0,0.0
17.0,17.0,0.0,151.0,50309.9,0.0,0.0,0.0
18.0,17.0,0.0,181.0,50339.7,0.0,0.0,0.0
19.0,18.0,0.0,215.0,50374.0,0.0,0.0,0.0
2.0,19.0,1.0,246.0,50404.4,50404.4,128.0,2.0
5.0,2.0,0.0,0.0,50546.6,0.0,0.0,0.0
5.0,5.0,0.0,31.0,50578.3,0.0,0.0,0.0
6.0,5.0,0.0,61.0,50608.4,0.0,0.0,0.0
7.0,6.0,0.0,92.0,50639.5,0.0,0.0,0.0
7.0,7.0,0.0,124.0,50670.6,0.0,0.0,0.0
8.0,7.0,0.0,155.0,50701.7,0.0,0.0,0.0
9.0,8.0,0.0,184.0,50731.3,0.0,0.0,0.0
9.0,9.0,0.0,215.0,50761.9,0.0,0.0,0.0
10.0,9.0,0.0,246.0,50793.4,0.0,0.0,0.0
10.0,10.0,0.0,275.0,50821.9,0.0,0.0,0.0
11.0,10.0,1.0,304.0,50851.5,50851.5,140.0,1.0
14.0,11.0,0.0,0.0,51002.1,0.0,0.0,0.0
15.0,14.0,0.0,31.0,51033.6,0.0,0.0,0.0
15.0,15.0,0.0,61.0,51063.4,0.0,0.0,0.0
16.0,15.0,0.0,91.0,51093.2,0.0,0.0,0.0
17.0,16.0,0.0,120.0,51122.5,0.0,0.0,0.0
17.0,17.0,0.0,151.0,51153.5,0.0,0.0,0.0
18.0,17.0,0.0,180.0,51183.1,0.0,0.0,0.0
19.0,18.0,0.0,215.0,51217.9,0.0,0.0,0.0
19.0,19.0,0.0,241.0,51243.6,0.0,0.0,0.0
2.0,19.0,1.0,272.0,51274.9,51274.9,138.0,2.0
5.0,2.0,0.0,0.0,51422.5,0.0,0.0,0.0
6.0,5.0,0.0,27.0,51450.4,0.0,0.0,0.0
7.0,6.0,0.0,57.0,51480.4,0.0,0.0,0.0
7.0,7.0,0.0,88.0,51510.7,0.0,0.0,0.0
8.0,7.0,0.0,119.0,51542.4,0.0,0.0,0.0
8.0,8.0,0.0,151.0,51574.2,0.0,0.0,0.0
9.0,8.0,0.0,180.0,51602.5,0.0,0.0,0.0
10.0,9.0,0.0,211.0,51634.5,0.0,0.0,0.0
10.0,10.0,0.0,242.0,51665.5,0.0,0.0,0.0
11.0,10.0,1.0,273.0,51695.7,51695.7,138.0,1.0
14.0,11.0,0.0,0.0,51844.1,0.0,0.0,0.0
15.0,14.0,0.0,38.0,51882.3,0.0,0.0,0.0
16.0,15.0,0.0,61.0,51905.9,0.0,0.0,0.0
16.0,16.0,0.0,91.0,51935.8,0.0,0.0,0.0
17.0,16.0,0.0,122.0,51966.4,0.0,0.0,0.0
18.0,17.0,0.0,153.0,51997.3,0.0,0.0,0.0
18.0,18.0,0.0,186.0,52030.4,0.0,0.0,0.0
19.0,18.0,0.0,213.0,52057.6,0.0,0.0,0.0
2.0,19.0,1.0,243.0,52087.5,52087.5,140.0,2.0
5.0,2.0,0.0,0.0,52241.4,0.0,0.0,0.0
5.0,5.0,0.0,24.0,52265.4,0.0,0.0,0.0
6.0,5.0,0.0,54.0,52296.3,0.0,0.0,0.0
7.0,6.0,0.0,84.0,52326.1,0.0,0.0,0.0
7.0,7.0,0.0,114.0,52356.3,0.0,0.0,0.0
8.0,7.0,0.0,144.0,52385.6,0.0,0.0,0.0
9.0,8.0,0.0,175.0,52416.5,0.0,0.0,0.0
9.0,9.0,0.0,210.0,52451.7,0.0,0.0,0.0
10.0,9.0,0.0,240.0,52482.1,0.0,0.0,0.0
11.0,10.0,1.0,269.0,52510.5,52510.5,132.0,1.0
14.0,11.0,0.0,0.0,52659.5,0.0,0.0,0.0
14.0,14.0,0.0,30.0,52689.3,0.0,0.0,0.0
15.0,14.0,0.0,61.0,52720.1,0.0,0.0,0.0
16.0,15.0,0.0,94.0,52753.5,0.0,0.0,0.0
16.0,16.0,0.0,121.0,52780.3,0.0,0.0,0.0
17.0,16.0,0.0,151.0,52810.4,0.0,0.0,0.0
18.0,17.0,0.0,182.0,52841.3,0.0,0.0,0.0
18.0,18.0,0.0,211.0,52870.6,0.0,0.0,0.0
19.0,18.0,0.0,242.0,52901.6,0.0,0.0,0.0
2.0,19.0,1.0,272.0,52931.5,52931.5,145.0,2.0
5.0,2.0,0.0,0.0,53087.3,0.0,0.0,0.0
6.0,5.0,0.0,30.0,53117.7,0.0,0.0,0.0
6.0,6.0,0.0,60.0,53147.7,0.0,0.0,0.0
7.0,6.0,0.0,89.0,53177.3,0.0,0.0,0.0
8.0,7.0,0.0,120.0,53208.1,0.0,0.0,0.0
8.0,8.0,0.0,150.0,53238.0,0.0,0.0,0.0
9.0,8.0,0.0,180.0,53267.5,0.0,0.0,0.0
10.0,9.0,0.0,211.0,53297.4,0.0,0.0,0.0
10.0,10.0,0.0,243.0,53330.6,0.0,0.0,0.0
11.0,10.0,1.0,276.0,53363.5,53363.5,130.0,1.0
14.0,11.0,0.0,0.0,53503.5,0.0,0.0,0.0
15.0,14.0,0.0,34.0,53537.6,0.0,0.0,0.0
16.0,15.0,0.0,70.0,53574.4,0.0,0.0,0.0
16.0,16.0,0.0,102.0,53605.6,0.0,0.0,0.0
17.0,16.0,0.0,130.0,53633.2,0.0,0.0,0.0
18.0,17.0,0.0,160.0,53663.6,0.0,0.0,0.0
18.0,18.0,0.0,190.0,53693.8,0.0,0.0,0.0
19.0,18.0,0.0,220.0,53724.3,0.0,0.0,0.0
19.0,19.0,0.0,250.0,53753.8,0.0,0.0,0.0
2.0,19.0,1.0,280.0,53784.4,53784.4,133.0,2.0
5.0,2.0,0.0,0.0,53927.7,0.0,0.0,0.0
6.0,5.0,0.0,33.0,53961.3,0.0,0.0,0.0
6.0,6.0,0.0,64.0,53991.8,0.0,0.0,0.0
7.0,6.0,0.0,94.0,54022.1,0.0,0.0,0.0
8.0,7.0,0.0,124.0,54052.0,0.0,0.0,0.0
8.0,8.0,0.0,153.0,54081.2,0.0,0.0,0.0
9.0,8.0,0.0,184.0,54112.1,0.0,0.0,0.0
10.0,9.0,0.0,214.0,54142.0,0.0,0.0,0.0
10.0,10.0,0.0,244.0,54172.4,0.0,0.0,0.0
11.0,10.0,1.0,275.0,54203.5,54203.5,143.0,1.0
14.0,11.0,0.0,0.0,54357.7,0.0,0.0,0.0
15.0,14.0,0.0,34.0,54392.2,0.0,0.0,0.0
16.0,15.0,0.0,60.0,54417.8,0.0,0.0,0.0
16.0,16.0,0.0,90.0,54448.0,0.0,0.0,0.0
17.0,16.0,0.0,119.0,54477.3,0.0,0.0,0.0
18.0,17.0,0.0,150.0,54508.2,0.0,0.0,0.0
18.0,18.0,0.0,184.0,54542.4,0.0,0.0,0.0
19.0,18.0,0.0,218.0,54576.4,0.0,0.0,0.0
2.0,19.0,1.0,248.0,54606.0,54606.0,141.0,2.0
5.0,2.0,0.0,0.0,54756.9,0.0,0.0,0.0
6.0,5.0,0.0,32.0,54789.4,0.0,0.0,0.0
6.0,6.0,0.0,64.0,54821.5,0.0,0.0,0.0
7.0,6.0,0.0,100.0,54857.8,0.0,0.0,0.0
8.0,7.0,0.0,124.0,54881.5,0.0,0.0,0.0
8.0,8.0,0.0,157.0,54914.2,0.0,0.0,0.0
9.0,8.0,0.0,193.0,54950.0,0.0,0.0,0.0
10.0,9.0,0.0,217.0,54974.3,0.0,0.0,0.0
10.0,10.0,0.0,250.0,55007.4,0.0,0.0,0.0
11.0,10.0,1.0,279.0,55036.2,55036.2,132.0,1.0
14.0,11.0,0.0,0.0,55178.4,0.0,0.0,0.0
15.0,14.0,0.0,31.0,55209.4,0.0,0.0,0.0
15.0,15.0,0.0,60.0,55239.4,0.0,0.0,0.0
16.0,15.0,0.0,91.0,55269.6,0.0,0.0,0.0
17.0,16.0,0.0,119.0,55298.4,0.0,0.0,0.0
17.0,17.0,0.0,153.0,55331.8,0.0,0.0,0.0
18.0,17.0,0.0,183.0,55361.9,0.0,0.0,0.0
19.0,18.0,0.0,213.0,55391.7,0.0,0.0,0.0
19.0,19.0,0.0,243.0,55421.8,0.0,0.0,0.0
2.0,19.0,1.0,273.0,55451.9,55451.9,144.0,2.0
5.0,2.0,0.0,0.0,55606.4,0.0,0.0,0.0
6.0,5.0,0.0,30.0,55636.5,0.0,0.0,0.0
6.0,6.0,0.0,61.0,55668.2,0.0,0.0,0.0
7.0,6.0,0.0,92.0,55698.4,0.0,0.0,0.0
8.0,7.0,0.0,124.0,55730.7,0.0,0.0,0.0
8.0,8.0,0.0,155.0,55761.7,0.0,0.0,0.0
9.0,8.0,0.0,185.0,55791.8,0.0,0.0,0.0
10.0,9.0,0.0,216.0,55822.9,0.0,0.0,0.0
10.0,10.0,0.0,246.0,55853.3,0.0,0.0,0.0
11.0,10.0,1.0,277.0,55883.8,55883.8,148.0,1.0
14.0,11.0,0.0,0.0,56042.4,0.0,0.0,0.0
15.0,14.0,0.0,25.0,56067.6,0.0,0.0,0.0
16.0,15.0,0.0,60.0,56102.4,0.0,0.0,0.0
16.0,16.0,0.0,85.0,56127.8,0.0,0.0,0.0
17.0,16.0,0.0,120.0,56162.6,0.0,0.0,0.0
18.0,17.0,0.0,148.0,56190.8,0.0,0.0,0.0
18.0,18.0,0.0,179.0,56221.6,0.0,0.0,0.0
19.0,18.0,0.0,211.0,56253.5,0.0,0.0,0.0
2.0,19.0,1.0,240.0,56283.1,56283.1,150.0,2.0
5.0,2.0,0.0,0.0,56443.4,0.0,0.0,0.0
6.0,5.0,0.0,29.0,56473.4,0.0,0.0,0.0
6.0,6.0,0.0,60.0,56504.0,0.0,0.0,0.0
7.0,6.0,0.0,90.0,56534.3,0.0,0.0,0.0
8.0,7.0,0.0,120.0,56563.7,0.0,0.0,0.0
8.0,8.0,0.0,150.0,56594.4,0.0,0.0,0.0
9.0,8.0,0.0,181.0,56624.6,0.0,0.0,0.0
10.0,9.0,0.0,211.0,56654.4,0.0,0.0,0.0
10.0,10.0,0.0,241.0,56685.4,0.0,0.0,0.0
11.0,10.0,1.0,276.0,56719.6,56719.6,133.0,1.0
14.0,11.0,0.0,0.0,56859.4,0.0,0.0,0.0
15.0,14.0,0.0,34.0,56893.8,0.0,0.0,0.0
15.0,15.0,0.0,60.0,56920.2,0.0,0.0,0.0
16.0,15.0,0.0,94.0,56953.5,0.0,0.0,0.0
17.0,16.0,0.0,127.0,56986.5,0.0,0.0,0.0
17.0,17.0,0.0,153.0,57012.6,0.0,0.0,0.0
18.0,17.0,0.0,186.0,57045.6,0.0,0.0,0.0
19.0,18.0,0.0,219.0,57078.6,0.0,0.0,0.0
19.0,19.0,0.0,246.0,57105.4,0.0,0.0,0.0
2.0,19.0,1.0,277.0,57136.9,57136.9,143.0,2.0
5.0,2.0,0.0,0.0,57290.3,0.0,0.0,0.0
6.0,5.0,0.0,37.0,57327.5,0.0,0.0,0.0
7.0,6.0,0.0,69.0,57360.3,0.0,0.0,0.0
7.0,7.0,0.0,99.0,57390.2,0.0,0.0,0.0
8.0,7.0,0.0,129.0,57420.2,0.0,0.0,0.0
9.0,8.0,0.0,163.0,57454.3,0.0,0.0,0.0
9.0,9.0,0.0,191.0,57481.4,0.0,0.0,0.0
10.0,9.0,0.0,220.0,57510.7,0.0,0.0,0.0
11.0,10.0,1.0,253.0,57544.3,57544.3,145.0,1.0
14.0,11.0,0.0,0.0,57696.2,0.0,0.0,0.0
15.0,14.0,0.0,25.0,57722.0,0.0,0.0,0.0
15.0,15.0,0.0,55.0,57751.7,0.0,0.0,0.0
16.0,15.0,0.0,85.0,57782.0,0.0,0.0,0.0
17.0,16.0,0.0,115.0,57812.0,0.0,0.0,0.0
17.0,17.0,0.0,145.0,57841.8,0.0,0.0,0.0
18.0,17.0,0.0,175.0,57871.8,0.0,0.0,0.0
18.0,18.0,0.0,206.0,57902.3,0.0,0.0,0.0
19.0,18.0,0.0,235.0,57932.2,0.0,0.0,0.0
2.0,19.0,1.0,266.0,57962.5,57962.5,143.0,2.0
5.0,2.0,0.0,0.0,58115.6,0.0,0.0,0.0
6.0,5.0,0.0,28.0,58143.9,0.0,0.0,0.0
6.0,6.0,0.0,57.0,58173.4,0.0,0.0,0.0
7.0,6.0,0.0,91.0,58207.6,0.0,0.0,0.0
8.0,7.0,0.0,118.0,58233.8,0.0,0.0,0.0
8.0,8.0,0.0,148.0,58264.0,0.0,0.0,0.0
9.0,8.0,0.0,178.0,58294.1,0.0,0.0,0.0
10.0,9.0,0.0,208.0,58323.9,0.0,0.0,0.0
10.0,10.0,0.0,243.0,58359.2,0.0,0.0,0.0
11.0,10.0,1.0,272.0,58388.2,58388.2,133.0,1.0
14.0,11.0,0.0,0.0,58532.1,0.0,0.0,0.0
15.0,14.0,0.0,31.0,58563.7,0.0,0.0,0.0
15.0,15.0,0.0,63.0,58595.6,0.0,0.0,0.0
16.0,15.0,0.0,93.0,58625.9,0.0,0.0,0.0
17.0,16.0,0.0,123.0,58655.8,0.0,0.0,0.0
17.0,17.0,0.0,154.0,58686.2,0.0,0.0,0.0
18.0,17.0,0.0,183.0,58715.7,0.0,0.0,0.0
18.0,18.0,0.0,214.0,58746.3,0.0,0.0,0.0
19.0,18.0,0.0,244.0,58776.3,0.0,0.0,0.0
2.0,19.0,1.0,277.0,58809.7,58809.7,132.0,2.0
5.0,2.0,0.0,0.0,58954.1,0.0,0.0,0.0
5.0,5.0,0.0,31.0,58985.3,0.0,0.0,0.0
6.0,5.0,0.0,60.0,59014.7,0.0,0.0,0.0
7.0,6.0,0.0,92.0,59046.8,0.0,0.0,0.0
7.0,7.0,0.0,123.0,59077.6,0.0,0.0,0.0
8.0,7.0,0.0,153.0,59107.8,0.0,0.0,0.0
9.0,8.0,0.0,188.0,59142.4,0.0,0.0,0.0
9.0,9.0,0.0,213.0,59167.9,0.0,0.0,0.0
10.0,9.0,0.0,244.0,59198.2,0.0,0.0,0.0
11.0,10.0,1.0,273.0,59227.9,59227.9,147.0,1.0
14.0,11.0,0.0,0.0,59385.8,0.0,0.0,0.0
15.0,14.0,0.0,32.0,59418.0,0.0,0.0,0.0
15.0,15.0,0.0,62.0,59448.8,0.0,0.0,0.0
16.0,15.0,0.0,94.0,59479.9,0.0,0.0,0.0
17.0,16.0,0.0,127.0,59513.5,0.0,0.0,0.0
17.0,17.0,0.0,154.0,59539.8,0.0,0.0,0.0
18.0,17.0,0.0,184.0,59570.0,0.0,0.0,0.0
19.0,18.0,0.0,213.0,59599.7,0.0,0.0,0.0
19.0,19.0,0.0,244.0,59630.0,0.0,0.0,0.0
2.0,19.0,1.0,277.0,59663.0,59663.0,134.0,2.0
5.0,2.0,0.0,0.0,59804.4,0.0,0.0,0.0
6.0,5.0,0.0,26.0,59830.5,0.0,0.0,0.0
6.0,6.0,0.0,57.0,59861.7,0.0,0.0,0.0
7.0,6.0,0.0,91.0,59895.8,0.0,0.0,0.0
8.0,7.0,0.0,117.0,59921.6,0.0,0.0,0.0
8.0,8.0,0.0,149.0,59954.3,0.0,0.0,0.0
9.0,8.0,0.0,185.0,59989.8,0.0,0.0,0.0
10.0,9.0,0.0,209.0,60013.4,0.0,0.0,0.0
10.0,10.0,0.0,242.0,60046.5,0.0,0.0,0.0
11.0,10.0,1.0,271.0,60076.2,60076.2,133.0,1.0
14.0,11.0,0.0,0.0,60220.3,0.0,0.0,0.0
15.0,14.0,0.0,29.0,60250.3,0.0,0.0,0.0
15.0,15.0,0.0,59.0,60280.3,0.0,0.0,0.0
16.0,15.0,0.0,90.0,60310.4,0.0,0.0,0.0
17.0,16.0,0.0,121.0,60341.4,0.0,0.0,0.0
17.0,17.0,0.0,151.0,60371.7,0.0,0.0,0.0
18.0,17.0,0.0,181.0,60401.5,0.0,0.0,0.0
19.0,18.0,0.0,210.0,60430.6,0.0,0.0,0.0
19.0,19.0,0.0,243.0,60463.7,0.0,0.0,0.0
2.0,19.0,1.0,273.0,60493.9,60493.9,149.0,2.0
5.0,2.0,0.0,0.0,60652.3,0.0,0.0,0.0
6.0,5.0,0.0,37.0,60689.5,0.0,0.0,0.0
7.0,6.0,0.0,61.0,60714.2,0.0,0.0,0.0
7.0,7.0,0.0,94.0,60746.6,0.0,0.0,0.0
8.0,7.0,0.0,124.0,60776.7,0.0,0.0,0.0
8.0,8.0,0.0,154.0,60806.6,0.0,0.0,0.0
9.0,8.0,0.0,184.0,60837.3,0.0,0.0,0.0
10.0,9.0,0.0,217.0,60869.6,0.0,0.0,0.0
11.0,10.0,1.0,246.0,60898.4,60898.4,130.0,1.0
14.0,11.0,0.0,0.0,61043.8,0.0,0.0,0.0
14.0,14.0,0.0,30.0,61074.2,0.0,0.0,0.0
15.0,14.0,0.0,62.0,61105.9,0.0,0.0,0.0
16.0,15.0,0.0,92.0,61136.4,0.0,0.0,0.0
16.0,16.0,0.0,122.0,61166.4,0.0,0.0,0.0
17.0,16.0,0.0,152.0,61196.6,0.0,0.0,0.0
17.0,17.0,0.0,182.0,61226.5,0.0,0.0,0.0
18.0,17.0,0.0,213.0,61257.7,0.0,0.0,0.0
19.0,18.0,0.0,242.0,61286.5,0.0,0.0,0.0
19.0,19.0,0.0,273.0,61317.0,0.0,0.0,0.0
2.0,19.0,1.0,303.0,61346.9,61346.9,136.0,2.0
5.0,2.0,0.0,0.0,61494.1,0.0,0.0,0.0
6.0,5.0,0.0,27.0,61521.7,0.0,0.0,0.0
7.0,6.0,0.0,58.0,61552.4,0.0,0.0,0.0
7.0,7.0,0.0,88.0,61582.5,0.0,0.0,0.0
8.0,7.0,0.0,120.0,61614.4,0.0,0.0,0.0
8.0,8.0,0.0,150.0,61644.4,0.0,0.0,0.0
9.0,8.0,0.0,180.0,61674.5,0.0,0.0,0.0
10.0,9.0,0.0,211.0,61705.4,0.0,0.0,0.0
10.0,10.0,0.0,231.0,61726.1,0.0,0.0,0.0
11.0,10.0,1.0,264.0,61758.6,61758.6,138.0,1.0
14.0,11.0,0.0,0.0,61907.8,0.0,0.0,0.0
15.0,14.0,0.0,32.0,61940.1,0.0,0.0,0.0
15.0,15.0,0.0,62.0,61970.0,0.0,0.0,0.0
16.0,15.0,0.0,94.0,62002.2,0.0,0.0,0.0
17.0,16.0,0.0,122.0,62030.5,0.0,0.0,0.0
17.0,17.0,0.0,152.0,62060.2,0.0,0.0,0.0
18.0,17.0,0.0,182.0,62090.5,0.0,0.0,0.0
19.0,18.0,0.0,212.0,62120.4,0.0,0.0,0.0
19.0,19.0,0.0,246.0,62154.0,0.0,0.0,0.0
2.0,19.0,1.0,277.0,62185.4,62185.4,133.0,2.0
5.0,2.0,0.0,0.0,62327.8,0.0,0.0,0.0
6.0,5.0,0.0,30.0,62358.5,0.0,0.0,0.0
6.0,6.0,0.0,64.0,62392.2,0.0,0.0,0.0
7.0,6.0,0.0,94.0,62422.1,0.0,0.0,0.0
8.0,7.0,0.0,124.0,62451.9,0.0,0.0,0.0
8.0,8.0,0.0,154.0,62482.1,0.0,0.0,0.0
9.0,8.0,0.0,184.0,62512.5,0.0,0.0,0.0
9.0,9.0,0.0,214.0,62542.3,0.0,0.0,0.0
10.0,9.0,0.0,244.0,62572.2,0.0,0.0,0.0
11.0,10.0,1.0,274.0,62602.5,62602.5,139.0,1.0
14.0,11.0,0.0,0.0,62753.3,0.0,0.0,0.0
15.0,14.0,0.0,30.0,62783.5,0.0,0.0,0.0
15.0,15.0,0.0,60.0,62813.6,0.0,0.0,0.0
16.0,15.0,0.0,94.0,62847.9,0.0,0.0,0.0
17.0,16.0,0.0,120.0,62873.5,0.0,0.0,0.0
17.0,17.0,0.0,150.0,62904.2,0.0,0.0,0.0
18.0,17.0,0.0,180.0,62934.2,0.0,0.0,0.0
19.0,18.0,0.0,210.0,62963.6,0.0,0.0,0.0
19.0,19.0,0.0,241.0,62994.4,0.0,0.0,0.0
2.0,19.0,1.0,271.0,63024.4,63024.4,140.0,2.0
5.0,2.0,0.0,0.0,63174.5,0.0,0.0,0.0
6.0,5.0,0.0,35.0,63210.2,0.0,0.0,0.0
6.0,6.0,0.0,61.0,63235.6,0.0,0.0,0.0
7.0,6.0,0.0,91.0,63266.1,0.0,0.0,0.0
8.0,7.0,0.0,121.0,63296.1,0.0,0.0,0.0
8.0,8.0,0.0,151.0,63326.0,0.0,0.0,0.0
9.0,8.0,0.0,185.0,63360.3,0.0,0.0,0.0
10.0,9.0,0.0,211.0,63386.3,0.0,0.0,0.0
10.0,10.0,0.0,241.0,63415.7,0.0,0.0,0.0
11.0,10.0,1.0,271.0,63446.4,63446.4,150.0,1.0
14.0,11.0,0.0,0.0,63606.4,0.0,0.0,0.0
15.0,14.0,0.0,29.0,63635.7,0.0,0.0,0.0
16.0,15.0,0.0,55.0,63662.1,0.0,0.0,0.0
16.0,16.0,0.0,87.0,63694.2,0.0,0.0,0.0
17.0,16.0,0.0,117.0,63723.5,0.0,0.0,0.0
18.0,17.0,0.0,148.0,63754.9,0.0,0.0,0.0
18.0,18.0,0.0,181.0,63787.9,0.0,0.0,0.0
19.0,18.0,0.0,211.0,63818.2,0.0,0.0,0.0
2.0,19.0,1.0,241.0,63848.1,63848.1,132.0,2.0
5.0,2.0,0.0,0.0,63994.6,0.0,0.0,0.0
5.0,5.0,0.0,31.0,64026.0,0.0,0.0,0.0
6.0,5.0,0.0,59.0,64054.4,0.0,0.0,0.0
7.0,6.0,0.0,92.0,64086.7,0.0,0.0,0.0
7.0,7.0,0.0,119.0,64114.4,0.0,0.0,0.0
8.0,7.0,0.0,155.0,64149.8,0.0,0.0,0.0
9.0,8.0,0.0,185.0,64180.0,0.0,0.0,0.0
9.0,9.0,0.0,215.0,64210.1,0.0,0.0,0.0
10.0,9.0,0.0,247.0,64241.9,0.0,0.0,0.0
11.0,10.0,1.0,275.0,64269.9,64269.9,137.0,1.0
14.0,11.0,0.0,0.0,64416.6,0.0,0.0,0.0
14.0,14.0,0.0,26.0,64442.3,0.0,0.0,0.0
15.0,14.0,0.0,59.0,64475.8,0.0,0.0,0.0
16.0,15.0,0.0,85.0,64501.9,0.0,0.0,0.0
16.0,16.0,0.0,119.0,64535.4,0.0,0.0,0.0
17.0,16.0,0.0,153.0,64569.6,0.0,0.0,0.0
18.0,17.0,0.0,183.0,64599.6,0.0,0.0,0.0
18.0,18.0,0.0,213.0,64629.8,0.0,0.0,0.0
19.0,18.0,0.0,248.0,64664.4,0.0,0.0,0.0
2.0,19.0,1.0,273.0,64689.9,64689.9,141.0,2.0
5.0,2.0,0.0,0.0,64840.3,0.0,0.0,0.0
5.0,5.0,0.0,30.0,64870.4,0.0,0.0,0.0
6.0,5.0,0.0,60.0,64900.5,0.0,0.0,0.0
7.0,6.0,0.0,92.0,64932.4,0.0,0.0,0.0
7.0,7.0,0.0,121.0,64961.4,0.0,0.0,0.0
8.0,7.0,0.0,150.0,64990.3,0.0,0.0,0.0
9.0,8.0,0.0,182.0,65022.5,0.0,0.0,0.0
9.0,9.0,0.0,212.0,65053.1,0.0,0.0,0.0
10.0,9.0,0.0,243.0,65083.7,0.0,0.0,0.0
11.0,10.0,1.0,277.0,65118.2,65118.2,156.0,1.0
14.0,11.0,0.0,0.0,65279.8,0.0,0.0,0.0
15.0,14.0,0.0,31.0,65311.7,0.0,0.0,0.0
16.0,15.0,0.0,58.0,65337.9,0.0,0.0,0.0
16.0,16.0,0.0,90.0,65370.5,0.0,0.0,0.0
17.0,16.0,0.0,120.0,65400.4,0.0,0.0,0.0
17.0,17.0,0.0,150.0,65430.4,0.0,0.0,0.0
18.0,17.0,0.0,181.0,65461.7,0.0,0.0,0.0
19.0,18.0,0.0,211.0,65490.9,0.0,0.0,0.0
2.0,19.0,1.0,241.0,65521.6,65521.6,139.0,2.0
5.0,2.0,0.0,0.0,65674.3,0.0,0.0,0.0
6.0,5.0,0.0,31.0,65706.2,0.0,0.0,0.0
6.0,6.0,0.0,63.0,65738.2,0.0,0.0,0.0
7.0,6.0,0.0,97.0,65772.2,0.0,0.0,0.0
8.0,7.0,0.0,123.0,65797.9,0.0,0.0,0.0
8.0,8.0,0.0,153.0,65828.3,0.0,0.0,0.0
9.0,8.0,0.0,184.0,65858.4,0.0,0.0,0.0
10.0,9.0,0.0,215.0,65889.6,0.0,0.0,0.0
10.0,10.0,0.0,248.0,65922.6,0.0,0.0,0.0
11.0,10.0,1.0,279.0,65953.7,65953.7,144.0,1.0
14.0,11.0,0.0,0.0,66106.2,0.0,0.0,0.0
15.0,14.0,0.0,32.0,66138.4,0.0,0.0,0.0
16.0,15.0,0.0,62.0,66168.1,0.0,0.0,0.0
16.0,16.0,0.0,92.0,66198.3,0.0,0.0,0.0
17.0,16.0,0.0,121.0,66227.9,0.0,0.0,0.0
17.0,17.0,0.0,152.0,66258.3,0.0,0.0,0.0
18.0,17.0,0.0,182.0,66288.4,0.0,0.0,0.0
19.0,18.0,0.0,215.0,66321.6,0.0,0.0,0.0
19.0,19.0,0.0,243.0,66349.4,0.0,0.0,0.0
2.0,19.0,1.0,272.0,66378.6,66378.6,146.0,2.0
5.0,2.0,0.0,0.0,66536.1,0.0,0.0,0.0
6.0,5.0,0.0,27.0,66563.5,0.0,0.0,0.0
7.0,6.0,0.0,61.0,66597.6,0.0,0.0,0.0
7.0,7.0,0.0,87.0,66623.9,0.0,0.0,0.0
8.0,7.0,0.0,120.0,66656.1,0.0,0.0,0.0
9.0,8.0,0.0,150.0,66686.2,0.0,0.0,0.0
9.0,9.0,0.0,180.0,66716.5,0.0,0.0,0.0
10.0,9.0,0.0,210.0,66746.4,0.0,0.0,0.0
11.0,10.0,1.0,240.0,66776.6,66776.6,136.0,1.0
14.0,11.0,0.0,0.0,66927.2,0.0,0.0,0.0
14.0,14.0,0.0,26.0,66953.7,0.0,0.0,0.0
15.0,14.0,0.0,61.0,66987.7,0.0,0.0,0.0
16.0,15.0,0.0,86.0,67013.6,0.0,0.0,0.0
16.0,16.0,0.0,119.0,67046.5,0.0,0.0,0.0
17.0,16.0,0.0,155.0,67082.4,0.0,0.0,0.0
18.0,17.0,0.0,183.0,67110.3,0.0,0.0,0.0
18.0,18.0,0.0,213.0,67140.2,0.0,0.0,0.0
19.0,18.0,0.0,243.0,67170.4,0.0,0.0,0.0
2.0,19.0,1.0,273.0,67200.7,67200.7,143.0,2.0
5.0,2.0,0.0,0.0,67358.2,0.0,0.0,0.0
6.0,5.0,0.0,29.0,67387.8,0.0,0.0,0.0
6.0,6.0,0.0,59.0,67417.5,0.0,0.0,0.0
7.0,6.0,0.0,91.0,67449.8,0.0,0.0,0.0
7.0,7.0,0.0,123.0,67481.5,0.0,0.0,0.0
8.0,7.0,0.0,152.0,67510.9,0.0,0.0,0.0
9.0,8.0,0.0,185.0,67543.4,0.0,0.0,0.0
9.0,9.0,0.0,216.0,67574.2,0.0,0.0,0.0
10.0,9.0,0.0,246.0,67604.2,0.0,0.0,0.0
11.0,10.0,1.0,278.0,67636.5,67636.5,143.0,1.0
14.0,11.0,0.0,0.0,67786.6,0.0,0.0,0.0
15.0,14.0,0.0,27.0,67814.4,0.0,0.0,0.0
15.0,15.0,0.0,59.0,67845.9,0.0,0.0,0.0
16.0,15.0,0.0,91.0,67877.8,0.0,0.0,0.0
17.0,16.0,0.0,119.0,67906.1,0.0,0.0,0.0
17.0,17.0,0.0,149.0,67935.6,0.0,0.0,0.0
18.0,17.0,0.0,179.0,67966.2,0.0,0.0,0.0
19.0,18.0,0.0,209.0,67995.9,0.0,0.0,0.0
19.0,19.0,0.0,238.0,68025.4,0.0,0.0,0.0
2.0,19.0,1.0,269.0,68056.2,68056.2,143.0,2.0
5.0,2.0,0.0,0.0,68209.8,0.0,0.0,0.0
6.0,5.0,0.0,27.0,68237.7,0.0,0.0,0.0
6.0,6.0,0.0,56.0,68266.6,0.0,0.0,0.0
7.0,6.0,0.0,88.0,68298.5,0.0,0.0,0.0
8.0,7.0,0.0,124.0,68334.6,0.0,0.0,0.0
8.0,8.0,0.0,148.0,68358.7,0.0,0.0,0.0
9.0,8.0,0.0,184.0,68394.2,0.0,0.0,0.0
10.0,9.0,0.0,217.0,68426.8,0.0,0.0,0.0
10.0,10.0,0.0,248.0,68458.2,0.0,0.0,0.0
11.0,10.0,1.0,277.0,68487.4,68487.4,138.0,1.0
14.0,11.0,0.0,0.0,68636.8,0.0,0.0,0.0
15.0,14.0,0.0,32.0,68669.1,0.0,0.0,0.0
16.0,15.0,0.0,62.0,68699.6,0.0,0.0,0.0
16.0,16.0,0.0,92.0,68729.7,0.0,0.0,0.0
17.0,16.0,0.0,126.0,68763.1,0.0,0.0,0.0
18.0,17.0,0.0,152.0,68789.6,0.0,0.0,0.0
18.0,18.0,0.0,183.0,68820.3,0.0,0.0,0.0
19.0,18.0,0.0,213.0,68850.1,0.0,0.0,0.0
2.0,19.0,1.0,243.0,68880.2,68880.2,133.0,2.0
5.0,2.0,0.0,0.0,69026.3,0.0,0.0,0.0
5.0,5.0,0.0,29.0,69056.1,0.0,0.0,0.0
6.0,5.0,0.0,62.0,69088.3,0.0,0.0,0.0
7.0,6.0,0.0,92.0,69118.8,0.0,0.0,0.0
7.0,7.0,0.0,122.0,69149.2,0.0,0.0,0.0
8.0,7.0,0.0,154.0,69181.2,0.0,0.0,0.0
9.0,8.0,0.0,184.0,69210.8,0.0,0.0,0.0
9.0,9.0,0.0,215.0,69241.7,0.0,0.0,0.0
10.0,9.0,0.0,248.0,69274.5,0.0,0.0,0.0
11.0,10.0,1.0,275.0,69302.0,69302.0,139.0,1.0
14.0,11.0,0.0,0.0,69449.9,0.0,0.0,0.0
14.0,14.0,0.0,32.0,69482.4,0.0,0.0,0.0
15.0,14.0,0.0,61.0,69511.9,0.0,0.0,0.0
16.0,15.0,0.0,92.0,69542.4,0.0,0.0,0.0
16.0,16.0,0.0,123.0,69573.4,0.0,0.0,0.0
17.0,16.0,0.0,152.0,69602.6,0.0,0.0,0.0
18.0,17.0,0.0,188.0,69638.8,0.0,0.0,0.0
18.0,18.0,0.0,212.0,69662.8,0.0,0.0,0.0
19.0,18.0,0.0,243.0,69693.7,0.0,0.0,0.0
2.0,19.0,1.0,273.0,69723.9,69723.9,136.0,2.0
5.0,2.0,0.0,0.0,69870.5,0.0,0.0,0.0
5.0,5.0,0.0,31.0,69902.3,0.0,0.0,0.0
6.0,5.0,0.0,61.0,69932.4,0.0,0.0,0.0
7.0,6.0,0.0,92.0,69962.8,0.0,0.0,0.0
7.0,7.0,0.0,122.0,69992.5,0.0,0.0,0.0
8.0,7.0,0.0,152.0,70022.6,0.0,0.0,0.0
9.0,8.0,0.0,184.0,70054.6,0.0,0.0,0.0
11.0,9.0,1.0,264.0,70135.3,70135.3,138.0,1.0
14.0,11.0,0.0,0.0,70290.6,0.0,0.0,0.0
14.0,14.0,0.0,25.0,70316.3,0.0,0.0,0.0
15.0,14.0,0.0,55.0,70346.5,0.0,0.0,0.0
16.0,15.0,0.0,85.0,70376.4,0.0,0.0,0.0
16.0,16.0,0.0,116.0,70406.6,0.0,0.0,0.0
17.0,16.0,0.0,150.0,70440.7,0.0,0.0,0.0
18.0,17.0,0.0,176.0,70466.7,0.0,0.0,0.0
18.0,18.0,0.0,205.0,70496.5,0.0,0.0,0.0
19.0,18.0,0.0,240.0,70530.8,0.0,0.0,0.0
2.0,19.0,1.0,267.0,70557.9,70557.9,143.0,2.0
5.0,2.0,0.0,0.0,70710.1,0.0,0.0,0.0
6.0,5.0,0.0,29.0,70739.7,0.0,0.0,0.0
6.0,6.0,0.0,59.0,70770.0,0.0,0.0,0.0
7.0,6.0,0.0,92.0,70802.5,0.0,0.0,0.0
8.0,7.0,0.0,122.0,70833.1,0.0,0.0,0.0
8.0,8.0,0.0,157.0,70867.3,0.0,0.0,0.0
9.0,8.0,0.0,186.0,70896.4,0.0,0.0,0.0
10.0,9.0,0.0,215.0,70925.9,0.0,0.0,0.0
10.0,10.0,0.0,248.0,70958.5,0.0,0.0,0.0
11.0,10.0,1.0,279.0,70989.8,70989.8,141.0,1.0
14.0,11.0,0.0,0.0,71140.1,0.0,0.0,0.0
15.0,14.0,0.0,34.0,71174.5,0.0,0.0,0.0
15.0,15.0,0.0,60.0,71200.3,0.0,0.0,0.0
16.0,15.0,0.0,90.0,71230.3,0.0,0.0,0.0
17.0,16.0,0.0,120.0,71260.4,0.0,0.0,0.0
17.0,17.0,0.0,150.0,71290.3,0.0,0.0,0.0
18.0,17.0,0.0,185.0,71325.2,0.0,0.0,0.0
19.0,18.0,0.0,214.0,71354.4,0.0,0.0,0.0
19.0,19.0,0.0,243.0,71383.8,0.0,0.0,0.0
2.0,19.0,1.0,274.0,71414.6,71414.6,133.0,2.0
5.0,2.0,0.0,0.0,71559.3,0.0,0.0,0.0
6.0,5.0,0.0,30.0,71590.0,0.0,0.0,0.0
6.0,6.0,0.0,60.0,71620.1,0.0,0.0,0.0
7.0,6.0,0.0,90.0,71650.0,0.0,0.0,0.0
8.0,7.0,0.0,120.0,71680.1,0.0,0.0,0.0
8.0,8.0,0.0,150.0,71710.2,0.0,0.0,0.0
9.0,8.0,0.0,180.0,71740.2,0.0,0.0,0.0
9.0,9.0,0.0,211.0,71770.5,0.0,0.0,0.0
10.0,9.0,0.0,241.0,71800.4,0.0,0.0,0.0
11.0,10.0,1.0,271.0,71830.6,71830.6,141.0,1.0
14.0,11.0,0.0,0.0,71982.5,0.0,0.0,0.0
15.0,14.0,0.0,35.0,72018.0,0.0,0.0,0.0
15.0,15.0,0.0,61.0,72043.9,0.0,0.0,0.0
16.0,15.0,0.0,91.0,72073.9,0.0,0.0,0.0
17.0,16.0,0.0,121.0,72104.2,0.0,0.0,0.0
17.0,17.0,0.0,151.0,72133.5,0.0,0.0,0.0
18.0,17.0,0.0,186.0,72168.5,0.0,0.0,0.0
19.0,18.0,0.0,211.0,72194.4,0.0,0.0,0.0
19.0,19.0,0.0,241.0,72224.3,0.0,0.0,0.0
2.0,19.0,1.0,271.0,72254.4,72254.4,142.0,2.0
5.0,2.0,0.0,0.0,72405.6,0.0,0.0,0.0
6.0,5.0,0.0,29.0,72435.5,0.0,0.0,0.0
6.0,6.0,0.0,59.0,72465.5,0.0,0.0,0.0
7.0,6.0,0.0,90.0,72496.1,0.0,0.0,0.0
8.0,7.0,0.0,124.0,72530.4,0.0,0.0,0.0
8.0,8.0,0.0,150.0,72556.2,0.0,0.0,0.0
9.0,8.0,0.0,180.0,72586.1,0.0,0.0,0.0
10.0,9.0,0.0,212.0,72618.2,0.0,0.0,0.0
10.0,10.0,0.0,242.0,72648.4,0.0,0.0,0.0
11.0,10.0,1.0,272.0,72678.3,72678.3,139.0,1.0
14.0,11.0,0.0,0.0,72826.9,0.0,0.0,0.0
15.0,14.0,0.0,30.0,72857.7,0.0,0.0,0.0
16.0,15.0,0.0,60.0,72886.9,0.0,0.0,0.0
16.0,16.0,0.0,90.0,72917.7,0.0,0.0,0.0
17.0,16.0,0.0,124.0,72951.1,0.0,0.0,0.0
18.0,17.0,0.0,151.0,72977.9,0.0,0.0,0.0
18.0,18.0,0.0,180.0,73007.4,0.0,0.0,0.0
19.0,18.0,0.0,211.0,73038.1,0.0,0.0,0.0
2.0,19.0,1.0,241.0,73068.2,73068.2,141.0,2.0
5.0,2.0,0.0,0.0,73224.6,0.0,0.0,0.0
6.0,5.0,0.0,30.0,73254.7,0.0,0.0,0.0
6.0,6.0,0.0,63.0,73287.8,0.0,0.0,0.0
7.0,6.0,0.0,93.0,73317.7,0.0,0.0,0.0
8.0,7.0,0.0,122.0,73346.7,0.0,0.0,0.0
8.0,8.0,0.0,153.0,73378.1,0.0,0.0,0.0
9.0,8.0,0.0,183.0,73407.7,0.0,0.0,0.0
9.0,9.0,0.0,213.0,73437.9,0.0,0.0,0.0
10.0,9.0,0.0,243.0,73467.6,0.0,0.0,0.0
11.0,10.0,1.0,274.0,73499.1,73499.1,130.0,1.0
14.0,11.0,0.0,0.0,73638.2,0.0,0.0,0.0
14.0,14.0,0.0,29.0,73667.9,0.0,0.0,0.0
15.0,14.0,0.0,60.0,73698.5,0.0,0.0,0.0
16.0,15.0,0.0,92.0,73730.5,0.0,0.0,0.0
16.0,16.0,0.0,123.0,73761.6,0.0,0.0,0.0
17.0,16.0,0.0,153.0,73791.7,0.0,0.0,0.0
18.0,17.0,0.0,187.0,73825.7,0.0,0.0,0.0
18.0,18.0,0.0,213.0,73851.6,0.0,0.0,0.0
19.0,18.0,0.0,243.0,73882.2,0.0,0.0,0.0
2.0,19.0,1.0,273.0,73911.7,73911.7,137.0,2.0
5.0,2.0,0.0,0.0,74059.3,0.0,0.0,0.0
5.0,5.0,0.0,23.0,74082.6,0.0,0.0,0.0
6.0,5.0,0.0,57.0,74116.5,0.0,0.0,0.0
7.0,6.0,0.0,83.0,74142.8,0.0,0.0,0.0
7.0,7.0,0.0,112.0,74172.0,0.0,0.0,0.0
8.0,7.0,0.0,142.0,74202.0,0.0,0.0,0.0
9.0,8.0,0.0,173.0,74232.9,0.0,0.0,0.0
9.0,9.0,0.0,206.0,74266.0,0.0,0.0,0.0
10.0,9.0,0.0,241.0,74300.4,0.0,0.0,0.0
11.0,10.0,1.0,271.0,74330.7,74330.7,159.0,1.0
14.0,11.0,0.0,0.0,74500.3,0.0,0.0,0.0
15.0,14.0,0.0,24.0,74524.6,0.0,0.0,0.0
15.0,15.0,0.0,54.0,74554.5,0.0,0.0,0.0
16.0,15.0,0.0,84.0,74584.4,0.0,0.0,0.0
17.0,16.0,0.0,114.0,74614.5,0.0,0.0,0.0
17.0,17.0,0.0,145.0,74645.7,0.0,0.0,0.0
18.0,17.0,0.0,174.0,74674.5,0.0,0.0,0.0
19.0,18.0,0.0,209.0,74710.0,0.0,0.0,0.0
19.0,19.0,0.0,235.0,74735.8,0.0,0.0,0.0
2.0,19.0,1.0,265.0,74766.1,74766.1,143.0,2.0
5.0,2.0,0.0,0.0,74918.3,0.0,0.0,0.0
6.0,5.0,0.0,30.0,74948.3,0.0,0.0,0.0
7.0,6.0,0.0,62.0,74981.3,0.0,0.0,0.0
7.0,7.0,0.0,94.0,75012.4,0.0,0.0,0.0
8.0,7.0,0.0,124.0,75042.7,0.0,0.0,0.0
9.0,8.0,0.0,154.0,75072.7,0.0,0.0,0.0
9.0,9.0,0.0,184.0,75102.6,0.0,0.0,0.0
10.0,9.0,0.0,220.0,75138.9,0.0,0.0,0.0
11.0,10.0,1.0,248.0,75167.1,75167.1,148.0,1.0
14.0,11.0,0.0,0.0,75326.2,0.0,0.0,0.0
15.0,14.0,0.0,36.0,75362.3,0.0,0.0,0.0
15.0,15.0,0.0,61.0,75387.5,0.0,0.0,0.0
16.0,15.0,0.0,90.0,75417.0,0.0,0.0,0.0
17.0,16.0,0.0,124.0,75450.5,0.0,0.0,0.0
17.0,17.0,0.0,154.0,75480.2,0.0,0.0,0.0
18.0,17.0,0.0,184.0,75510.6,0.0,0.0,0.0
19.0,18.0,0.0,214.0,75540.8,0.0,0.0,0.0
19.0,19.0,0.0,244.0,75570.7,0.0,0.0,0.0
2.0,19.0,1.0,278.0,75605.1,75605.1,142.0,2.0
5.0,2.0,0.0,0.0,75755.6,0.0,0.0,0.0
6.0,5.0,0.0,34.0,75789.7,0.0,0.0,0.0
7.0,6.0,0.0,72.0,75828.1,0.0,0.0,0.0
7.0,7.0,0.0,101.0,75857.6,0.0,0.0,0.0
8.0,7.0,0.0,132.0,75888.4,0.0,0.0,0.0
9.0,8.0,0.0,166.0,75922.4,0.0,0.0,0.0
10.0,9.0,0.0,196.0,75952.4,0.0,0.0,0.0
10.0,10.0,0.0,226.0,75982.5,0.0,0.0,0.0
11.0,10.0,1.0,258.0,76014.6,76014.6,141.0,1.0
14.0,11.0,0.0,0.0,76167.6,0.0,0.0,0.0
15.0,14.0,0.0,29.0,76197.5,0.0,0.0,0.0
15.0,15.0,0.0,60.0,76228.2,0.0,0.0,0.0
16.0,15.0,0.0,90.0,76258.3,0.0,0.0,0.0
17.0,16.0,0.0,119.0,76287.6,0.0,0.0,0.0
17.0,17.0,0.0,150.0,76318.1,0.0,0.0,0.0
18.0,17.0,0.0,180.0,76347.7,0.0,0.0,0.0
19.0,18.0,0.0,210.0,76378.2,0.0,0.0,0.0
19.0,19.0,0.0,240.0,76408.2,0.0,0.0,0.0
2.0,19.0,1.0,273.0,76440.7,76440.7,132.0,2.0
5.0,2.0,0.0,0.0,76583.5,0.0,0.0,0.0
6.0,5.0,0.0,34.0,76618.1,0.0,0.0,0.0
6.0,6.0,0.0,60.0,76643.9,0.0,0.0,0.0
7.0,6.0,0.0,90.0,76674.0,0.0,0.0,0.0
8.0,7.0,0.0,120.0,76704.2,0.0,0.0,0.0
8.0,8.0,0.0,149.0,76733.4,0.0,0.0,0.0
9.0,8.0,0.0,184.0,76768.4,0.0,0.0,0.0
10.0,9.0,0.0,215.0,76798.8,0.0,0.0,0.0
10.0,10.0,0.0,245.0,76829.5,0.0,0.0,0.0
11.0,10.0,1.0,278.0,76862.4,76862.4,144.0,1.0
14.0,11.0,0.0,0.0,77014.5,0.0,0.0,0.0
15.0,14.0,0.0,31.0,77045.7,0.0,0.0,0.0
16.0,15.0,0.0,60.0,77075.5,0.0,0.0,0.0
16.0,16.0,0.0,91.0,77106.1,0.0,0.0,0.0
17.0,16.0,0.0,125.0,77140.2,0.0,0.0,0.0
18.0,17.0,0.0,150.0,77165.5,0.0,0.0,0.0
18.0,18.0,0.0,181.0,77196.0,0.0,0.0,0.0
19.0,18.0,0.0,210.0,77225.4,0.0,0.0,0.0
2.0,19.0,1.0,241.0,77256.2,77256.2,139.0,2.0
5.0,2.0,0.0,0.0,77409.6,0.0,0.0,0.0
5.0,5.0,0.0,29.0,77439.5,0.0,0.0,0.0
6.0,5.0,0.0,63.0,77473.4,0.0,0.0,0.0
7.0,6.0,0.0,93.0,77503.0,0.0,0.0,0.0
7.0,7.0,0.0,123.0,77533.4,0.0,0.0,0.0
8.0,7.0,0.0,156.0,77565.3,0.0,0.0,0.0
9.0,8.0,0.0,185.0,77595.4,0.0,0.0,0.0
9.0,9.0,0.0,216.0,77626.2,0.0,0.0,0.0
10.0,9.0,0.0,248.0,77657.6,0.0,0.0,0.0
11.0,10.0,1.0,277.0,77687.4,77687.4,148.0,1.0
14.0,11.0,0.0,0.0,77846.9,0.0,0.0,0.0
15.0,14.0,0.0,33.0,77880.2,0.0,0.0,0.0
15.0,15.0,0.0,62.0,77909.7,0.0,0.0,0.0
16.0,15.0,0.0,90.0,77937.6,0.0,0.0,0.0
17.0,16.0,0.0,127.0,77974.3,0.0,0.0,0.0
17.0,17.0,0.0,153.0,78000.0,0.0,0.0,0.0
18.0,17.0,0.0,182.0,78029.7,0.0,0.0,0.0
19.0,18.0,0.0,213.0,78060.1,0.0,0.0,0.0
19.0,19.0,0.0,243.0,78090.2,0.0,0.0,0.0
2.0,19.0,1.0,277.0,78124.4,78124.4,139.0,2.0
5.0,2.0,0.0,0.0,78270.3,0.0,0.0,0.0
6.0,5.0,0.0,30.0,78300.5,0.0,0.0,0.0
6.0,6.0,0.0,60.0,78330.7,0.0,0.0,0.0
7.0,6.0,0.0,91.0,78361.6,0.0,0.0,0.0
8.0,7.0,0.0,120.0,78391.0,0.0,0.0,0.0
8.0,8.0,0.0,151.0,78421.6,0.0,0.0,0.0
9.0,8.0,0.0,186.0,78456.4,0.0,0.0,0.0
10.0,9.0,0.0,211.0,78482.2,0.0,0.0,0.0
10.0,10.0,0.0,241.0,78512.0,0.0,0.0,0.0
11.0,10.0,1.0,271.0,78542.0,78542.0,149.0,1.0
14.0,11.0,0.0,0.0,78700.4,0.0,0.0,0.0
15.0,14.0,0.0,36.0,78736.8,0.0,0.0,0.0
16.0,15.0,0.0,61.0,78762.4,0.0,0.0,0.0
16.0,16.0,0.0,91.0,78792.4,0.0,0.0,0.0
17.0,16.0,0.0,122.0,78822.7,0.0,0.0,0.0
18.0,17.0,0.0,153.0,78853.5,0.0,0.0,0.0
18.0,18.0,0.0,182.0,78882.8,0.0,0.0,0.0
19.0,18.0,0.0,212.0,78913.3,0.0,0.0,0.0
2.0,19.0,1.0,243.0,78943.8,78943.8,132.0,2.0
4.0,2.0,0.0,0.0,79090.7,0.0,0.0,0.0
5.0,4.0,0.0,23.0,79114.0,0.0,0.0,0.0
6.0,5.0,0.0,53.0,79144.3,0.0,0.0,0.0
6.0,6.0,0.0,83.0,79174.4,0.0,0.0,0.0
7.0,6.0,0.0,117.0,79208.6,0.0,0.0,0.0
8.0,7.0,0.0,151.0,79242.3,0.0,0.0,0.0
8.0,8.0,0.0,177.0,79268.6,0.0,0.0,0.0
9.0,8.0,0.0,210.0,79301.0,0.0,0.0,0.0
10.0,9.0,0.0,243.0,79334.0,0.0,0.0,0.0
10.0,10.0,0.0,267.0,79358.4,0.0,0.0,0.0
11.0,10.0,1.0,301.0,79391.7,79391.7,131.0,1.0
14.0,11.0,0.0,0.0,79534.2,0.0,0.0,0.0
15.0,14.0,0.0,30.0,79564.4,0.0,0.0,0.0
15.0,15.0,0.0,61.0,79595.3,0.0,0.0,0.0
16.0,15.0,0.0,92.0,79626.7,0.0,0.0,0.0
17.0,16.0,0.0,123.0,79657.9,0.0,0.0,0.0
17.0,17.0,0.0,154.0,79688.4,0.0,0.0,0.0
18.0,17.0,0.0,185.0,79719.8,0.0,0.0,0.0
19.0,18.0,0.0,219.0,79753.7,0.0,0.0,0.0
19.0,19.0,0.0,245.0,79779.6,0.0,0.0,0.0
2.0,19.0,1.0,278.0,79812.3,79812.3,142.0,2.0
5.0,2.0,0.0,0.0,79964.4,0.0,0.0,0.0
6.0,5.0,0.0,29.0,79994.1,0.0,0.0,0.0
7.0,6.0,0.0,59.0,80024.0,0.0,0.0,0.0
7.0,7.0,0.0,94.0,80058.4,0.0,0.0,0.0
8.0,7.0,0.0,124.0,80088.5,0.0,0.0,0.0
9.0,8.0,0.0,158.0,80122.5,0.0,0.0,0.0
9.0,9.0,0.0,184.0,80148.5,0.0,0.0,0.0
10.0,9.0,0.0,214.0,80178.7,0.0,0.0,0.0
11.0,10.0,1.0,244.0,80208.7,80208.7,147.0,1.0
14.0,11.0,0.0,0.0,80366.1,0.0,0.0,0.0
15.0,14.0,0.0,31.0,80397.4,0.0,0.0,0.0
15.0,15.0,0.0,61.0,80428.1,0.0,0.0,0.0
16.0,15.0,0.0,92.0,80458.2,0.0,0.0,0.0
17.0,16.0,0.0,122.0,80488.3,0.0,0.0,0.0
17.0,17.0,0.0,152.0,80518.4,0.0,0.0,0.0
18.0,17.0,0.0,184.0,80550.9,0.0,0.0,0.0
19.0,18.0,0.0,211.0,80578.0,0.0,0.0,0.0
19.0,19.0,0.0,242.0,80608.6,0.0,0.0,0.0
2.0,19.0,1.0,272.0,80638.7,80638.7,128.0,2.0
5.0,2.0,0.0,0.0,80778.3,0.0,0.0,0.0
5.0,5.0,0.0,25.0,80803.4,0.0,0.0,0.0
6.0,5.0,0.0,60.0,80838.4,0.0,0.0,0.0
7.0,6.0,0.0,88.0,80866.4,0.0,0.0,0.0
7.0,7.0,0.0,116.0,80894.5,0.0,0.0,0.0
8.0,7.0,0.0,151.0,80929.9,0.0,0.0,0.0
9.0,8.0,0.0,179.0,80958.0,0.0,0.0,0.0
9.0,9.0,0.0,210.0,80988.5,0.0,0.0,0.0
10.0,9.0,0.0,244.0,81022.4,0.0,0.0,0.0
11.0,10.0,1.0,274.0,81052.7,81052.7,146.0,1.0
14.0,11.0,0.0,0.0,81208.9,0.0,0.0,0.0
15.0,14.0,0.0,24.0,81233.4,0.0,0.0,0.0
15.0,15.0,0.0,57.0,81266.0,0.0,0.0,0.0
16.0,15.0,0.0,93.0,81302.4,0.0,0.0,0.0
17.0,16.0,0.0,117.0,81326.2,0.0,0.0,0.0
17.0,17.0,0.0,148.0,81357.8,0.0,0.0,0.0
18.0,17.0,0.0,183.0,81392.4,0.0,0.0,0.0
19.0,18.0,0.0,209.0,81418.5,0.0,0.0,0.0
19.0,19.0,0.0,242.0,81451.8,0.0,0.0,0.0
2.0,19.0,1.0,271.0,81480.5,81480.5,134.0,2.0
5.0,2.0,0.0,0.0,81625.2,0.0,0.0,0.0
6.0,5.0,0.0,32.0,81657.3,0.0,0.0,0.0
7.0,6.0,0.0,62.0,81687.4,0.0,0.0,0.0
7.0,7.0,0.0,96.0,81722.2,0.0,0.0,0.0
8.0,7.0,0.0,128.0,81754.0,0.0,0.0,0.0
9.0,8.0,0.0,158.0,81783.9,0.0,0.0,0.0
9.0,9.0,0.0,191.0,81816.5,0.0,0.0,0.0
10.0,9.0,0.0,220.0,81846.1,0.0,0.0,0.0
11.0,10.0,1.0,250.0,81876.0,81876.0,139.0,1.0
14.0,11.0,0.0,0.0,82029.8,0.0,0.0,0.0
14.0,14.0,0.0,27.0,82056.9,0.0,0.0,0.0
15.0,14.0,0.0,57.0,82086.8,0.0,0.0,0.0
16.0,15.0,0.0,89.0,82119.1,0.0,0.0,0.0
16.0,16.0,0.0,115.0,82145.4,0.0,0.0,0.0
17.0,16.0,0.0,147.0,82177.8,0.0,0.0,0.0
18.0,17.0,0.0,178.0,82208.1,0.0,0.0,0.0
18.0,18.0,0.0,208.0,82238.3,0.0,0.0,0.0
19.0,18.0,0.0,242.0,82272.4,0.0,0.0,0.0
2.0,19.0,1.0,268.0,82298.1,82298.1,139.0,2.0
5.0,2.0,0.0,0.0,82446.7,0.0,0.0,0.0
5.0,5.0,0.0,31.0,82478.5,0.0,0.0,0.0
6.0,5.0,0.0,61.0,82508.6,0.0,0.0,0.0
7.0,6.0,0.0,91.0,82538.5,0.0,0.0,0.0
7.0,7.0,0.0,123.0,82569.8,0.0,0.0,0.0
8.0,7.0,0.0,152.0,82599.1,0.0,0.0,0.0
9.0,8.0,0.0,187.0,82634.4,0.0,0.0,0.0
9.0,9.0,0.0,213.0,82660.0,0.0,0.0,0.0
10.0,9.0,0.0,243.0,82690.4,0.0,0.0,0.0
11.0,10.0,1.0,273.0,82720.5,82720.5,157.0,1.0
14.0,11.0,0.0,0.0,82886.4,0.0,0.0,0.0
15.0,14.0,0.0,27.0,82914.3,0.0,0.0,0.0
15.0,15.0,0.0,58.0,82944.5,0.0,0.0,0.0
16.0,15.0,0.0,88.0,82974.8,0.0,0.0,0.0
17.0,16.0,0.0,117.0,83004.4,0.0,0.0,0.0
17.0,17.0,0.0,148.0,83034.5,0.0,0.0,0.0
18.0,17.0,0.0,183.0,83069.8,0.0,0.0,0.0
19.0,18.0,0.0,212.0,83099.0,0.0,0.0,0.0
19.0,19.0,0.0,244.0,83130.6,0.0,0.0,0.0
2.0,19.0,1.0,273.0,83160.3,83160.3,149.0,2.0
5.0,2.0,0.0,0.0,83320.4,0.0,0.0,0.0
6.0,5.0,0.0,30.0,83350.6,0.0,0.0,0.0
7.0,6.0,0.0,60.0,83380.6,0.0,0.0,0.0
7.0,7.0,0.0,90.0,83410.6,0.0,0.0,0.0
8.0,7.0,0.0,125.0,83445.8,0.0,0.0,0.0
9.0,8.0,0.0,157.0,83477.8,0.0,0.0,0.0
9.0,9.0,0.0,186.0,83506.8,0.0,0.0,0.0
10.0,9.0,0.0,216.0,83536.6,0.0,0.0,0.0
11.0,10.0,1.0,250.0,83571.3,83571.3,148.0,1.0
14.0,11.0,0.0,0.0,83730.4,0.0,0.0,0.0
15.0,14.0,0.0,31.0,83762.4,0.0,0.0,0.0
16.0,15.0,0.0,62.0,83792.4,0.0,0.0,0.0
16.0,16.0,0.0,92.0,83822.8,0.0,0.0,0.0
17.0,16.0,0.0,121.0,83852.4,0.0,0.0,0.0
17.0,17.0,0.0,151.0,83881.7,0.0,0.0,0.0
18.0,17.0,0.0,182.0,83912.9,0.0,0.0,0.0
19.0,18.0,0.0,212.0,83943.4,0.0,0.0,0.0
19.0,19.0,0.0,243.0,83973.7,0.0,0.0,0.0
2.0,19.0,1.0,275.0,84005.9,84005.9,136.0,2.0
5.0,2.0,0.0,0.0,84151.2,0.0,0.0,0.0
6.0,5.0,0.0,25.0,84176.4,0.0,0.0,0.0
6.0,6.0,0.0,54.0,84205.5,0.0,0.0,0.0
7.0,6.0,0.0,84.0,84236.2,0.0,0.0,0.0
8.0,7.0,0.0,119.0,84270.8,0.0,0.0,0.0
8.0,8.0,0.0,150.0,84301.8,0.0,0.0,0.0
9.0,8.0,0.0,178.0,84329.8,0.0,0.0,0.0
10.0,9.0,0.0,209.0,84360.6,0.0,0.0,0.0
10.0,10.0,0.0,239.0,84390.8,0.0,0.0,0.0
11.0,10.0,1.0,275.0,84426.5,84426.5,129.0,1.0
14.0,11.0,0.0,0.0,84564.0,0.0,0.0,0.0
15.0,14.0,0.0,23.0,84587.5,0.0,0.0,0.0
15.0,15.0,0.0,53.0,84617.8,0.0,0.0,0.0
16.0,15.0,0.0,84.0,84648.1,0.0,0.0,0.0
16.0,16.0,0.0,114.0,84678.2,0.0,0.0,0.0
17.0,16.0,0.0,144.0,84708.6,0.0,0.0,0.0
18.0,17.0,0.0,178.0,84742.8,0.0,0.0,0.0
19.0,18.0,0.0,203.0,84767.7,0.0,0.0,0.0
19.0,19.0,0.0,234.0,84798.4,0.0,0.0,0.0
2.0,19.0,1.0,264.0,84828.6,84828.6,141.0,2.0
5.0,2.0,0.0,0.0,84980.2,0.0,0.0,0.0
6.0,5.0,0.0,34.0,85015.2,0.0,0.0,0.0
6.0,6.0,0.0,60.0,85040.4,0.0,0.0,0.0
7.0,6.0,0.0,90.0,85070.5,0.0,0.0,0.0
8.0,7.0,0.0,120.0,85100.6,0.0,0.0,0.0
8.0,8.0,0.0,150.0,85130.5,0.0,0.0,0.0
9.0,8.0,0.0,184.0,85164.4,0.0,0.0,0.0
10.0,9.0,0.0,210.0,85190.3,0.0,0.0,0.0
10.0,10.0,0.0,240.0,85220.6,0.0,0.0,0.0
11.0,10.0,1.0,270.0,85250.7,85250.7,145.0,1.0
14.0,11.0,0.0,0.0,85405.7,0.0,0.0,0.0
15.0,14.0,0.0,26.0,85431.7,0.0,0.0,0.0
15.0,15.0,0.0,56.0,85462.3,0.0,0.0,0.0
16.0,15.0,0.0,86.0,85492.2,0.0,0.0,0.0
17.0,16.0,0.0,121.0,85526.8,0.0,0.0,0.0
17.0,17.0,0.0,145.0,85551.5,0.0,0.0,0.0
18.0,17.0,0.0,176.0,85582.4,0.0,0.0,0.0
19.0,18.0,0.0,206.0,85612.4,0.0,0.0,0.0
19.0,19.0,0.0,236.0,85642.1,0.0,0.0,0.0
2.0,19.0,1.0,271.0,85676.7,85676.7,137.0,2.0
5.0,2.0,0.0,0.0,85820.3,0.0,0.0,0.0
6.0,5.0,0.0,25.0,85846.2,0.0,0.0,0.0
6.0,6.0,0.0,57.0,85878.2,0.0,0.0,0.0
7.0,6.0,0.0,93.0,85914.1,0.0,0.0,0.0
8.0,7.0,0.0,118.0,85938.5,0.0,0.0,0.0
8.0,8.0,0.0,150.0,85970.5,0.0,0.0,0.0
9.0,8.0,0.0,181.0,86001.8,0.0,0.0,0.0
10.0,9.0,0.0,210.0,86030.5,0.0,0.0,0.0
10.0,10.0,0.0,242.0,86062.5,0.0,0.0,0.0
11.0,10.0,1.0,272.0,86092.7,86092.7,143.0,1.0
14.0,11.0,0.0,0.0,86245.8,0.0,0.0,0.0
15.0,14.0,0.0,27.0,86273.3,0.0,0.0,0.0
15.0,15.0,0.0,57.0,86303.5,0.0,0.0,0.0
16.0,15.0,0.0,90.0,86336.0,0.0,0.0,0.0
17.0,16.0,0.0,125.0,86371.4,0.0,0.0,0.0
17.0,17.0,0.0,150.0,86396.0,0.0,0.0,0.0
18.0,17.0,0.0,180.0,86426.4,0.0,0.0,0.0
19.0,18.0,0.0,210.0,86456.3,0.0,0.0,0.0
19.0,19.0,0.0,240.0,86486.5,0.0,0.0,0.0
2.0,19.0,1.0,273.0,86519.5,86519.5,140.0,2.0
5.0,2.0,0.0,0.0,86666.8,0.0,0.0,0.0
6.0,5.0,0.0,30.0,86697.1,0.0,0.0,0.0
6.0,6.0,0.0,59.0,86726.6,0.0,0.0,0.0
7.0,6.0,0.0,91.0,86757.9,0.0,0.0,0.0
8.0,7.0,0.0,120.0,86787.0,0.0,0.0,0.0
8.0,8.0,0.0,151.0,86818.0,0.0,0.0,0.0
9.0,8.0,0.0,184.0,86851.3,0.0,0.0,0.0
10.0,9.0,0.0,211.0,86878.1,0.0,0.0,0.0
10.0,10.0,0.0,240.0,86907.6,0.0,0.0,0.0
11.0,10.0,1.0,271.0,86938.0,86938.0,147.0,1.0
14.0,11.0,0.0,0.0,87094.6,0.0,0.0,0.0
15.0,14.0,0.0,26.0,87120.7,0.0,0.0,0.0
15.0,15.0,0.0,56.0,87151.1,0.0,0.0,0.0
16.0,15.0,0.0,87.0,87181.9,0.0,0.0,0.0
17.0,16.0,0.0,119.0,87214.6,0.0,0.0,0.0
17.0,17.0,0.0,151.0,87246.0,0.0,0.0,0.0
18.0,17.0,0.0,183.0,87277.6,0.0,0.0,0.0
19.0,18.0,0.0,211.0,87306.6,0.0,0.0,0.0
19.0,19.0,0.0,243.0,87337.9,0.0,0.0,0.0
2.0,19.0,1.0,273.0,87368.3,87368.3,134.0,2.0
5.0,2.0,0.0,0.0,87512.4,0.0,0.0,0.0
6.0,5.0,0.0,26.0,87538.5,0.0,0.0,0.0
6.0,6.0,0.0,56.0,87568.6,0.0,0.0,0.0
7.0,6.0,0.0,86.0,87598.8,0.0,0.0,0.0
8.0,7.0,0.0,117.0,87629.7,0.0,0.0,0.0
8.0,8.0,0.0,150.0,87662.4,0.0,0.0,0.0
9.0,8.0,0.0,182.0,87694.5,0.0,0.0,0.0
10.0,9.0,0.0,210.0,87722.4,0.0,0.0,0.0
10.0,10.0,0.0,244.0,87756.5,0.0,0.0,0.0
11.0,10.0,1.0,277.0,87790.1,87790.1,142.0,1.0
14.0,11.0,0.0,0.0,87940.6,0.0,0.0,0.0
15.0,14.0,0.0,29.0,87970.6,0.0,0.0,0.0
16.0,15.0,0.0,60.0,88000.8,0.0,0.0,0.0
16.0,16.0,0.0,93.0,88034.6,0.0,0.0,0.0
17.0,16.0,0.0,128.0,88068.8,0.0,0.0,0.0
18.0,17.0,0.0,153.0,88093.7,0.0,0.0,0.0
18.0,18.0,0.0,185.0,88126.6,0.0,0.0,0.0
19.0,18.0,0.0,221.0,88161.7,0.0,0.0,0.0
2.0,19.0,1.0,251.0,88192.4,88192.4,144.0,2.0
5.0,2.0,0.0,0.0,88346.5,0.0,0.0,0.0
6.0,5.0,0.0,28.0,88374.7,0.0,0.0,0.0
6.0,6.0,0.0,59.0,88406.4,0.0,0.0,0.0
7.0,6.0,0.0,93.0,88440.5,0.0,0.0,0.0
8.0,7.0,0.0,120.0,88466.6,0.0,0.0,0.0
8.0,8.0,0.0,152.0,88498.9,0.0,0.0,0.0
9.0,8.0,0.0,187.0,88533.7,0.0,0.0,0.0
10.0,9.0,0.0,212.0,88558.7,0.0,0.0,0.0
10.0,10.0,0.0,243.0,88590.2,0.0,0.0,0.0
11.0,10.0,1.0,279.0,88626.1,88626.1,148.0,1.0
15.0,11.0,0.0,0.0,88784.0,0.0,0.0,0.0
15.0,15.0,0.0,34.0,88818.5,0.0,0.0,0.0
16.0,15.0,0.0,64.0,88848.5,0.0,0.0,0.0
17.0,16.0,0.0,94.0,88878.5,0.0,0.0,0.0
17.0,17.0,0.0,128.0,88912.1,0.0,0.0,0.0
18.0,17.0,0.0,156.0,88940.6,0.0,0.0,0.0
18.0,18.0,0.0,186.0,88970.9,0.0,0.0,0.0
19.0,18.0,0.0,217.0,89001.8,0.0,0.0,0.0
2.0,19.0,1.0,250.0,89034.7,89034.7,130.0,2.0
5.0,2.0,0.0,0.0,89176.3,0.0,0.0,0.0
5.0,5.0,0.0,29.0,89206.3,0.0,0.0,0.0
6.0,5.0,0.0,62.0,89238.5,0.0,0.0,0.0
7.0,6.0,0.0,94.0,89270.4,0.0,0.0,0.0
7.0,7.0,0.0,124.0,89300.6,0.0,0.0,0.0
8.0,7.0,0.0,154.0,89330.5,0.0,0.0,0.0
9.0,8.0,0.0,186.0,89362.4,0.0,0.0,0.0
9.0,9.0,0.0,216.0,89392.5,0.0,0.0,0.0
10.0,9.0,0.0,246.0,89422.5,0.0,0.0,0.0
11.0,10.0,1.0,278.0,89454.5,89454.5,148.0,1.0
14.0,11.0,0.0,0.0,89614.4,0.0,0.0,0.0
15.0,14.0,0.0,24.0,89638.9,0.0,0.0,0.0
15.0,15.0,0.0,55.0,89669.9,0.0,0.0,0.0
16.0,15.0,0.0,84.0,89698.4,0.0,0.0,0.0
17.0,16.0,0.0,114.0,89728.6,0.0,0.0,0.0
17.0,17.0,0.0,143.0,89758.3,0.0,0.0,0.0
18.0,17.0,0.0,178.0,89792.5,0.0,0.0,0.0
19.0,18.0,0.0,208.0,89822.7,0.0,0.0,0.0
19.0,19.0,0.0,238.0,89852.6,0.0,0.0,0.0
2.0,19.0,1.0,268.0,89882.8,89882.8,144.0,2.0
5.0,2.0,0.0,0.0,90037.9,0.0,0.0,0.0
6.0,5.0,0.0,32.0,90070.4,0.0,0.0,0.0
7.0,6.0,0.0,62.0,90100.5,0.0,0.0,0.0
7.0,7.0,0.0,92.0,90130.5,0.0,0.0,0.0
8.0,7.0,0.0,122.0,90160.5,0.0,0.0,0.0
8.0,8.0,0.0,152.0,90190.5,0.0,0.0,0.0
9.0,8.0,0.0,182.0,90220.5,0.0,0.0,0.0
10.0,9.0,0.0,212.0,90250.1,0.0,0.0,0.0
10.0,10.0,0.0,242.0,90280.7,0.0,0.0,0.0
11.0,10.0,1.0,272.0,90310.8,90310.8,149.0,1.0
14.0,11.0,0.0,0.0,90470.2,0.0,0.0,0.0
15.0,14.0,0.0,23.0,90494.2,0.0,0.0,0.0
16.0,15.0,0.0,54.0,90524.2,0.0,0.0,0.0
16.0,16.0,0.0,83.0,90554.1,0.0,0.0,0.0
17.0,16.0,0.0,120.0,90590.4,0.0,0.0,0.0
18.0,17.0,0.0,144.0,90614.4,0.0,0.0,0.0
18.0,18.0,0.0,174.0,90644.4,0.0,0.0,0.0
19.0,18.0,0.0,203.0,90674.2,0.0,0.0,0.0
2.0,19.0,1.0,234.0,90704.6,90704.6,139.0,2.0
5.0,2.0,0.0,0.0,90858.6,0.0,0.0,0.0
6.0,5.0,0.0,28.0,90886.7,0.0,0.0,0.0
6.0,6.0,0.0,58.0,90917.2,0.0,0.0,0.0
7.0,6.0,0.0,92.0,90950.6,0.0,0.0,0.0
8.0,7.0,0.0,122.0,90980.6,0.0,0.0,0.0
8.0,8.0,0.0,155.0,91014.2,0.0,0.0,0.0
9.0,8.0,0.0,187.0,91046.3,0.0,0.0,0.0
10.0,9.0,0.0,217.0,91076.4,0.0,0.0,0.0
10.0,10.0,0.0,252.0,91110.6,0.0,0.0,0.0
11.0,10.0,1.0,283.0,91141.9,91141.9,146.0,1.0
14.0,11.0,0.0,0.0,91297.9,0.0,0.0,0.0
15.0,14.0,0.0,29.0,91327.9,0.0,0.0,0.0
16.0,15.0,0.0,63.0,91360.9,0.0,0.0,0.0
16.0,16.0,0.0,89.0,91387.7,0.0,0.0,0.0
17.0,16.0,0.0,119.0,91417.9,0.0,0.0,0.0
18.0,17.0,0.0,150.0,91448.1,0.0,0.0,0.0
18.0,18.0,0.0,180.0,91478.2,0.0,0.0,0.0
19.0,18.0,0.0,214.0,91512.6,0.0,0.0,0.0
2.0,19.0,1.0,240.0,91538.3,91538.3,137.0,2.0
5.0,2.0,0.0,0.0,91684.5,0.0,0.0,0.0
5.0,5.0,0.0,25.0,91710.5,0.0,0.0,0.0
6.0,5.0,0.0,61.0,91746.1,0.0,0.0,0.0
7.0,6.0,0.0,86.0,91770.9,0.0,0.0,0.0
7.0,7.0,0.0,117.0,91802.5,0.0,0.0,0.0
8.0,7.0,0.0,152.0,91837.4,0.0,0.0,0.0
9.0,8.0,0.0,183.0,91868.2,0.0,0.0,0.0
9.0,9.0,0.0,213.0,91897.6,0.0,0.0,0.0
10.0,9.0,0.0,248.0,91932.9,0.0,0.0,0.0
11.0,10.0,1.0,273.0,91958.0,91958.0,142.0,1.0
14.0,11.0,0.0,0.0,92110.0,0.0,0.0,0.0
15.0,14.0,0.0,30.0,92140.9,0.0,0.0,0.0
15.0,15.0,0.0,60.0,92170.3,0.0,0.0,0.0
16.0,15.0,0.0,92.0,92203.0,0.0,0.0,0.0
17.0,16.0,0.0,122.0,92232.3,0.0,0.0,0.0
17.0,17.0,0.0,152.0,92262.3,0.0,0.0,0.0
18.0,17.0,0.0,184.0,92294.4,0.0,0.0,0.0
19.0,18.0,0.0,215.0,92325.6,0.0,0.0,0.0
19.0,19.0,0.0,249.0,92359.7,0.0,0.0,0.0
2.0,19.0,1.0,280.0,92390.4,92390.4,149.0,2.0
5.0,2.0,0.0,0.0,92548.3,0.0,0.0,0.0
6.0,5.0,0.0,32.0,92580.7,0.0,0.0,0.0
7.0,6.0,0.0,62.0,92610.9,0.0,0.0,0.0
7.0,7.0,0.0,92.0,92641.1,0.0,0.0,0.0
8.0,7.0,0.0,125.0,92673.5,0.0,0.0,0.0
9.0,8.0,0.0,161.0,92709.5,0.0,0.0,0.0
9.0,9.0,0.0,185.0,92733.6,0.0,0.0,0.0
10.0,9.0,0.0,217.0,92766.1,0.0,0.0,0.0
11.0,10.0,1.0,246.0,92794.4,92794.4,154.0,1.0
14.0,11.0,0.0,0.0,92960.5,0.0,0.0,0.0
15.0,14.0,0.0,30.0,92990.7,0.0,0.0,0.0
15.0,15.0,0.0,60.0,93020.6,0.0,0.0,0.0
16.0,15.0,0.0,90.0,93050.8,0.0,0.0,0.0
17.0,16.0,0.0,120.0,93081.0,0.0,0.0,0.0
17.0,17.0,0.0,149.0,93110.5,0.0,0.0,0.0
18.0,17.0,0.0,181.0,93141.7,0.0,0.0,0.0
19.0,18.0,0.0,210.0,93170.6,0.0,0.0,0.0
19.0,19.0,0.0,241.0,93201.5,0.0,0.0,0.0
2.0,19.0,1.0,273.0,93234.3,93234.3,149.0,2.0
5.0,2.0,0.0,0.0,93392.4,0.0,0.0,0.0
6.0,5.0,0.0,31.0,93424.4,0.0,0.0,0.0
7.0,6.0,0.0,62.0,93454.5,0.0,0.0,0.0
7.0,7.0,0.0,92.0,93484.4,0.0,0.0,0.0
8.0,7.0,0.0,121.0,93514.4,0.0,0.0,0.0
9.0,8.0,0.0,154.0,93546.5,0.0,0.0,0.0
9.0,9.0,0.0,185.0,93578.1,0.0,0.0,0.0
10.0,9.0,0.0,214.0,93607.2,0.0,0.0,0.0
11.0,10.0,1.0,245.0,93638.3,93638.3,137.0,1.0
14.0,11.0,0.0,0.0,93784.4,0.0,0.0,0.0
15.0,14.0,0.0,30.0,93815.3,0.0,0.0,0.0
15.0,15.0,0.0,62.0,93846.5,0.0,0.0,0.0
16.0,15.0,0.0,92.0,93876.6,0.0,0.0,0.0
16.0,16.0,0.0,122.0,93906.5,0.0,0.0,0.0
17.0,16.0,0.0,152.0,93936.5,0.0,0.0,0.0
18.0,17.0,0.0,182.0,93966.7,0.0,0.0,0.0
18.0,18.0,0.0,212.0,93996.6,0.0,0.0,0.0
19.0,18.0,0.0,243.0,94028.2,0.0,0.0,0.0
2.0,19.0,1.0,274.0,94059.1,94059.1,139.0,2.0
5.0,2.0,0.0,0.0,94207.8,0.0,0.0,0.0
6.0,5.0,0.0,30.0,94238.2,0.0,0.0,0.0
6.0,6.0,0.0,60.0,94267.9,0.0,0.0,0.0
7.0,6.0,0.0,90.0,94298.2,0.0,0.0,0.0
8.0,7.0,0.0,120.0,94328.7,0.0,0.0,0.0
8.0,8.0,0.0,150.0,94358.8,0.0,0.0,0.0
9.0,8.0,0.0,180.0,94388.2,0.0,0.0,0.0
9.0,9.0,0.0,210.0,94418.2,0.0,0.0,0.0
10.0,9.0,0.0,240.0,94448.4,0.0,0.0,0.0
11.0,10.0,1.0,271.0,94479.2,94479.2,142.0,1.0
14.0,11.0,0.0,0.0,94632.3,0.0,0.0,0.0
15.0,14.0,0.0,34.0,94666.6,0.0,0.0,0.0
15.0,15.0,0.0,60.0,94692.3,0.0,0.0,0.0
16.0,15.0,0.0,90.0,94722.3,0.0,0.0,0.0
17.0,16.0,0.0,120.0,94752.4,0.0,0.0,0.0
17.0,17.0,0.0,150.0,94782.4,0.0,0.0,0.0
18.0,17.0,0.0,185.0,94817.8,0.0,0.0,0.0
19.0,18.0,0.0,209.0,94841.6,0.0,0.0,0.0
19.0,19.0,0.0,240.0,94872.8,0.0,0.0,0.0
2.0,19.0,1.0,270.0,94902.6,94902.6,146.0,2.0
5.0,2.0,0.0,0.0,95059.0,0.0,0.0,0.0
6.0,5.0,0.0,25.0,95084.1,0.0,0.0,0.0
6.0,6.0,0.0,55.0,95114.4,0.0,0.0,0.0
7.0,6.0,0.0,85.0,95144.2,0.0,0.0,0.0
8.0,7.0,0.0,117.0,95176.8,0.0,0.0,0.0
8.0,8.0,0.0,145.0,95204.5,0.0,0.0,0.0
9.0,8.0,0.0,175.0,95234.5,0.0,0.0,0.0
10.0,9.0,0.0,205.0,95264.3,0.0,0.0,0.0
10.0,10.0,0.0,235.0,95294.4,0.0,0.0,0.0
11.0,10.0,1.0,271.0,95330.1,95330.1,140.0,1.0
14.0,11.0,0.0,0.0,95474.5,0.0,0.0,0.0
15.0,14.0,0.0,31.0,95505.6,0.0,0.0,0.0
16.0,15.0,0.0,60.0,95534.7,0.0,0.0,0.0
16.0,16.0,0.0,91.0,95565.6,0.0,0.0,0.0
17.0,16.0,0.0,121.0,95596.1,0.0,0.0,0.0
17.0,17.0,0.0,151.0,95626.3,0.0,0.0,0.0
18.0,17.0,0.0,181.0,95656.3,0.0,0.0,0.0
19.0,18.0,0.0,216.0,95690.7,0.0,0.0,0.0
19.0,19.0,0.0,242.0,95716.7,0.0,0.0,0.0
2.0,19.0,1.0,272.0,95746.9,95746.9,142.0,2.0
5.0,2.0,0.0,0.0,95898.2,0.0,0.0,0.0
6.0,5.0,0.0,32.0,95930.6,0.0,0.0,0.0
7.0,6.0,0.0,62.0,95960.6,0.0,0.0,0.0
7.0,7.0,0.0,91.0,95990.0,0.0,0.0,0.0
8.0,7.0,0.0,123.0,96022.1,0.0,0.0,0.0
9.0,8.0,0.0,154.0,96052.5,0.0,0.0,0.0
9.0,9.0,0.0,184.0,96082.5,0.0,0.0,0.0
10.0,9.0,0.0,216.0,96114.4,0.0,0.0,0.0
10.0,10.0,0.0,246.0,96144.4,0.0,0.0,0.0
11.0,10.0,1.0,276.0,96174.4,96174.4,131.0,1.0
14.0,11.0,0.0,0.0,96316.3,0.0,0.0,0.0
15.0,14.0,0.0,34.0,96351.0,0.0,0.0,0.0
16.0,15.0,0.0,64.0,96381.2,0.0,0.0,0.0
16.0,16.0,0.0,94.0,96410.9,0.0,0.0,0.0
17.0,16.0,0.0,125.0,96441.7,0.0,0.0,0.0
18.0,17.0,0.0,154.0,96471.3,0.0,0.0,0.0
18.0,18.0,0.0,185.0,96502.3,0.0,0.0,0.0
19.0,18.0,0.0,218.0,96534.7,0.0,0.0,0.0
2.0,19.0,1.0,248.0,96564.5,96564.5,127.0,2.0
5.0,2.0,0.0,0.0,96706.7,0.0,0.0,0.0
5.0,5.0,0.0,31.0,96738.7,0.0,0.0,0.0
6.0,5.0,0.0,61.0,96768.7,0.0,0.0,0.0
7.0,6.0,0.0,92.0,96798.8,0.0,0.0,0.0
7.0,7.0,0.0,124.0,96831.2,0.0,0.0,0.0
8.0,7.0,0.0,155.0,96862.0,0.0,0.0,0.0
9.0,8.0,0.0,185.0,96891.8,0.0,0.0,0.0
9.0,9.0,0.0,215.0,96922.2,0.0,0.0,0.0
10.0,9.0,0.0,245.0,96952.1,0.0,0.0,0.0
10.0,10.0,0.0,275.0,96982.2,0.0,0.0,0.0
11.0,10.0,1.0,305.0,97012.3,97012.3,138.0,1.0
14.0,11.0,0.0,0.0,97160.6,0.0,0.0,0.0
15.0,14.0,0.0,36.0,97196.6,0.0,0.0,0.0
16.0,15.0,0.0,61.0,97222.4,0.0,0.0,0.0
16.0,16.0,0.0,91.0,97252.6,0.0,0.0,0.0
17.0,16.0,0.0,122.0,97282.7,0.0,0.0,0.0
18.0,17.0,0.0,152.0,97312.6,0.0,0.0,0.0
18.0,18.0,0.0,181.0,97342.6,0.0,0.0,0.0
19.0,18.0,0.0,212.0,97373.6,0.0,0.0,0.0
2.0,19.0,1.0,242.0,97402.8,97402.8,140.0,2.0
5.0,2.0,0.0,0.0,97558.6,0.0,0.0,0.0
5.0,5.0,0.0,25.0,97584.4,0.0,0.0,0.0
6.0,5.0,0.0,55.0,97614.4,0.0,0.0,0.0
7.0,6.0,0.0,85.0,97644.5,0.0,0.0,0.0
7.0,7.0,0.0,115.0,97674.3,0.0,0.0,0.0
8.0,7.0,0.0,150.0,97708.8,0.0,0.0,0.0
9.0,8.0,0.0,184.0,97742.9,0.0,0.0,0.0
9.0,9.0,0.0,210.0,97769.1,0.0,0.0,0.0
10.0,9.0,0.0,243.0,97802.4,0.0,0.0,0.0
11.0,10.0,1.0,276.0,97834.7,97834.7,138.0,1.0
14.0,11.0,0.0,0.0,97984.4,0.0,0.0,0.0
15.0,14.0,0.0,34.0,98018.4,0.0,0.0,0.0
15.0,15.0,0.0,64.0,98048.4,0.0,0.0,0.0
16.0,15.0,0.0,94.0,98078.7,0.0,0.0,0.0
17.0,16.0,0.0,126.0,98110.5,0.0,0.0,0.0
17.0,17.0,0.0,157.0,98141.6,0.0,0.0,0.0
18.0,17.0,0.0,186.0,98170.5,0.0,0.0,0.0
19.0,18.0,0.0,216.0,98200.6,0.0,0.0,0.0
19.0,19.0,0.0,246.0,98231.2,0.0,0.0,0.0
2.0,19.0,1.0,281.0,98265.4,98265.4,149.0,2.0
5.0,2.0,0.0,0.0,98424.4,0.0,0.0,0.0
6.0,5.0,0.0,31.0,98456.4,0.0,0.0,0.0
7.0,6.0,0.0,62.0,98486.5,0.0,0.0,0.0
7.0,7.0,0.0,94.0,98518.4,0.0,0.0,0.0
8.0,7.0,0.0,124.0,98548.5,0.0,0.0,0.0
9.0,8.0,0.0,158.0,98583.2,0.0,0.0,0.0
9.0,9.0,0.0,184.0,98608.6,0.0,0.0,0.0
10.0,9.0,0.0,216.0,98640.7,0.0,0.0,0.0
11.0,10.0,1.0,250.0,98674.4,98674.4,143.0,1.0
14.0,11.0,0.0,0.0,98824.4,0.0,0.0,0.0
15.0,14.0,0.0,33.0,98858.3,0.0,0.0,0.0
15.0,15.0,0.0,66.0,98890.5,0.0,0.0,0.0
16.0,15.0,0.0,96.0,98920.6,0.0,0.0,0.0
17.0,16.0,0.0,129.0,98954.4,0.0,0.0,0.0
17.0,17.0,0.0,156.0,98980.8,0.0,0.0,0.0
18.0,17.0,0.0,186.0,99010.6,0.0,0.0,0.0
19.0,18.0,0.0,215.0,99040.4,0.0,0.0,0.0
19.0,19.0,0.0,246.0,99070.6,0.0,0.0,0.0
2.0,19.0,1.0,280.0,99104.5,99104.5,146.0,2.0
5.0,2.0,0.0,0.0,99257.3,0.0,0.0,0.0
6.0,5.0,0.0,32.0,99290.1,0.0,0.0,0.0
7.0,6.0,0.0,57.0,99314.3,0.0,0.0,0.0
7.0,7.0,0.0,91.0,99348.4,0.0,0.0,0.0
8.0,7.0,0.0,123.0,99380.5,0.0,0.0,0.0
9.0,8.0,0.0,154.0,99411.7,0.0,0.0,0.0
9.0,9.0,0.0,185.0,99442.5,0.0,0.0,0.0
10.0,9.0,0.0,215.0,99472.5,0.0,0.0,0.0
10.0,10.0,0.0,245.0,99502.4,0.0,0.0,0.0
11.0,10.0,1.0,275.0,99532.6,99532.6,140.0,1.0
14.0,11.0,0.0,0.0,99682.8,0.0,0.0,0.0
15.0,14.0,0.0,30.0,99713.2,0.0,0.0,0.0
16.0,15.0,0.0,61.0,99744.1,0.0,0.0,0.0
16.0,16.0,0.0,91.0,99774.2,0.0,0.0,0.0
17.0,16.0,0.0,125.0,99808.0,0.0,0.0,0.0
18.0,17.0,0.0,151.0,99834.2,0.0,0.0,0.0
18.0,18.0,0.0,181.0,99864.3,0.0,0.0,0.0
19.0,18.0,0.0,211.0,99894.5,0.0,0.0,0.0
2.0,19.0,1.0,241.0,99924.1,99924.1,138.0,2.0
5.0,2.0,0.0,0.0,100077.3,0.0,0.0,0.0
5.0,5.0,0.0,27.0,100104.5,0.0,0.0,0.0
6.0,5.0,0.0,58.0,100136.0,0.0,0.0,0.0
7.0,6.0,0.0,93.0,100170.4,0.0,0.0,0.0
7.0,7.0,0.0,117.0,100195.1,0.0,0.0,0.0
8.0,7.0,0.0,149.0,100226.5,0.0,0.0,0.0
9.0,8.0,0.0,179.0,100256.3,0.0,0.0,0.0
9.0,9.0,0.0,209.0,100286.5,0.0,0.0,0.0
10.0,9.0,0.0,243.0,100320.8,0.0,0.0,0.0
11.0,10.0,1.0,269.0,100346.6,100346.6,145.0,1.0
14.0,11.0,0.0,0.0,100501.2,0.0,0.0,0.0
15.0,14.0,0.0,28.0,100530.0,0.0,0.0,0.0
15.0,15.0,0.0,61.0,100562.5,0.0,0.0,0.0
16.0,15.0,0.0,96.0,100597.8,0.0,0.0,0.0
17.0,16.0,0.0,125.0,100626.5,0.0,0.0,0.0
17.0,17.0,0.0,156.0,100658.1,0.0,0.0,0.0
18.0,17.0,0.0,192.0,100693.4,0.0,0.0,0.0
19.0,18.0,0.0,217.0,100718.5,0.0,0.0,0.0
19.0,19.0,0.0,246.0,100747.9,0.0,0.0,0.0
2.0,19.0,1.0,277.0,100778.4,100778.4,149.0,2.0
5.0,2.0,0.0,0.0,100936.9,0.0,0.0,0.0
6.0,5.0,0.0,35.0,100972.6,0.0,0.0,0.0
7.0,6.0,0.0,62.0,100998.9,0.0,0.0,0.0
7.0,7.0,0.0,92.0,101029.5,0.0,0.0,0.0
8.0,7.0,0.0,122.0,101059.1,0.0,0.0,0.0
9.0,8.0,0.0,153.0,101090.1,0.0,0.0,0.0
9.0,9.0,0.0,182.0,101119.1,0.0,0.0,0.0
10.0,9.0,0.0,213.0,101150.5,0.0,0.0,0.0
11.0,10.0,1.0,243.0,101180.3,101180.3,140.0,1.0
14.0,11.0,0.0,0.0,101334.6,0.0,0.0,0.0
14.0,14.0,0.0,25.0,101360.1,0.0,0.0,0.0
15.0,14.0,0.0,58.0,101392.9,0.0,0.0,0.0
16.0,15.0,0.0,88.0,101422.6,0.0,0.0,0.0
16.0,16.0,0.0,117.0,101452.5,0.0,0.0,0.0
17.0,16.0,0.0,148.0,101482.8,0.0,0.0,0.0
18.0,17.0,0.0,179.0,101514.0,0.0,0.0,0.0
18.0,18.0,0.0,211.0,101546.0,0.0,0.0,0.0
19.0,18.0,0.0,244.0,101579.3,0.0,0.0,0.0
2.0,19.0,1.0,272.0,101606.6,101606.6,130.0,2.0
5.0,2.0,0.0,0.0,101748.6,0.0,0.0,0.0
5.0,5.0,0.0,31.0,101780.5,0.0,0.0,0.0
6.0,5.0,0.0,61.0,101810.6,0.0,0.0,0.0
7.0,6.0,0.0,92.0,101840.8,0.0,0.0,0.0
7.0,7.0,0.0,123.0,101872.3,0.0,0.0,0.0
8.0,7.0,0.0,152.0,101901.0,0.0,0.0,0.0
9.0,8.0,0.0,182.0,101931.0,0.0,0.0,0.0
9.0,9.0,0.0,214.0,101963.4,0.0,0.0,0.0
10.0,9.0,0.0,249.0,101998.5,0.0,0.0,0.0
11.0,10.0,1.0,278.0,102027.3,102027.3,160.0,1.0
14.0,11.0,0.0,0.0,102198.8,0.0,0.0,0.0
15.0,14.0,0.0,23.0,102222.5,0.0,0.0,0.0
15.0,15.0,0.0,55.0,102254.3,0.0,0.0,0.0
16.0,15.0,0.0,85.0,102284.4,0.0,0.0,0.0
17.0,16.0,0.0,120.0,102319.2,0.0,0.0,0.0
17.0,17.0,0.0,146.0,102344.8,0.0,0.0,0.0
18.0,17.0,0.0,175.0,102374.6,0.0,0.0,0.0
19.0,18.0,0.0,206.0,102405.7,0.0,0.0,0.0
19.0,19.0,0.0,237.0,102436.0,0.0,0.0,0.0
2.0,19.0,1.0,266.0,102465.3,102465.3,151.0,2.0
5.0,2.0,0.0,0.0,102626.6,0.0,0.0,0.0
6.0,5.0,0.0,29.0,102656.4,0.0,0.0,0.0
7.0,6.0,0.0,64.0,102691.0,0.0,0.0,0.0
7.0,7.0,0.0,89.0,102716.4,0.0,0.0,0.0
8.0,7.0,0.0,119.0,102746.5,0.0,0.0,0.0
9.0,8.0,0.0,151.0,102778.0,0.0,0.0,0.0
9.0,9.0,0.0,182.0,102809.1,0.0,0.0,0.0
10.0,9.0,0.0,212.0,102838.6,0.0,0.0,0.0
11.0,10.0,1.0,247.0,102873.9,102873.9,136.0,1.0
14.0,11.0,0.0,0.0,103015.1,0.0,0.0,0.0
14.0,14.0,0.0,31.0,103046.5,0.0,0.0,0.0
15.0,14.0,0.0,61.0,103076.3,0.0,0.0,0.0
16.0,15.0,0.0,91.0,103107.1,0.0,0.0,0.0
16.0,16.0,0.0,122.0,103137.8,0.0,0.0,0.0
17.0,16.0,0.0,153.0,103168.7,0.0,0.0,0.0
18.0,17.0,0.0,188.0,103203.4,0.0,0.0,0.0
18.0,18.0,0.0,213.0,103228.8,0.0,0.0,0.0
19.0,18.0,0.0,243.0,103258.7,0.0,0.0,0.0
2.0,19.0,1.0,273.0,103288.7,103288.7,135.0,2.0
5.0,2.0,0.0,0.0,103434.6,0.0,0.0,0.0
5.0,5.0,0.0,25.0,103460.6,0.0,0.0,0.0
6.0,5.0,0.0,55.0,103489.8,0.0,0.0,0.0
7.0,6.0,0.0,86.0,103520.6,0.0,0.0,0.0
7.0,7.0,0.0,115.0,103550.4,0.0,0.0,0.0
8.0,7.0,0.0,150.0,103584.8,0.0,0.0,0.0
9.0,8.0,0.0,176.0,103610.6,0.0,0.0,0.0
9.0,9.0,0.0,206.0,103640.7,0.0,0.0,0.0
10.0,9.0,0.0,236.0,103670.9,0.0,0.0,0.0
11.0,10.0,1.0,266.0,103701.1,103701.1,131.0,1.0
14.0,11.0,0.0,0.0,103846.4,0.0,0.0,0.0
14.0,14.0,0.0,28.0,103875.3,0.0,0.0,0.0
15.0,14.0,0.0,63.0,103910.3,0.0,0.0,0.0
16.0,15.0,0.0,93.0,103940.3,0.0,0.0,0.0
16.0,16.0,0.0,124.0,103970.5,0.0,0.0,0.0
17.0,16.0,0.0,155.0,104002.4,0.0,0.0,0.0
18.0,17.0,0.0,186.0,104031.7,0.0,0.0,0.0
18.0,18.0,0.0,216.0,104062.5,0.0,0.0,0.0
19.0,18.0,0.0,251.0,104097.7,0.0,0.0,0.0
2.0,19.0,1.0,281.0,104127.8,104127.8,134.0,2.0
5.0,2.0,0.0,0.0,104271.3,0.0,0.0,0.0
5.0,5.0,0.0,31.0,104302.4,0.0,0.0,0.0
6.0,5.0,0.0,60.0,104331.4,0.0,0.0,0.0
7.0,6.0,0.0,92.0,104363.4,0.0,0.0,0.0
7.0,7.0,0.0,122.0,104394.2,0.0,0.0,0.0
8.0,7.0,0.0,152.0,104424.3,0.0,0.0,0.0
9.0,8.0,0.0,185.0,104456.7,0.0,0.0,0.0
9.0,9.0,0.0,213.0,104484.3,0.0,0.0,0.0
10.0,9.0,0.0,243.0,104514.4,0.0,0.0,0.0
11.0,10.0,1.0,273.0,104544.5,104544.5,149.0,1.0
14.0,11.0,0.0,0.0,104703.5,0.0,0.0,0.0
15.0,14.0,0.0,34.0,104738.0,0.0,0.0,0.0
15.0,15.0,0.0,63.0,104767.4,0.0,0.0,0.0
16.0,15.0,0.0,94.0,104798.1,0.0,0.0,0.0
17.0,16.0,0.0,127.0,104830.7,0.0,0.0,0.0
18.0,17.0,0.0,155.0,104859.2,0.0,0.0,0.0
18.0,18.0,0.0,187.0,104890.8,0.0,0.0,0.0
19.0,18.0,0.0,219.0,104922.7,0.0,0.0,0.0
19.0,19.0,0.0,250.0,104954.1,0.0,0.0,0.0
2.0,19.0,1.0,289.0,104992.6,104992.6,134.0,2.0
5.0,2.0,0.0,0.0,105137.6,0.0,0.0,0.0
6.0,5.0,0.0,29.0,105166.9,0.0,0.0,0.0
7.0,6.0,0.0,59.0,105197.3,0.0,0.0,0.0
7.0,7.0,0.0,89.0,105227.3,0.0,0.0,0.0
8.0,7.0,0.0,120.0,105258.0,0.0,0.0,0.0
9.0,8.0,0.0,150.0,105288.1,0.0,0.0,0.0
9.0,9.0,0.0,180.0,105317.7,0.0,0.0,0.0
10.0,9.0,0.0,210.0,105348.5,0.0,0.0,0.0
10.0,10.0,0.0,240.0,105378.4,0.0,0.0,0.0
11.0,10.0,1.0,270.0,105408.4,105408.4,136.0,1.0
