X,Y,Z,Rx,Ry,Rz,time(s),time(ms)
485.364,-1.213,234.338,179.984,20.2111,1.6879,0,0
485.364,-1.213,234.338,179.984,20.2111,1.6879,0.06006006,60.06006006
485.364,-1.213,234.338,179.984,20.2111,1.6879,0.12012012,120.1201201
485.364,-1.213,234.338,179.984,20.2111,1.6879,0.18018018,180.1801802
485.364,-1.213,234.338,179.984,20.2111,1.6879,0.24024024,240.2402402
485.364,-1.213,234.338,179.984,20.2111,1.6879,0.3003003,300.3003003
485.365,-1.213,234.338,179.984,20.2111,1.6879,0.36036036,360.3603604
485.365,-1.213,234.337,179.984,20.2111,1.6879,0.42042042,420.4204204
485.365,-1.213,234.337,179.9841,20.211,1.688,0.48048048,480.4804805
485.366,-1.213,234.337,179.9841,20.211,1.688,0.540540541,540.5405405
485.367,-1.213,234.336,179.9841,20.211,1.688,0.600600601,600.6006006
485.368,-1.213,234.336,179.9841,20.2109,1.6881,0.660660661,660.6606607
485.369,-1.213,234.335,179.9842,20.2109,1.6881,0.720720721,720.7207207
485.37,-1.213,234.334,179.9842,20.2108,1.6882,0.780780781,780.7807808
485.371,-1.213,234.333,179.9843,20.2107,1.6882,0.840840841,840.8408408
485.373,-1.213,234.332,179.9844,20.2106,1.6883,0.900900901,900.9009009
485.375,-1.213,234.331,179.9845,20.2105,1.6884,0.960960961,960.960961
485.377,-1.214,234.329,179.9845,20.2104,1.6885,1.021021021,1021.021021
485.379,-1.214,234.328,179.9846,20.2103,1.6886,1.081081081,1081.081081
485.382,-1.214,234.326,179.9848,20.2101,1.6887,1.141141141,1141.141141
485.385,-1.214,234.324,179.9849,20.21,1.6888,1.201201201,1201.201201
485.388,-1.214,234.322,179.985,20.2098,1.689,1.261261261,1261.261261
485.392,-1.214,234.32,179.9852,20.2096,1.6891,1.321321321,1321.321321
485.396,-1.214,234.317,179.9853,20.2094,1.6893,1.381381381,1381.381381
485.4,-1.214,234.314,179.9855,20.2092,1.6895,1.441441441,1441.441441
485.405,-1.215,234.311,179.9857,20.2089,1.6897,1.501501502,1501.501502
485.41,-1.215,234.308,179.9859,20.2087,1.6899,1.561561562,1561.561562
485.415,-1.215,234.304,179.9861,20.2084,1.6901,1.621621622,1621.621622
485.421,-1.215,234.3,179.9864,20.2081,1.6904,1.681681682,1681.681682
485.427,-1.216,234.296,179.9866,20.2077,1.6907,1.741741742,1741.741742
485.434,-1.216,234.292,179.9869,20.2074,1.691,1.801801802,1801.801802
485.441,-1.216,234.287,179.9872,20.207,1.6913,1.861861862,1861.861862
485.449,-1.216,234.282,179.9875,20.2066,1.6916,1.921921922,1921.921922
485.457,-1.217,234.277,179.9879,20.2062,1.692,1.981981982,1981.981982
485.465,-1.217,234.271,179.9882,20.2057,1.6923,2.042042042,2042.042042
485.475,-1.217,234.265,179.9886,20.2052,1.6927,2.102102102,2102.102102
485.484,-1.218,234.259,179.989,20.2047,1.6932,2.162162162,2162.162162
485.494,-1.218,234.252,179.9894,20.2042,1.6936,2.222222222,2222.222222
485.505,-1.219,234.245,179.9899,20.2036,1.6941,2.282282282,2282.282282
485.516,-1.219,234.238,179.9904,20.203,1.6946,2.342342342,2342.342342
485.528,-1.219,234.23,179.9909,20.2024,1.6951,2.402402402,2402.402402
485.541,-1.22,234.222,179.9914,20.2017,1.6956,2.462462462,2462.462462
485.554,-1.22,234.213,179.9919,20.201,1.6962,2.522522523,2522.522523
485.567,-1.221,234.204,179.9925,20.2003,1.6968,2.582582583,2582.582583
485.581,-1.222,234.195,179.9931,20.1995,1.6974,2.642642643,2642.642643
485.596,-1.222,234.185,179.9937,20.1987,1.6981,2.702702703,2702.702703
485.612,-1.223,234.175,179.9944,20.1979,1.6987,2.762762763,2762.762763
485.628,-1.223,234.164,179.995,20.1971,1.6995,2.822822823,2822.822823
485.645,-1.224,234.153,179.9957,20.1962,1.7002,2.882882883,2882.882883
485.662,-1.225,234.142,179.9965,20.1952,1.701,2.942942943,2942.942943
485.681,-1.226,234.129,179.9972,20.1942,1.7018,3.003003003,3003.003003
485.7,-1.226,234.117,179.998,20.1932,1.7026,3.063063063,3063.063063
485.719,-1.227,234.104,179.9989,20.1922,1.7035,3.123123123,3123.123123
485.74,-1.228,234.091,179.9997,20.1911,1.7043,3.183183183,3183.183183
485.761,-1.229,234.077,-179.9994,20.19,1.7053,3.243243243,3243.243243
485.783,-1.23,234.062,-179.9985,20.1888,1.7062,3.303303303,3303.303303
485.806,-1.23,234.047,-179.9975,20.1876,1.7072,3.363363363,3363.363363
485.829,-1.231,234.032,-179.9966,20.1863,1.7083,3.423423423,3423.423423
485.854,-1.232,234.016,-179.9955,20.185,1.7093,3.483483483,3483.483483
485.879,-1.233,233.999,-179.9945,20.1837,1.7104,3.543543544,3543.543544
485.905,-1.234,233.982,-179.9934,20.1823,1.7116,3.603603604,3603.603604
485.932,-1.235,233.964,-179.9923,20.1809,1.7127,3.663663664,3663.663664
485.959,-1.237,233.946,-179.9911,20.1794,1.7139,3.723723724,3723.723724
485.988,-1.238,233.927,-179.9899,20.1779,1.7152,3.783783784,3783.783784
486.017,-1.239,233.908,-179.9887,20.1763,1.7165,3.843843844,3843.843844
486.047,-1.24,233.888,-179.9874,20.1747,1.7178,3.903903904,3903.903904
486.079,-1.241,233.868,-179.9861,20.1731,1.7192,3.963963964,3963.963964
486.111,-1.243,233.846,-179.9848,20.1714,1.7206,4.024024024,4024.024024
486.144,-1.244,233.825,-179.9834,20.1696,1.722,4.084084084,4084.084084
486.177,-1.245,233.802,-179.982,20.1678,1.7235,4.144144144,4144.144144
486.212,-1.247,233.779,-179.9806,20.1659,1.725,4.204204204,4204.204204
486.248,-1.248,233.756,-179.9791,20.164,1.7266,4.264264264,4264.264264
486.285,-1.249,233.732,-179.9775,20.1621,1.7282,4.324324324,4324.324324
486.323,-1.251,233.707,-179.976,20.1601,1.7298,4.384384384,4384.384384
486.361,-1.252,233.681,-179.9743,20.158,1.7315,4.444444444,4444.444444
486.401,-1.254,233.655,-179.9727,20.1559,1.7333,4.504504505,4504.504505
486.442,-1.256,233.628,-179.971,20.1537,1.735,4.564564565,4564.564565
486.483,-1.257,233.601,-179.9692,20.1515,1.7369,4.624624625,4624.624625
486.526,-1.259,233.573,-179.9675,20.1492,1.7387,4.684684685,4684.684685
486.57,-1.261,233.544,-179.9656,20.1469,1.7406,4.744744745,4744.744745
486.615,-1.262,233.514,-179.9638,20.1445,1.7426,4.804804805,4804.804805
486.661,-1.264,233.484,-179.9618,20.1421,1.7446,4.864864865,4864.864865
486.708,-1.266,233.453,-179.9599,20.1396,1.7467,4.924924925,4924.924925
486.756,-1.268,233.422,-179.9579,20.137,1.7487,4.984984985,4984.984985
486.805,-1.27,233.389,-179.9558,20.1344,1.7509,5.045045045,5045.045045
486.855,-1.272,233.356,-179.9537,20.1317,1.7531,5.105105105,5105.105105
486.906,-1.274,233.323,-179.9516,20.129,1.7553,5.165165165,5165.165165
486.959,-1.276,233.288,-179.9494,20.1262,1.7576,5.225225225,5225.225225
487.012,-1.278,233.253,-179.9472,20.1233,1.76,5.285285285,5285.285285
487.067,-1.28,233.217,-179.9449,20.1204,1.7623,5.345345345,5345.345345
487.123,-1.283,233.18,-179.9426,20.1175,1.7648,5.405405405,5405.405405
487.18,-1.285,233.142,-179.9402,20.1144,1.7673,5.465465465,5465.465465
487.238,-1.287,233.104,-179.9378,20.1113,1.7698,5.525525526,5525.525526
487.297,-1.289,233.065,-179.9353,20.1082,1.7724,5.585585586,5585.585586
487.358,-1.292,233.025,-179.9328,20.1049,1.775,5.645645646,5645.645646
487.42,-1.294,232.985,-179.9302,20.1016,1.7777,5.705705706,5705.705706
487.483,-1.297,232.943,-179.9276,20.0983,1.7805,5.765765766,5765.765766
487.547,-1.299,232.901,-179.9249,20.0949,1.7833,5.825825826,5825.825826
487.612,-1.302,232.858,-179.9222,20.0914,1.7861,5.885885886,5885.885886
487.679,-1.305,232.814,-179.9194,20.0878,1.789,5.945945946,5945.945946
487.747,-1.307,232.769,-179.9166,20.0842,1.792,6.006006006,6006.006006
487.816,-1.31,232.724,-179.9137,20.0806,1.795,6.066066066,6066.066066
487.886,-1.313,232.678,-179.9108,20.0768,1.7981,6.126126126,6126.126126
487.958,-1.316,232.63,-179.9078,20.073,1.8012,6.186186186,6186.186186
488.031,-1.318,232.582,-179.9047,20.0691,1.8044,6.246246246,6246.246246
488.105,-1.321,232.534,-179.9017,20.0652,1.8076,6.306306306,6306.306306
488.18,-1.324,232.484,-179.8985,20.0611,1.8109,6.366366366,6366.366366
488.257,-1.327,232.433,-179.8953,20.057,1.8143,6.426426426,6426.426426
488.335,-1.33,232.382,-179.8921,20.0529,1.8177,6.486486486,6486.486486
488.414,-1.334,232.33,-179.8888,20.0487,1.8211,6.546546547,6546.546547
488.495,-1.337,232.277,-179.8854,20.0444,1.8246,6.606606607,6606.606607
488.577,-1.34,232.223,-179.882,20.04,1.8282,6.666666667,6666.666667
488.66,-1.343,232.168,-179.8785,20.0355,1.8318,6.726726727,6726.726727
488.745,-1.347,232.112,-179.875,20.031,1.8355,6.786786787,6786.786787
488.831,-1.35,232.055,-179.8714,20.0264,1.8393,6.846846847,6846.846847
488.919,-1.354,231.998,-179.8678,20.0218,1.8431,6.906906907,6906.906907
489.007,-1.357,231.939,-179.8641,20.017,1.847,6.966966967,6966.966967
489.098,-1.361,231.88,-179.8603,20.0122,1.8509,7.027027027,7027.027027
489.189,-1.364,231.819,-179.8565,20.0073,1.8549,7.087087087,7087.087087
489.282,-1.368,231.758,-179.8527,20.0024,1.8589,7.147147147,7147.147147
489.377,-1.372,231.696,-179.8487,19.9973,1.863,7.207207207,7207.207207
489.472,-1.375,231.633,-179.8447,19.9922,1.8672,7.267267267,7267.267267
489.57,-1.379,231.569,-179.8407,19.987,1.8714,7.327327327,7327.327327
489.668,-1.383,231.504,-179.8366,19.9818,1.8757,7.387387387,7387.387387
489.768,-1.387,231.438,-179.8324,19.9765,1.8801,7.447447447,7447.447447
489.87,-1.391,231.371,-179.8282,19.971,1.8845,7.507507508,7507.507508
489.973,-1.395,231.304,-179.824,19.9655,1.889,7.567567568,7567.567568
490.077,-1.399,231.235,-179.8196,19.96,1.8935,7.627627628,7627.627628
490.183,-1.404,231.165,-179.8152,19.9543,1.8981,7.687687688,7687.687688
490.29,-1.408,231.094,-179.8108,19.9486,1.9028,7.747747748,7747.747748
490.399,-1.412,231.023,-179.8062,19.9428,1.9075,7.807807808,7807.807808
490.51,-1.416,230.95,-179.8017,19.9369,1.9123,7.867867868,7867.867868
490.621,-1.421,230.877,-179.797,19.9309,1.9172,7.927927928,7927.927928
490.735,-1.425,230.802,-179.7923,19.9249,1.9221,7.987987988,7987.987988
490.849,-1.43,230.726,-179.7876,19.9188,1.9271,8.048048048,8048.048048
490.966,-1.435,230.65,-179.7827,19.9126,1.9322,8.108108108,8108.108108
491.084,-1.439,230.572,-179.7779,19.9063,1.9373,8.168168168,8168.168168
491.203,-1.444,230.494,-179.7729,19.8999,1.9425,8.228228228,8228.228228
491.324,-1.449,230.414,-179.7679,19.8934,1.9477,8.288288288,8288.288288
491.446,-1.454,230.334,-179.7628,19.8869,1.953,8.348348348,8348.348348
491.57,-1.458,230.252,-179.7577,19.8803,1.9584,8.408408408,8408.408408
491.695,-1.463,230.169,-179.7525,19.8736,1.9638,8.468468468,8468.468468
491.822,-1.468,230.086,-179.7472,19.8668,1.9694,8.528528529,8528.528529
491.951,-1.473,230.001,-179.7419,19.86,1.9749,8.588588589,8588.588589
492.081,-1.479,229.916,-179.7365,19.853,1.9806,8.648648649,8648.648649
492.213,-1.484,229.829,-179.7311,19.846,1.9863,8.708708709,8708.708709
492.346,-1.489,229.741,-179.7255,19.8388,1.9921,8.768768769,8768.768769
492.481,-1.494,229.652,-179.72,19.8316,1.9979,8.828828829,8828.828829
492.617,-1.5,229.562,-179.7143,19.8244,2.0038,8.888888889,8888.888889
492.755,-1.505,229.472,-179.7086,19.817,2.0098,8.948948949,8948.948949
492.895,-1.511,229.38,-179.7028,19.8095,2.0159,9.009009009,9009.009009
493.036,-1.516,229.287,-179.697,19.802,2.022,9.069069069,9069.069069
493.179,-1.522,229.193,-179.6911,19.7943,2.0282,9.129129129,9129.129129
493.324,-1.528,229.098,-179.6851,19.7866,2.0344,9.189189189,9189.189189
493.47,-1.534,229.001,-179.6791,19.7788,2.0408,9.249249249,9249.249249
493.617,-1.539,228.904,-179.673,19.7709,2.0472,9.309309309,9309.309309
493.767,-1.545,228.806,-179.6668,19.7629,2.0536,9.369369369,9369.369369
493.917,-1.551,228.707,-179.6606,19.7549,2.0602,9.429429429,9429.429429
494.07,-1.557,228.606,-179.6542,19.7467,2.0668,9.489489489,9489.489489
494.224,-1.563,228.505,-179.6479,19.7385,2.0734,9.54954955,9549.54955
494.38,-1.57,228.402,-179.6414,19.7301,2.0802,9.60960961,9609.60961
494.538,-1.576,228.298,-179.6349,19.7217,2.087,9.66966967,9669.66967
494.697,-1.582,228.193,-179.6284,19.7132,2.0939,9.72972973,9729.72973
494.858,-1.588,228.088,-179.6217,19.7046,2.1008,9.78978979,9789.78979
495.02,-1.595,227.981,-179.615,19.6959,2.1078,9.84984985,9849.84985
495.184,-1.601,227.873,-179.6083,19.6871,2.1149,9.90990991,9909.90991
495.35,-1.608,227.763,-179.6014,19.6783,2.1221,9.96996997,9969.96997
495.517,-1.615,227.653,-179.5945,19.6693,2.1293,10.03003003,10030.03003
495.687,-1.621,227.542,-179.5876,19.6602,2.1366,10.09009009,10090.09009
495.857,-1.628,227.429,-179.5805,19.6511,2.144,10.15015015,10150.15015
496.03,-1.635,227.316,-179.5734,19.6419,2.1515,10.21021021,10210.21021
496.204,-1.642,227.201,-179.5662,19.6325,2.159,10.27027027,10270.27027
496.38,-1.649,227.085,-179.559,19.6231,2.1666,10.33033033,10330.33033
496.558,-1.656,226.968,-179.5517,19.6136,2.1742,10.39039039,10390.39039
496.737,-1.663,226.85,-179.5443,19.604,2.182,10.45045045,10450.45045
496.918,-1.67,226.731,-179.5368,19.5943,2.1898,10.51051051,10510.51051
497.101,-1.677,226.611,-179.5293,19.5845,2.1977,10.57057057,10570.57057
497.285,-1.684,226.489,-179.5217,19.5747,2.2056,10.63063063,10630.63063
497.471,-1.692,226.367,-179.5141,19.5647,2.2136,10.69069069,10690.69069
497.659,-1.699,226.243,-179.5064,19.5546,2.2217,10.75075075,10750.75075
497.849,-1.707,226.118,-179.4986,19.5445,2.2299,10.81081081,10810.81081
498.04,-1.714,225.992,-179.4907,19.5342,2.2381,10.87087087,10870.87087
498.233,-1.722,225.865,-179.4828,19.5239,2.2464,10.93093093,10930.93093
498.428,-1.73,225.737,-179.4748,19.5134,2.2548,10.99099099,10990.99099
498.624,-1.737,225.608,-179.4667,19.5029,2.2633,11.05105105,11051.05105
498.823,-1.745,225.477,-179.4586,19.4923,2.2718,11.11111111,11111.11111
499.022,-1.753,225.345,-179.4504,19.4816,2.2804,11.17117117,11171.17117
499.224,-1.761,225.213,-179.4421,19.4707,2.2891,11.23123123,11231.23123
499.428,-1.769,225.079,-179.4338,19.4598,2.2978,11.29129129,11291.29129
499.633,-1.777,224.944,-179.4254,19.4488,2.3066,11.35135135,11351.35135
499.84,-1.785,224.807,-179.4169,19.4377,2.3155,11.41141141,11411.41141
500.049,-1.794,224.67,-179.4083,19.4265,2.3245,11.47147147,11471.47147
500.259,-1.802,224.531,-179.3997,19.4152,2.3335,11.53153153,11531.53153
500.471,-1.81,224.392,-179.391,19.4039,2.3426,11.59159159,11591.59159
500.685,-1.819,224.251,-179.3823,19.3924,2.3518,11.65165165,11651.65165
500.901,-1.827,224.109,-179.3734,19.3808,2.3611,11.71171171,11711.71171
501.118,-1.836,223.966,-179.3645,19.3691,2.3704,11.77177177,11771.77177
501.338,-1.845,223.821,-179.3556,19.3574,2.3798,11.83183183,11831.83183
501.559,-1.853,223.676,-179.3465,19.3455,2.3893,11.89189189,11891.89189
501.781,-1.862,223.529,-179.3374,19.3335,2.3988,11.95195195,11951.95195
502.006,-1.871,223.381,-179.3282,19.3215,2.4084,12.01201201,12012.01201
502.232,-1.88,223.232,-179.319,19.3093,2.4181,12.07207207,12072.07207
502.46,-1.889,223.082,-179.3097,19.2971,2.4279,12.13213213,12132.13213
502.69,-1.898,222.931,-179.3003,19.2847,2.4378,12.19219219,12192.19219
502.922,-1.907,222.778,-179.2908,19.2723,2.4477,12.25225225,12252.25225
503.155,-1.917,222.624,-179.2813,19.2597,2.4576,12.31231231,12312.31231
503.391,-1.926,222.47,-179.2717,19.2471,2.4677,12.37237237,12372.37237
503.628,-1.935,222.314,-179.2621,19.2344,2.4778,12.43243243,12432.43243
503.866,-1.945,222.156,-179.2523,19.2215,2.488,12.49249249,12492.49249
504.107,-1.954,221.998,-179.2425,19.2086,2.4983,12.55255255,12552.55255
504.349,-1.964,221.838,-179.2327,19.1956,2.5087,12.61261261,12612.61261
504.593,-1.973,221.678,-179.2227,19.1824,2.5191,12.67267267,12672.67267
504.839,-1.983,221.516,-179.2127,19.1692,2.5296,12.73273273,12732.73273
505.087,-1.993,221.353,-179.2026,19.1559,2.5402,12.79279279,12792.79279
505.336,-2.003,221.189,-179.1925,19.1425,2.5508,12.85285285,12852.85285
505.588,-2.013,221.023,-179.1823,19.129,2.5615,12.91291291,12912.91291
505.841,-2.023,220.857,-179.172,19.1153,2.5723,12.97297297,12972.97297
506.095,-2.033,220.689,-179.1616,19.1016,2.5832,13.03303303,13033.03303
506.352,-2.043,220.52,-179.1512,19.0878,2.5941,13.09309309,13093.09309
506.61,-2.053,220.35,-179.1407,19.0739,2.6051,13.15315315,13153.15315
506.871,-2.063,220.178,-179.1302,19.0599,2.6162,13.21321321,13213.21321
507.133,-2.074,220.006,-179.1195,19.0458,2.6273,13.27327327,13273.27327
507.396,-2.084,219.832,-179.1088,19.0316,2.6386,13.33333333,13333.33333
507.662,-2.095,219.657,-179.0981,19.0173,2.6499,13.39339339,13393.39339
507.929,-2.105,219.481,-179.0872,19.0029,2.6612,13.45345345,13453.45345
508.198,-2.116,219.304,-179.0763,18.9884,2.6727,13.51351351,13513.51351
508.469,-2.127,219.126,-179.0653,18.9738,2.6842,13.57357357,13573.57357
508.742,-2.137,218.946,-179.0543,18.9591,2.6958,13.63363363,13633.63363
509.016,-2.148,218.766,-179.0432,18.9443,2.7074,13.69369369,13693.69369
509.293,-2.159,218.584,-179.032,18.9294,2.7191,13.75375375,13753.75375
509.571,-2.17,218.401,-179.0208,18.9144,2.7309,13.81381381,13813.81381
509.851,-2.181,218.216,-179.0095,18.8993,2.7428,13.87387387,13873.87387
510.132,-2.192,218.031,-178.9981,18.8842,2.7548,13.93393393,13933.93393
510.416,-2.204,217.844,-178.9866,18.8689,2.7668,13.99399399,13993.99399
510.701,-2.215,217.657,-178.9751,18.8535,2.7789,14.05405405,14054.05405
510.988,-2.226,217.468,-178.9635,18.838,2.791,14.11411411,14114.11411
511.277,-2.238,217.278,-178.9519,18.8224,2.8032,14.17417417,14174.17417
511.567,-2.249,217.086,-178.9402,18.8067,2.8155,14.23423423,14234.23423
511.859,-2.261,216.894,-178.9284,18.791,2.8279,14.29429429,14294.29429
512.154,-2.272,216.7,-178.9165,18.7751,2.8403,14.35435435,14354.35435
512.449,-2.284,216.505,-178.9046,18.7591,2.8529,14.41441441,14414.41441
512.747,-2.296,216.309,-178.8926,18.743,2.8654,14.47447447,14474.47447
513.046,-2.308,216.112,-178.8806,18.7269,2.8781,14.53453453,14534.53453
513.348,-2.32,215.914,-178.8684,18.7106,2.8908,14.59459459,14594.59459
513.651,-2.332,215.715,-178.8563,18.6942,2.9036,14.65465465,14654.65465
513.955,-2.344,215.514,-178.844,18.6778,2.9165,14.71471471,14714.71471
514.262,-2.356,215.312,-178.8317,18.6612,2.9294,14.77477477,14774.77477
514.57,-2.368,215.109,-178.8193,18.6445,2.9424,14.83483483,14834.83483
514.88,-2.38,214.905,-178.8069,18.6278,2.9555,14.89489489,14894.89489
515.192,-2.393,214.7,-178.7943,18.6109,2.9686,14.95495495,14954.95495
515.506,-2.405,214.493,-178.7818,18.5939,2.9818,15.01501502,15015.01502
515.821,-2.417,214.286,-178.7691,18.5769,2.9951,15.07507508,15075.07508
516.138,-2.43,214.077,-178.7564,18.5597,3.0084,15.13513514,15135.13514
516.457,-2.443,213.867,-178.7436,18.5425,3.0218,15.1951952,15195.1952
516.778,-2.455,213.656,-178.7308,18.5251,3.0353,15.25525526,15255.25526
517.1,-2.468,213.444,-178.7179,18.5077,3.0489,15.31531532,15315.31532
517.424,-2.481,213.23,-178.7049,18.4901,3.0625,15.37537538,15375.37538
517.75,-2.494,213.016,-178.6919,18.4725,3.0762,15.43543544,15435.43544
518.077,-2.507,212.8,-178.6788,18.4548,3.0899,15.4954955,15495.4955
518.407,-2.52,212.583,-178.6656,18.4369,3.1037,15.55555556,15555.55556
518.738,-2.533,212.365,-178.6524,18.419,3.1176,15.61561562,15615.61562
519.071,-2.546,212.146,-178.6391,18.401,3.1316,15.67567568,15675.67568
519.405,-2.559,211.926,-178.6258,18.3828,3.1456,15.73573574,15735.73574
519.741,-2.572,211.704,-178.6124,18.3646,3.1597,15.7957958,15795.7958
520.079,-2.586,211.482,-178.5989,18.3463,3.1738,15.85585586,15855.85586
520.419,-2.599,211.258,-178.5853,18.3279,3.1881,15.91591592,15915.91592
520.761,-2.613,211.033,-178.5717,18.3094,3.2024,15.97597598,15975.97598
521.104,-2.626,210.808,-178.5581,18.2907,3.2167,16.03603604,16036.03604
521.449,-2.64,210.58,-178.5443,18.272,3.2311,16.0960961,16096.0961
521.795,-2.654,210.352,-178.5306,18.2532,3.2456,16.15615616,16156.15616
522.144,-2.667,210.123,-178.5167,18.2343,3.2601,16.21621622,16216.21622
522.494,-2.681,209.893,-178.5028,18.2153,3.2748,16.27627628,16276.27628
522.845,-2.695,209.661,-178.4888,18.1962,3.2894,16.33633634,16336.33634
523.199,-2.709,209.428,-178.4748,18.1771,3.3042,16.3963964,16396.3964
523.554,-2.723,209.195,-178.4607,18.1578,3.319,16.45645646,16456.45646
523.91,-2.737,208.96,-178.4466,18.1384,3.3339,16.51651652,16516.51652
524.269,-2.751,208.724,-178.4324,18.1189,3.3488,16.57657658,16576.57658
524.629,-2.766,208.486,-178.4181,18.0994,3.3638,16.63663664,16636.63664
524.991,-2.78,208.248,-178.4038,18.0797,3.3788,16.6966967,16696.6967
525.354,-2.794,208.009,-178.3894,18.0599,3.394,16.75675676,16756.75676
525.72,-2.809,207.769,-178.3749,18.0401,3.4091,16.81681682,16816.81682
526.086,-2.823,207.527,-178.3604,18.0201,3.4244,16.87687688,16876.87688
526.455,-2.838,207.284,-178.3458,18.0001,3.4397,16.93693694,16936.93694
526.825,-2.853,207.041,-178.3312,17.98,3.4551,16.996997,16996.997
527.197,-2.867,206.796,-178.3165,17.9598,3.4705,17.05705706,17057.05706
527.57,-2.882,206.55,-178.3018,17.9394,3.486,17.11711712,17117.11712
527.945,-2.897,206.303,-178.287,17.919,3.5015,17.17717718,17177.17718
528.322,-2.912,206.055,-178.2721,17.8985,3.5172,17.23723724,17237.23724
528.701,-2.927,205.806,-178.2572,17.8779,3.5328,17.2972973,17297.2973
529.081,-2.942,205.556,-178.2423,17.8572,3.5486,17.35735736,17357.35736
529.462,-2.957,205.304,-178.2272,17.8364,3.5644,17.41741742,17417.41742
529.846,-2.972,205.052,-178.2122,17.8156,3.5802,17.47747748,17477.47748
530.23,-2.987,204.799,-178.197,17.7946,3.5961,17.53753754,17537.53754
530.617,-3.003,204.544,-178.1818,17.7735,3.6121,17.5975976,17597.5976
531.005,-3.018,204.289,-178.1666,17.7524,3.6281,17.65765766,17657.65766
531.395,-3.033,204.032,-178.1513,17.7311,3.6442,17.71771772,17717.71772
531.786,-3.049,203.775,-178.1359,17.7098,3.6604,17.77777778,17777.77778
532.179,-3.064,203.516,-178.1205,17.6884,3.6766,17.83783784,17837.83784
532.573,-3.08,203.256,-178.1051,17.6669,3.6928,17.8978979,17897.8979
532.969,-3.096,202.995,-178.0896,17.6453,3.7091,17.95795796,17957.95796
533.367,-3.111,202.734,-178.074,17.6236,3.7255,18.01801802,18018.01802
533.766,-3.127,202.471,-178.0584,17.6018,3.7419,18.07807808,18078.07808
534.167,-3.143,202.207,-178.0427,17.5799,3.7584,18.13813814,18138.13814
534.569,-3.159,201.942,-178.027,17.5579,3.775,18.1981982,18198.1982
534.973,-3.175,201.676,-178.0112,17.5359,3.7916,18.25825826,18258.25826
535.378,-3.191,201.409,-177.9953,17.5137,3.8082,18.31831832,18318.31832
535.785,-3.207,201.141,-177.9795,17.4915,3.8249,18.37837838,18378.37838
536.194,-3.223,200.873,-177.9635,17.4692,3.8417,18.43843844,18438.43844
536.604,-3.239,200.603,-177.9475,17.4468,3.8585,18.4984985,18498.4985
537.015,-3.256,200.332,-177.9315,17.4243,3.8754,18.55855856,18558.55856
537.428,-3.272,200.06,-177.9154,17.4017,3.8923,18.61861862,18618.61862
537.843,-3.288,199.787,-177.8993,17.379,3.9093,18.67867868,18678.67868
538.259,-3.305,199.513,-177.8831,17.3563,3.9263,18.73873874,18738.73874
538.676,-3.321,199.238,-177.8669,17.3334,3.9434,18.7987988,18798.7988
539.095,-3.338,198.962,-177.8506,17.3105,3.9605,18.85885886,18858.85886
539.516,-3.354,198.685,-177.8343,17.2875,3.9777,18.91891892,18918.91892
539.938,-3.371,198.408,-177.8179,17.2644,3.9949,18.97897898,18978.97898
540.361,-3.388,198.129,-177.8015,17.2412,4.0122,19.03903904,19039.03904
540.786,-3.405,197.849,-177.785,17.2179,4.0296,19.0990991,19099.0991
541.212,-3.422,197.568,-177.7685,17.1946,4.0469,19.15915916,19159.15916
541.64,-3.438,197.287,-177.7519,17.1712,4.0644,19.21921922,19219.21922
542.069,-3.455,197.004,-177.7353,17.1476,4.0819,19.27927928,19279.27928
542.5,-3.472,196.721,-177.7186,17.124,4.0994,19.33933934,19339.33934
542.932,-3.49,196.436,-177.7019,17.1003,4.117,19.3993994,19399.3994
543.366,-3.507,196.151,-177.6852,17.0766,4.1346,19.45945946,19459.45946
543.801,-3.524,195.864,-177.6684,17.0527,4.1523,19.51951952,19519.51952
544.237,-3.541,195.577,-177.6516,17.0288,4.17,19.57957958,19579.57958
544.675,-3.558,195.289,-177.6347,17.0048,4.1878,19.63963964,19639.63964
545.114,-3.576,195,-177.6177,16.9807,4.2056,19.6996997,19699.6997
545.554,-3.593,194.71,-177.6008,16.9565,4.2235,19.75975976,19759.75976
545.996,-3.611,194.419,-177.5838,16.9322,4.2414,19.81981982,19819.81982
546.439,-3.628,194.127,-177.5667,16.9079,4.2594,19.87987988,19879.87988
546.884,-3.646,193.834,-177.5496,16.8835,4.2774,19.93993994,19939.93994
547.33,-3.663,193.541,-177.5325,16.859,4.2954,20,20000
547.777,-3.681,193.246,-177.5153,16.8344,4.3135,20.06006006,20060.06006
548.226,-3.699,192.951,-177.4981,16.8098,4.3316,20.12012012,20120.12012
548.676,-3.717,192.655,-177.4808,16.785,4.3498,20.18018018,20180.18018
549.127,-3.734,192.358,-177.4635,16.7602,4.368,20.24024024,20240.24024
549.579,-3.752,192.06,-177.4462,16.7353,4.3863,20.3003003,20300.3003
550.033,-3.77,191.761,-177.4288,16.7104,4.4046,20.36036036,20360.36036
550.488,-3.788,191.461,-177.4114,16.6853,4.423,20.42042042,20420.42042
550.945,-3.806,191.161,-177.3939,16.6602,4.4414,20.48048048,20480.48048
551.403,-3.824,190.859,-177.3765,16.635,4.4598,20.54054054,20540.54054
551.861,-3.843,190.557,-177.3589,16.6098,4.4783,20.6006006,20600.6006
552.322,-3.861,190.254,-177.3414,16.5844,4.4968,20.66066066,20660.66066
552.783,-3.879,189.95,-177.3237,16.559,4.5153,20.72072072,20720.72072
553.246,-3.897,189.646,-177.3061,16.5335,4.5339,20.78078078,20780.78078
553.71,-3.916,189.34,-177.2884,16.5079,4.5525,20.84084084,20840.84084
554.175,-3.934,189.034,-177.2707,16.4823,4.5712,20.9009009,20900.9009
554.641,-3.953,188.727,-177.253,16.4566,4.5899,20.96096096,20960.96096
555.109,-3.971,188.419,-177.2352,16.4308,4.6087,21.02102102,21021.02102
555.578,-3.99,188.11,-177.2174,16.405,4.6274,21.08108108,21081.08108
556.048,-4.008,187.801,-177.1995,16.379,4.6462,21.14114114,21141.14114
556.519,-4.027,187.491,-177.1816,16.3531,4.6651,21.2012012,21201.2012
556.991,-4.045,187.18,-177.1637,16.327,4.684,21.26126126,21261.26126
557.465,-4.064,186.868,-177.1458,16.3009,4.7029,21.32132132,21321.32132
557.939,-4.083,186.556,-177.1278,16.2747,4.7219,21.38138138,21381.38138
558.415,-4.102,186.242,-177.1098,16.2484,4.7409,21.44144144,21441.44144
558.892,-4.121,185.929,-177.0917,16.2221,4.7599,21.5015015,21501.5015
559.37,-4.14,185.614,-177.0737,16.1956,4.7789,21.56156156,21561.56156
559.849,-4.158,185.298,-177.0556,16.1692,4.798,21.62162162,21621.62162
560.329,-4.177,184.982,-177.0374,16.1426,4.8172,21.68168168,21681.68168
560.81,-4.197,184.665,-177.0193,16.116,4.8363,21.74174174,21741.74174
561.293,-4.216,184.348,-177.0011,16.0894,4.8555,21.8018018,21801.8018
561.776,-4.235,184.03,-176.9829,16.0626,4.8747,21.86186186,21861.86186
562.261,-4.254,183.711,-176.9646,16.0358,4.894,21.92192192,21921.92192
562.746,-4.273,183.391,-176.9463,16.009,4.9133,21.98198198,21981.98198
563.233,-4.292,183.071,-176.928,15.982,4.9326,22.04204204,22042.04204
563.72,-4.312,182.75,-176.9097,15.9551,4.9519,22.1021021,22102.1021
564.209,-4.331,182.428,-176.8913,15.928,4.9713,22.16216216,22162.16216
564.698,-4.35,182.106,-176.873,15.9009,4.9907,22.22222222,22222.22222
565.189,-4.37,181.783,-176.8545,15.8737,5.0101,22.28228228,22282.28228
565.681,-4.389,181.459,-176.8361,15.8465,5.0295,22.34234234,22342.34234
566.173,-4.409,181.135,-176.8177,15.8192,5.049,22.4024024,22402.4024
566.667,-4.428,180.81,-176.7992,15.7918,5.0685,22.46246246,22462.46246
567.161,-4.448,180.484,-176.7807,15.7644,5.088,22.52252252,22522.52252
567.656,-4.467,180.158,-176.7621,15.737,5.1076,22.58258258,22582.58258
568.153,-4.487,179.831,-176.7436,15.7094,5.1272,22.64264264,22642.64264
568.65,-4.507,179.504,-176.725,15.6818,5.1468,22.7027027,22702.7027
569.148,-4.526,179.176,-176.7064,15.6542,5.1664,22.76276276,22762.76276
569.647,-4.546,178.847,-176.6878,15.6265,5.1861,22.82282282,22822.82282
570.147,-4.566,178.518,-176.6692,15.5988,5.2057,22.88288288,22882.88288
570.648,-4.586,178.188,-176.6505,15.571,5.2254,22.94294294,22942.94294
571.15,-4.605,177.858,-176.6319,15.5431,5.2451,23.003003,23003.003
571.652,-4.625,177.527,-176.6132,15.5152,5.2649,23.06306306,23063.06306
572.155,-4.645,177.196,-176.5945,15.4872,5.2846,23.12312312,23123.12312
572.66,-4.665,176.864,-176.5757,15.4592,5.3044,23.18318318,23183.18318
573.164,-4.685,176.532,-176.557,15.4311,5.3242,23.24324324,23243.24324
573.67,-4.705,176.199,-176.5382,15.403,5.344,23.3033033,23303.3033
574.177,-4.725,175.865,-176.5194,15.3748,5.3639,23.36336336,23363.36336
574.684,-4.745,175.531,-176.5006,15.3466,5.3837,23.42342342,23423.42342
575.192,-4.765,175.197,-176.4818,15.3183,5.4036,23.48348348,23483.48348
575.701,-4.785,174.861,-176.463,15.29,5.4235,23.54354354,23543.54354
576.211,-4.806,174.526,-176.4442,15.2617,5.4434,23.6036036,23603.6036
576.721,-4.826,174.19,-176.4253,15.2333,5.4633,23.66366366,23663.66366
577.232,-4.846,173.854,-176.4064,15.2048,5.4832,23.72372372,23723.72372
577.744,-4.866,173.517,-176.3876,15.1763,5.5032,23.78378378,23783.78378
578.256,-4.886,173.179,-176.3687,15.1478,5.5232,23.84384384,23843.84384
578.769,-4.907,172.841,-176.3498,15.1192,5.5431,23.9039039,23903.9039
579.283,-4.927,172.503,-176.3308,15.0905,5.5631,23.96396396,23963.96396
579.798,-4.947,172.164,-176.3119,15.0618,5.5831,24.02402402,24024.02402
580.313,-4.968,171.825,-176.293,15.0331,5.6032,24.08408408,24084.08408
580.828,-4.988,171.486,-176.274,15.0044,5.6232,24.14414414,24144.14414
581.345,-5.009,171.146,-176.2551,14.9756,5.6432,24.2042042,24204.2042
581.861,-5.029,170.806,-176.2361,14.9467,5.6633,24.26426426,24264.26426
582.379,-5.049,170.465,-176.2171,14.9178,5.6834,24.32432432,24324.32432
582.897,-5.07,170.124,-176.1981,14.8889,5.7034,24.38438438,24384.38438
583.416,-5.09,169.782,-176.1791,14.86,5.7235,24.44444444,24444.44444
583.935,-5.111,169.441,-176.1601,14.831,5.7436,24.5045045,24504.5045
584.454,-5.132,169.098,-176.1411,14.802,5.7637,24.56456456,24564.56456
584.975,-5.152,168.756,-176.1221,14.7729,5.7838,24.62462462,24624.62462
585.495,-5.173,168.413,-176.1031,14.7438,5.8039,24.68468468,24684.68468
586.017,-5.193,168.07,-176.0841,14.7147,5.824,24.74474474,24744.74474
586.538,-5.214,167.726,-176.065,14.6855,5.8442,24.8048048,24804.8048
587.06,-5.235,167.383,-176.046,14.6563,5.8643,24.86486486,24864.86486
587.583,-5.255,167.039,-176.027,14.6271,5.8844,24.92492492,24924.92492
588.106,-5.276,166.694,-176.0079,14.5978,5.9046,24.98498498,24984.98498
588.63,-5.297,166.35,-175.9889,14.5685,5.9247,25.04504505,25045.04505
589.153,-5.317,166.005,-175.9699,14.5392,5.9448,25.10510511,25105.10511
589.678,-5.338,165.66,-175.9508,14.5098,5.965,25.16516517,25165.16517
590.202,-5.359,165.314,-175.9318,14.4805,5.9851,25.22522523,25225.22523
590.727,-5.38,164.968,-175.9127,14.4511,6.0053,25.28528529,25285.28529
591.253,-5.4,164.623,-175.8937,14.4216,6.0254,25.34534535,25345.34535
591.778,-5.421,164.276,-175.8747,14.3922,6.0456,25.40540541,25405.40541
592.304,-5.442,163.93,-175.8556,14.3627,6.0657,25.46546547,25465.46547
592.831,-5.463,163.584,-175.8366,14.3332,6.0859,25.52552553,25525.52553
593.357,-5.484,163.237,-175.8175,14.3037,6.106,25.58558559,25585.58559
593.884,-5.504,162.89,-175.7985,14.2741,6.1262,25.64564565,25645.64565
594.411,-5.525,162.543,-175.7795,14.2445,6.1463,25.70570571,25705.70571
594.939,-5.546,162.196,-175.7605,14.2149,6.1665,25.76576577,25765.76577
595.466,-5.567,161.848,-175.7414,14.1853,6.1866,25.82582583,25825.82583
595.994,-5.588,161.501,-175.7224,14.1557,6.2067,25.88588589,25885.88589
596.522,-5.609,161.153,-175.7034,14.1261,6.2269,25.94594595,25945.94595
597.051,-5.63,160.805,-175.6844,14.0964,6.247,26.00600601,26006.00601
597.579,-5.651,160.457,-175.6654,14.0667,6.2671,26.06606607,26066.06607
598.108,-5.671,160.109,-175.6464,14.037,6.2872,26.12612613,26126.12613
598.636,-5.692,159.761,-175.6275,14.0073,6.3073,26.18618619,26186.18619
599.165,-5.713,159.413,-175.6085,13.9776,6.3274,26.24624625,26246.24625
599.694,-5.734,159.065,-175.5895,13.9479,6.3475,26.30630631,26306.30631
600.223,-5.755,158.716,-175.5706,13.9181,6.3676,26.36636637,26366.36637
600.752,-5.776,158.368,-175.5516,13.8883,6.3876,26.42642643,26426.42643
601.282,-5.797,158.02,-175.5327,13.8586,6.4077,26.48648649,26486.48649
601.811,-5.818,157.671,-175.5138,13.8288,6.4277,26.54654655,26546.54655
602.34,-5.839,157.323,-175.4949,13.799,6.4477,26.60660661,26606.60661
602.869,-5.86,156.974,-175.476,13.7692,6.4678,26.66666667,26666.66667
603.399,-5.881,156.626,-175.4571,13.7394,6.4878,26.72672673,26726.72673
603.928,-5.902,156.277,-175.4382,13.7096,6.5078,26.78678679,26786.78679
604.457,-5.923,155.929,-175.4194,13.6798,6.5278,26.84684685,26846.84685
604.987,-5.943,155.58,-175.4005,13.65,6.5477,26.90690691,26906.90691
605.516,-5.964,155.232,-175.3817,13.6202,6.5677,26.96696697,26966.96697
606.045,-5.985,154.883,-175.3629,13.5903,6.5876,27.02702703,27027.02703
606.575,-6.006,154.535,-175.3441,13.5605,6.6076,27.08708709,27087.08709
607.104,-6.027,154.186,-175.3253,13.5306,6.6275,27.14714715,27147.14715
607.633,-6.048,153.838,-175.3065,13.5008,6.6474,27.20720721,27207.20721
608.163,-6.069,153.489,-175.2878,13.4709,6.6673,27.26726727,27267.26727
608.692,-6.09,153.141,-175.269,13.4411,6.6872,27.32732733,27327.32733
609.221,-6.111,152.792,-175.2503,13.4112,6.707,27.38738739,27387.38739
609.75,-6.132,152.444,-175.2316,13.3813,6.7269,27.44744745,27447.44745
610.28,-6.153,152.095,-175.2129,13.3514,6.7467,27.50750751,27507.50751
610.809,-6.174,151.747,-175.1942,13.3215,6.7666,27.56756757,27567.56757
611.338,-6.195,151.398,-175.1755,13.2917,6.7864,27.62762763,27627.62763
611.868,-6.216,151.05,-175.1568,13.2617,6.8062,27.68768769,27687.68769
612.397,-6.237,150.702,-175.1381,13.2318,6.826,27.74774775,27747.74775
612.926,-6.257,150.353,-175.1195,13.2019,6.8458,27.80780781,27807.80781
613.456,-6.278,150.005,-175.1009,13.172,6.8655,27.86786787,27867.86787
613.985,-6.299,149.656,-175.0822,13.1421,6.8853,27.92792793,27927.92793
614.514,-6.32,149.308,-175.0636,13.1121,6.905,27.98798799,27987.98799
615.043,-6.341,148.959,-175.045,13.0822,6.9248,28.04804805,28048.04805
615.573,-6.362,148.611,-175.0265,13.0523,6.9445,28.10810811,28108.10811
616.102,-6.383,148.262,-175.0079,13.0223,6.9642,28.16816817,28168.16817
616.631,-6.404,147.914,-174.9893,12.9924,6.9839,28.22822823,28228.22823
617.161,-6.425,147.565,-174.9708,12.9624,7.0036,28.28828829,28288.28829
617.69,-6.446,147.217,-174.9523,12.9324,7.0233,28.34834835,28348.34835
618.219,-6.467,146.868,-174.9337,12.9024,7.0429,28.40840841,28408.40841
618.749,-6.488,146.52,-174.9152,12.8725,7.0626,28.46846847,28468.46847
619.278,-6.509,146.171,-174.8967,12.8425,7.0822,28.52852853,28528.52853
619.807,-6.53,145.823,-174.8783,12.8125,7.1018,28.58858859,28588.58859
620.337,-6.55,145.474,-174.8598,12.7825,7.1214,28.64864865,28648.64865
620.866,-6.571,145.126,-174.8413,12.7525,7.141,28.70870871,28708.70871
621.395,-6.592,144.777,-174.8229,12.7225,7.1606,28.76876877,28768.76877
621.924,-6.613,144.429,-174.8045,12.6924,7.1802,28.82882883,28828.82883
622.454,-6.634,144.08,-174.7861,12.6624,7.1997,28.88888889,28888.88889
622.983,-6.655,143.732,-174.7676,12.6324,7.2193,28.94894895,28948.94895
623.512,-6.676,143.383,-174.7493,12.6023,7.2388,29.00900901,29009.00901
624.042,-6.697,143.035,-174.7309,12.5723,7.2584,29.06906907,29069.06907
624.571,-6.718,142.686,-174.7125,12.5422,7.2779,29.12912913,29129.12913
625.1,-6.739,142.338,-174.6942,12.5122,7.2974,29.18918919,29189.18919
625.63,-6.76,141.989,-174.6758,12.4821,7.3168,29.24924925,29249.24925
626.159,-6.781,141.641,-174.6575,12.4521,7.3363,29.30930931,29309.30931
626.688,-6.802,141.292,-174.6392,12.422,7.3558,29.36936937,29369.36937
627.217,-6.823,140.944,-174.6209,12.3919,7.3752,29.42942943,29429.42943
627.747,-6.844,140.595,-174.6026,12.3618,7.3947,29.48948949,29489.48949
628.276,-6.864,140.247,-174.5843,12.3317,7.4141,29.54954955,29549.54955
628.805,-6.885,139.898,-174.566,12.3016,7.4335,29.60960961,29609.60961
629.335,-6.906,139.55,-174.5478,12.2715,7.4529,29.66966967,29669.66967
629.864,-6.927,139.201,-174.5296,12.2414,7.4723,29.72972973,29729.72973
630.393,-6.948,138.853,-174.5113,12.2113,7.4917,29.78978979,29789.78979
630.923,-6.969,138.505,-174.4931,12.1812,7.5111,29.84984985,29849.84985
631.452,-6.99,138.156,-174.4749,12.151,7.5304,29.90990991,29909.90991
631.981,-7.011,137.808,-174.4567,12.1209,7.5498,29.96996997,29969.96997
632.511,-7.032,137.459,-174.4385,12.0908,7.5691,30.03003003,30030.03003
633.04,-7.053,137.111,-174.4204,12.0606,7.5884,30.09009009,30090.09009
633.569,-7.074,136.762,-174.4022,12.0305,7.6077,30.15015015,30150.15015
634.098,-7.095,136.414,-174.3841,12.0003,7.627,30.21021021,30210.21021
634.628,-7.116,136.065,-174.366,11.9701,7.6463,30.27027027,30270.27027
635.157,-7.137,135.717,-174.3478,11.94,7.6656,30.33033033,30330.33033
635.686,-7.157,135.368,-174.3297,11.9098,7.6848,30.39039039,30390.39039
636.216,-7.178,135.02,-174.3116,11.8796,7.7041,30.45045045,30450.45045
636.745,-7.199,134.671,-174.2936,11.8494,7.7233,30.51051051,30510.51051
637.274,-7.22,134.323,-174.2755,11.8192,7.7425,30.57057057,30570.57057
637.804,-7.241,133.974,-174.2574,11.789,7.7617,30.63063063,30630.63063
638.333,-7.262,133.626,-174.2394,11.7588,7.781,30.69069069,30690.69069
638.862,-7.283,133.277,-174.2214,11.7286,7.8001,30.75075075,30750.75075
639.391,-7.304,132.929,-174.2034,11.6984,7.8193,30.81081081,30810.81081
639.921,-7.325,132.58,-174.1854,11.6682,7.8385,30.87087087,30870.87087
640.45,-7.346,132.232,-174.1674,11.6379,7.8576,30.93093093,30930.93093
640.979,-7.367,131.883,-174.1494,11.6077,7.8768,30.99099099,30990.99099
641.509,-7.388,131.535,-174.1314,11.5774,7.8959,31.05105105,31051.05105
642.038,-7.409,131.186,-174.1135,11.5472,7.915,31.11111111,31111.11111
642.567,-7.43,130.838,-174.0955,11.5169,7.9341,31.17117117,31171.17117
643.097,-7.451,130.489,-174.0776,11.4867,7.9532,31.23123123,31231.23123
643.626,-7.471,130.141,-174.0597,11.4564,7.9723,31.29129129,31291.29129
644.155,-7.492,129.792,-174.0418,11.4261,7.9914,31.35135135,31351.35135
644.685,-7.513,129.444,-174.0239,11.3959,8.0104,31.41141141,31411.41141
645.214,-7.534,129.095,-174.006,11.3656,8.0295,31.47147147,31471.47147
645.743,-7.555,128.747,-173.9881,11.3353,8.0485,31.53153153,31531.53153
646.272,-7.576,128.398,-173.9703,11.305,8.0675,31.59159159,31591.59159
646.802,-7.597,128.05,-173.9524,11.2747,8.0866,31.65165165,31651.65165
647.331,-7.618,127.701,-173.9346,11.2444,8.1056,31.71171171,31711.71171
647.86,-7.639,127.353,-173.9168,11.2141,8.1245,31.77177177,31771.77177
648.39,-7.66,127.005,-173.899,11.1838,8.1435,31.83183183,31831.83183
648.919,-7.681,126.656,-173.8812,11.1534,8.1625,31.89189189,31891.89189
649.448,-7.702,126.308,-173.8634,11.1231,8.1814,31.95195195,31951.95195
649.978,-7.723,125.959,-173.8456,11.0928,8.2004,32.01201201,32012.01201
650.507,-7.744,125.611,-173.8278,11.0624,8.2193,32.07207207,32072.07207
651.036,-7.764,125.262,-173.8101,11.0321,8.2382,32.13213213,32132.13213
651.565,-7.785,124.914,-173.7923,11.0017,8.2572,32.19219219,32192.19219
652.095,-7.806,124.565,-173.7746,10.9714,8.276,32.25225225,32252.25225
652.624,-7.827,124.217,-173.7569,10.941,8.2949,32.31231231,32312.31231
653.153,-7.848,123.868,-173.7392,10.9106,8.3138,32.37237237,32372.37237
653.683,-7.869,123.52,-173.7215,10.8803,8.3327,32.43243243,32432.43243
654.212,-7.89,123.171,-173.7038,10.8499,8.3515,32.49249249,32492.49249
654.741,-7.911,122.823,-173.6862,10.8195,8.3704,32.55255255,32552.55255
655.271,-7.932,122.474,-173.6685,10.7891,8.3892,32.61261261,32612.61261
655.8,-7.953,122.126,-173.6509,10.7587,8.408,32.67267267,32672.67267
656.329,-7.974,121.777,-173.6333,10.7283,8.4268,32.73273273,32732.73273
656.859,-7.995,121.429,-173.6156,10.6979,8.4456,32.79279279,32792.79279
657.388,-8.016,121.08,-173.598,10.6675,8.4644,32.85285285,32852.85285
657.917,-8.037,120.732,-173.5804,10.6371,8.4832,32.91291291,32912.91291
658.446,-8.058,120.383,-173.5629,10.6066,8.5019,32.97297297,32972.97297
658.976,-8.078,120.035,-173.5453,10.5762,8.5207,33.03303303,33033.03303
659.505,-8.099,119.686,-173.5277,10.5458,8.5394,33.09309309,33093.09309
660.034,-8.12,119.338,-173.5102,10.5153,8.5581,33.15315315,33153.15315
660.564,-8.141,118.989,-173.4927,10.4849,8.5768,33.21321321,33213.21321
661.093,-8.162,118.641,-173.4751,10.4544,8.5955,33.27327327,33273.27327
661.622,-8.183,118.292,-173.4576,10.424,8.6142,33.33333333,33333.33333
662.152,-8.204,117.944,-173.4401,10.3935,8.6329,33.39339339,33393.39339
662.681,-8.225,117.595,-173.4226,10.363,8.6516,33.45345345,33453.45345
663.21,-8.246,117.247,-173.4052,10.3325,8.6702,33.51351351,33513.51351
663.739,-8.267,116.898,-173.3877,10.3021,8.6889,33.57357357,33573.57357
664.269,-8.288,116.55,-173.3702,10.2716,8.7075,33.63363363,33633.63363
664.798,-8.309,116.201,-173.3528,10.2411,8.7262,33.69369369,33693.69369
665.327,-8.33,115.853,-173.3354,10.2106,8.7448,33.75375375,33753.75375
665.857,-8.351,115.504,-173.318,10.1801,8.7634,33.81381381,33813.81381
666.386,-8.372,115.156,-173.3006,10.1496,8.782,33.87387387,33873.87387
666.915,-8.392,114.808,-173.2832,10.119,8.8005,33.93393393,33933.93393
667.445,-8.413,114.459,-173.2658,10.0885,8.8191,33.99399399,33993.99399
667.974,-8.434,114.111,-173.2484,10.058,8.8377,34.05405405,34054.05405
668.503,-8.455,113.762,-173.2311,10.0275,8.8562,34.11411411,34114.11411
669.033,-8.476,113.414,-173.2137,9.9969,8.8747,34.17417417,34174.17417
669.562,-8.497,113.065,-173.1964,9.9664,8.8933,34.23423423,34234.23423
670.091,-8.518,112.717,-173.1791,9.9358,8.9118,34.29429429,34294.29429
670.62,-8.539,112.368,-173.1617,9.9053,8.9303,34.35435435,34354.35435
671.15,-8.56,112.02,-173.1444,9.8747,8.9488,34.41441441,34414.41441
671.679,-8.581,111.671,-173.1272,9.8442,8.9673,34.47447447,34474.47447
672.208,-8.602,111.323,-173.1099,9.8136,8.9857,34.53453453,34534.53453
672.738,-8.623,110.974,-173.0926,9.783,9.0042,34.59459459,34594.59459
673.267,-8.644,110.626,-173.0754,9.7524,9.0226,34.65465465,34654.65465
673.796,-8.665,110.277,-173.0581,9.7218,9.0411,34.71471471,34714.71471
674.326,-8.685,109.929,-173.0409,9.6912,9.0595,34.77477477,34774.77477
674.855,-8.706,109.58,-173.0237,9.6606,9.0779,34.83483483,34834.83483
675.384,-8.727,109.232,-173.0065,9.63,9.0963,34.89489489,34894.89489
675.913,-8.748,108.883,-172.9893,9.5994,9.1147,34.95495495,34954.95495
676.443,-8.769,108.535,-172.9721,9.5688,9.1331,35.01501502,35015.01502
676.972,-8.79,108.186,-172.9549,9.5382,9.1514,35.07507508,35075.07508
677.501,-8.811,107.838,-172.9378,9.5076,9.1698,35.13513514,35135.13514
678.031,-8.832,107.489,-172.9206,9.4769,9.1881,35.1951952,35195.1952
678.56,-8.853,107.141,-172.9035,9.4463,9.2065,35.25525526,35255.25526
679.089,-8.874,106.792,-172.8863,9.4157,9.2248,35.31531532,35315.31532
679.619,-8.895,106.444,-172.8692,9.385,9.2431,35.37537538,35375.37538
680.148,-8.916,106.095,-172.8521,9.3544,9.2614,35.43543544,35435.43544
680.677,-8.937,105.747,-172.835,9.3237,9.2797,35.4954955,35495.4955
681.206,-8.958,105.398,-172.818,9.293,9.298,35.55555556,35555.55556
681.736,-8.979,105.05,-172.8009,9.2624,9.3163,35.61561562,35615.61562
682.265,-8.999,104.701,-172.7838,9.2317,9.3345,35.67567568,35675.67568
682.794,-9.02,104.353,-172.7668,9.201,9.3528,35.73573574,35735.73574
683.324,-9.041,104.004,-172.7497,9.1703,9.371,35.7957958,35795.7958
683.853,-9.062,103.656,-172.7327,9.1396,9.3892,35.85585586,35855.85586
684.382,-9.083,103.308,-172.7157,9.1089,9.4075,35.91591592,35915.91592
684.912,-9.104,102.959,-172.6987,9.0782,9.4257,35.97597598,35975.97598
685.441,-9.125,102.611,-172.6817,9.0475,9.4439,36.03603604,36036.03604
685.97,-9.146,102.262,-172.6647,9.0168,9.4621,36.0960961,36096.0961
686.5,-9.167,101.914,-172.6478,8.9861,9.4802,36.15615616,36156.15616
687.029,-9.188,101.565,-172.6308,8.9554,9.4984,36.21621622,36216.21622
687.558,-9.209,101.217,-172.6139,8.9246,9.5165,36.27627628,36276.27628
688.087,-9.23,100.868,-172.5969,8.8939,9.5347,36.33633634,36336.33634
688.617,-9.251,100.52,-172.58,8.8632,9.5528,36.3963964,36396.3964
689.146,-9.272,100.171,-172.5631,8.8324,9.5709,36.45645646,36456.45646
689.675,-9.292,99.823,-172.5462,8.8017,9.589,36.51651652,36516.51652
690.205,-9.313,99.474,-172.5293,8.7709,9.6071,36.57657658,36576.57658
690.734,-9.334,99.126,-172.5124,8.7402,9.6252,36.63663664,36636.63664
691.263,-9.355,98.777,-172.4956,8.7094,9.6433,36.6966967,36696.6967
691.793,-9.376,98.429,-172.4787,8.6786,9.6614,36.75675676,36756.75676
692.322,-9.397,98.08,-172.4619,8.6479,9.6794,36.81681682,36816.81682
692.851,-9.418,97.732,-172.4451,8.6171,9.6975,36.87687688,36876.87688
693.38,-9.439,97.383,-172.4282,8.5863,9.7155,36.93693694,36936.93694
693.91,-9.46,97.035,-172.4114,8.5555,9.7335,36.996997,36996.997
694.439,-9.481,96.686,-172.3946,8.5247,9.7515,37.05705706,37057.05706
694.968,-9.502,96.338,-172.3778,8.4939,9.7696,37.11711712,37117.11712
695.498,-9.523,95.989,-172.3611,8.4631,9.7875,37.17717718,37177.17718
696.027,-9.544,95.641,-172.3443,8.4323,9.8055,37.23723724,37237.23724
696.556,-9.565,95.292,-172.3275,8.4015,9.8235,37.2972973,37297.2973
697.086,-9.586,94.944,-172.3108,8.3706,9.8415,37.35735736,37357.35736
697.615,-9.606,94.595,-172.2941,8.3398,9.8594,37.41741742,37417.41742
698.144,-9.627,94.247,-172.2773,8.309,9.8773,37.47747748,37477.47748
698.674,-9.648,93.898,-172.2606,8.2781,9.8953,37.53753754,37537.53754
699.203,-9.669,93.55,-172.2439,8.2473,9.9132,37.5975976,37597.5976
699.732,-9.69,93.201,-172.2272,8.2165,9.9311,37.65765766,37657.65766
700.261,-9.711,92.853,-172.2106,8.1856,9.949,37.71771772,37717.71772
700.791,-9.732,92.504,-172.1939,8.1547,9.9669,37.77777778,37777.77778
701.32,-9.753,92.156,-172.1773,8.1239,9.9848,37.83783784,37837.83784
701.849,-9.774,91.807,-172.1606,8.093,10.0026,37.8978979,37897.8979
702.379,-9.795,91.459,-172.144,8.0621,10.0205,37.95795796,37957.95796
702.908,-9.816,91.111,-172.1274,8.0313,10.0383,38.01801802,38018.01802
703.437,-9.837,90.762,-172.1107,8.0004,10.0562,38.07807808,38078.07808
703.967,-9.858,90.414,-172.0941,7.9695,10.074,38.13813814,38138.13814
704.496,-9.879,90.065,-172.0776,7.9386,10.0918,38.1981982,38198.1982
705.025,-9.899,89.717,-172.061,7.9077,10.1096,38.25825826,38258.25826
705.554,-9.92,89.368,-172.0444,7.8768,10.1274,38.31831832,38318.31832
706.084,-9.941,89.02,-172.0279,7.8459,10.1452,38.37837838,38378.37838
706.613,-9.962,88.671,-172.0113,7.815,10.163,38.43843844,38438.43844
707.142,-9.983,88.323,-171.9948,7.784,10.1807,38.4984985,38498.4985
707.672,-10.004,87.974,-171.9783,7.7531,10.1985,38.55855856,38558.55856
708.201,-10.025,87.626,-171.9617,7.7222,10.2162,38.61861862,38618.61862
708.73,-10.046,87.277,-171.9452,7.6912,10.234,38.67867868,38678.67868
709.26,-10.067,86.929,-171.9288,7.6603,10.2517,38.73873874,38738.73874
709.789,-10.088,86.58,-171.9123,7.6294,10.2694,38.7987988,38798.7988
710.318,-10.109,86.232,-171.8958,7.5984,10.2871,38.85885886,38858.85886
710.848,-10.13,85.883,-171.8793,7.5675,10.3048,38.91891892,38918.91892
711.377,-10.151,85.535,-171.8629,7.5365,10.3225,38.97897898,38978.97898
711.906,-10.172,85.186,-171.8465,7.5055,10.3401,39.03903904,39039.03904
712.435,-10.193,84.838,-171.83,7.4746,10.3578,39.0990991,39099.0991
712.965,-10.213,84.489,-171.8136,7.4436,10.3754,39.15915916,39159.15916
713.494,-10.234,84.141,-171.7972,7.4126,10.3931,39.21921922,39219.21922
714.023,-10.255,83.792,-171.7808,7.3816,10.4107,39.27927928,39279.27928
714.553,-10.276,83.444,-171.7644,7.3506,10.4283,39.33933934,39339.33934
715.082,-10.297,83.095,-171.7481,7.3196,10.4459,39.3993994,39399.3994
715.611,-10.318,82.747,-171.7317,7.2886,10.4635,39.45945946,39459.45946
716.141,-10.339,82.398,-171.7154,7.2576,10.4811,39.51951952,39519.51952
716.67,-10.36,82.05,-171.699,7.2266,10.4987,39.57957958,39579.57958
717.199,-10.381,81.701,-171.6827,7.1956,10.5163,39.63963964,39639.63964
717.728,-10.402,81.353,-171.6664,7.1646,10.5338,39.6996997,39699.6997
718.258,-10.423,81.004,-171.6501,7.1335,10.5514,39.75975976,39759.75976
718.787,-10.444,80.656,-171.6338,7.1025,10.5689,39.81981982,39819.81982
719.316,-10.465,80.307,-171.6175,7.0715,10.5865,39.87987988,39879.87988
719.846,-10.486,79.959,-171.6012,7.0404,10.604,39.93993994,39939.93994
720.375,-10.507,79.61,-171.5849,7.0094,10.6215,40,40000
720.904,-10.527,79.262,-171.5687,6.9783,10.639,40.06006006,40060.06006
721.434,-10.548,78.914,-171.5524,6.9473,10.6565,40.12012012,40120.12012
721.963,-10.569,78.565,-171.5362,6.9162,10.6739,40.18018018,40180.18018
722.492,-10.59,78.217,-171.52,6.8852,10.6914,40.24024024,40240.24024
723.022,-10.611,77.868,-171.5038,6.8541,10.7089,40.3003003,40300.3003
723.551,-10.632,77.52,-171.4876,6.823,10.7263,40.36036036,40360.36036
724.08,-10.653,77.171,-171.4714,6.7919,10.7438,40.42042042,40420.42042
724.609,-10.674,76.823,-171.4552,6.7609,10.7612,40.48048048,40480.48048
725.139,-10.695,76.474,-171.439,6.7298,10.7786,40.54054054,40540.54054
725.668,-10.716,76.126,-171.4229,6.6987,10.796,40.6006006,40600.6006
726.197,-10.737,75.777,-171.4067,6.6676,10.8134,40.66066066,40660.66066
726.727,-10.758,75.429,-171.3906,6.6365,10.8308,40.72072072,40720.72072
727.256,-10.779,75.08,-171.3745,6.6054,10.8482,40.78078078,40780.78078
727.785,-10.8,74.732,-171.3583,6.5742,10.8656,40.84084084,40840.84084
728.315,-10.82,74.383,-171.3422,6.5431,10.8829,40.9009009,40900.9009
728.844,-10.841,74.035,-171.3261,6.512,10.9003,40.96096096,40960.96096
729.373,-10.862,73.686,-171.3101,6.4809,10.9176,41.02102102,41021.02102
729.902,-10.883,73.338,-171.294,6.4497,10.9349,41.08108108,41081.08108
730.432,-10.904,72.989,-171.2779,6.4186,10.9522,41.14114114,41141.14114
730.961,-10.925,72.641,-171.2619,6.3875,10.9696,41.2012012,41201.2012
731.49,-10.946,72.292,-171.2458,6.3563,10.9869,41.26126126,41261.26126
732.02,-10.967,71.944,-171.2298,6.3252,11.0041,41.32132132,41321.32132
732.549,-10.988,71.595,-171.2138,6.294,11.0214,41.38138138,41381.38138
733.078,-11.009,71.247,-171.1978,6.2628,11.0387,41.44144144,41441.44144
733.608,-11.03,70.898,-171.1818,6.2317,11.056,41.5015015,41501.5015
734.137,-11.051,70.55,-171.1658,6.2005,11.0732,41.56156156,41561.56156
734.666,-11.072,70.201,-171.1498,6.1693,11.0905,41.62162162,41621.62162
735.196,-11.093,69.853,-171.1338,6.1381,11.1077,41.68168168,41681.68168
735.725,-11.114,69.504,-171.1178,6.107,11.1249,41.74174174,41741.74174
736.254,-11.134,69.156,-171.1019,6.0758,11.1421,41.8018018,41801.8018
736.783,-11.155,68.807,-171.086,6.0446,11.1593,41.86186186,41861.86186
737.313,-11.176,68.459,-171.07,6.0134,11.1765,41.92192192,41921.92192
737.842,-11.197,68.11,-171.0541,5.9822,11.1937,41.98198198,41981.98198
738.371,-11.218,67.762,-171.0382,5.951,11.2109,42.04204204,42042.04204
738.901,-11.239,67.414,-171.0223,5.9197,11.228,42.1021021,42102.1021
739.43,-11.26,67.065,-171.0064,5.8885,11.2452,42.16216216,42162.16216
739.959,-11.281,66.717,-170.9905,5.8573,11.2623,42.22222222,42222.22222
740.489,-11.302,66.368,-170.9747,5.8261,11.2795,42.28228228,42282.28228
741.018,-11.323,66.02,-170.9588,5.7948,11.2966,42.34234234,42342.34234
741.547,-11.344,65.671,-170.943,5.7636,11.3137,42.4024024,42402.4024
742.076,-11.365,65.323,-170.9271,5.7324,11.3308,42.46246246,42462.46246
742.606,-11.386,64.974,-170.9113,5.7011,11.3479,42.52252252,42522.52252
743.135,-11.407,64.626,-170.8955,5.6699,11.365,42.58258258,42582.58258
743.664,-11.427,64.277,-170.8797,5.6386,11.3821,42.64264264,42642.64264
744.194,-11.448,63.929,-170.8639,5.6073,11.3991,42.7027027,42702.7027
744.723,-11.469,63.58,-170.8481,5.5761,11.4162,42.76276276,42762.76276
745.252,-11.49,63.232,-170.8323,5.5448,11.4332,42.82282282,42822.82282
745.782,-11.511,62.883,-170.8166,5.5135,11.4503,42.88288288,42882.88288
746.311,-11.532,62.535,-170.8008,5.4822,11.4673,42.94294294,42942.94294
746.84,-11.553,62.186,-170.7851,5.451,11.4843,43.003003,43003.003
747.37,-11.574,61.838,-170.7693,5.4197,11.5013,43.06306306,43063.06306
747.899,-11.595,61.489,-170.7536,5.3884,11.5183,43.12312312,43123.12312
748.428,-11.616,61.141,-170.7379,5.3571,11.5353,43.18318318,43183.18318
748.957,-11.637,60.792,-170.7222,5.3258,11.5523,43.24324324,43243.24324
749.487,-11.658,60.444,-170.7065,5.2945,11.5693,43.3033033,43303.3033
750.016,-11.679,60.095,-170.6908,5.2632,11.5862,43.36336336,43363.36336
750.545,-11.7,59.747,-170.6751,5.2318,11.6032,43.42342342,43423.42342
751.075,-11.721,59.398,-170.6595,5.2005,11.6201,43.48348348,43483.48348
751.604,-11.741,59.05,-170.6438,5.1692,11.6371,43.54354354,43543.54354
752.133,-11.762,58.701,-170.6282,5.1379,11.654,43.6036036,43603.6036
752.663,-11.783,58.353,-170.6125,5.1065,11.6709,43.66366366,43663.66366
753.192,-11.804,58.004,-170.5969,5.0752,11.6878,43.72372372,43723.72372
753.721,-11.825,57.656,-170.5813,5.0438,11.7047,43.78378378,43783.78378
754.25,-11.846,57.307,-170.5657,5.0125,11.7216,43.84384384,43843.84384
754.78,-11.867,56.959,-170.5501,4.9811,11.7385,43.9039039,43903.9039
755.309,-11.888,56.61,-170.5345,4.9498,11.7553,43.96396396,43963.96396
755.838,-11.909,56.262,-170.5189,4.9184,11.7722,44.02402402,44024.02402
756.368,-11.93,55.913,-170.5034,4.887,11.7891,44.08408408,44084.08408
756.897,-11.951,55.565,-170.4878,4.8557,11.8059,44.14414414,44144.14414
757.426,-11.972,55.217,-170.4723,4.8243,11.8227,44.2042042,44204.2042
757.956,-11.993,54.868,-170.4567,4.7929,11.8395,44.26426426,44264.26426
758.485,-12.014,54.52,-170.4412,4.7615,11.8564,44.32432432,44324.32432
759.014,-12.034,54.171,-170.4257,4.7301,11.8732,44.38438438,44384.38438
759.544,-12.055,53.823,-170.4102,4.6987,11.89,44.44444444,44444.44444
760.073,-12.076,53.474,-170.3947,4.6673,11.9067,44.5045045,44504.5045
760.602,-12.097,53.126,-170.3792,4.6359,11.9235,44.56456456,44564.56456
761.131,-12.118,52.777,-170.3638,4.6045,11.9403,44.62462462,44624.62462
761.661,-12.139,52.429,-170.3483,4.5731,11.957,44.68468468,44684.68468
762.19,-12.16,52.08,-170.3328,4.5417,11.9738,44.74474474,44744.74474
762.719,-12.181,51.732,-170.3174,4.5103,11.9905,44.8048048,44804.8048
763.249,-12.202,51.383,-170.302,4.4788,12.0072,44.86486486,44864.86486
763.778,-12.223,51.035,-170.2865,4.4474,12.024,44.92492492,44924.92492
764.307,-12.244,50.686,-170.2711,4.416,12.0407,44.98498498,44984.98498
764.837,-12.265,50.338,-170.2557,4.3845,12.0574,45.04504505,45045.04505
765.366,-12.286,49.989,-170.2403,4.3531,12.0741,45.10510511,45105.10511
765.895,-12.307,49.641,-170.2249,4.3216,12.0908,45.16516517,45165.16517
766.424,-12.328,49.292,-170.2096,4.2902,12.1074,45.22522523,45225.22523
766.954,-12.348,48.944,-170.1942,4.2587,12.1241,45.28528529,45285.28529
767.483,-12.369,48.595,-170.1788,4.2273,12.1407,45.34534535,45345.34535
768.012,-12.39,48.247,-170.1635,4.1958,12.1574,45.40540541,45405.40541
768.542,-12.411,47.898,-170.1482,4.1643,12.174,45.46546547,45465.46547
769.071,-12.432,47.55,-170.1328,4.1329,12.1907,45.52552553,45525.52553
769.6,-12.453,47.201,-170.1175,4.1014,12.2073,45.58558559,45585.58559
770.13,-12.474,46.853,-170.1022,4.0699,12.2239,45.64564565,45645.64565
770.659,-12.495,46.504,-170.0869,4.0384,12.2405,45.70570571,45705.70571
771.188,-12.516,46.156,-170.0716,4.0069,12.2571,45.76576577,45765.76577
771.717,-12.537,45.807,-170.0563,3.9754,12.2737,45.82582583,45825.82583
772.247,-12.558,45.459,-170.0411,3.9439,12.2902,45.88588589,45885.88589
772.776,-12.579,45.11,-170.0258,3.9124,12.3068,45.94594595,45945.94595
773.305,-12.6,44.762,-170.0106,3.8809,12.3234,46.00600601,46006.00601
773.835,-12.621,44.413,-169.9953,3.8494,12.3399,46.06606607,46066.06607
774.364,-12.641,44.065,-169.9801,3.8179,12.3564,46.12612613,46126.12613
774.893,-12.662,43.717,-169.9649,3.7863,12.373,46.18618619,46186.18619
775.423,-12.683,43.368,-169.9497,3.7548,12.3895,46.24624625,46246.24625
775.952,-12.704,43.02,-169.9345,3.7233,12.406,46.30630631,46306.30631
776.481,-12.725,42.671,-169.9193,3.6917,12.4225,46.36636637,46366.36637
777.011,-12.746,42.323,-169.9041,3.6602,12.439,46.42642643,46426.42643
777.54,-12.767,41.974,-169.8889,3.6286,12.4555,46.48648649,46486.48649
778.069,-12.788,41.626,-169.8738,3.5971,12.472,46.54654655,46546.54655
778.598,-12.809,41.277,-169.8586,3.5655,12.4884,46.60660661,46606.60661
779.128,-12.83,40.929,-169.8435,3.534,12.5049,46.66666667,46666.66667
779.657,-12.851,40.58,-169.8283,3.5024,12.5213,46.72672673,46726.72673
780.186,-12.872,40.232,-169.8132,3.4708,12.5378,46.78678679,46786.78679
780.716,-12.893,39.883,-169.7981,3.4393,12.5542,46.84684685,46846.84685
781.245,-12.914,39.535,-169.783,3.4077,12.5706,46.90690691,46906.90691
781.774,-12.935,39.186,-169.7679,3.3761,12.587,46.96696697,46966.96697
782.304,-12.955,38.838,-169.7528,3.3445,12.6034,47.02702703,47027.02703
782.833,-12.976,38.489,-169.7377,3.3129,12.6198,47.08708709,47087.08709
783.362,-12.997,38.141,-169.7227,3.2813,12.6362,47.14714715,47147.14715
783.891,-13.018,37.792,-169.7076,3.2497,12.6526,47.20720721,47207.20721
784.421,-13.039,37.444,-169.6926,3.2181,12.669,47.26726727,47267.26727
784.95,-13.06,37.095,-169.6775,3.1865,12.6853,47.32732733,47327.32733
785.479,-13.081,36.747,-169.6625,3.1549,12.7017,47.38738739,47387.38739
786.009,-13.102,36.398,-169.6475,3.1233,12.718,47.44744745,47447.44745
786.538,-13.123,36.05,-169.6325,3.0917,12.7343,47.50750751,47507.50751
787.067,-13.144,35.701,-169.6175,3.0601,12.7507,47.56756757,47567.56757
787.597,-13.165,35.353,-169.6025,3.0284,12.767,47.62762763,47627.62763
788.126,-13.186,35.004,-169.5875,2.9968,12.7833,47.68768769,47687.68769
788.655,-13.207,34.656,-169.5725,2.9652,12.7996,47.74774775,47747.74775
789.185,-13.228,34.307,-169.5576,2.9335,12.8159,47.80780781,47807.80781
789.714,-13.249,33.959,-169.5426,2.9019,12.8322,47.86786787,47867.86787
790.243,-13.269,33.61,-169.5277,2.8702,12.8484,47.92792793,47927.92793
790.772,-13.29,33.262,-169.5127,2.8386,12.8647,47.98798799,47987.98799
791.302,-13.311,32.913,-169.4978,2.8069,12.8809,48.04804805,48048.04805
791.831,-13.332,32.565,-169.4829,2.7753,12.8972,48.10810811,48108.10811
792.36,-13.353,32.216,-169.468,2.7436,12.9134,48.16816817,48168.16817
792.89,-13.374,31.868,-169.4531,2.7119,12.9297,48.22822823,48228.22823
793.419,-13.395,31.52,-169.4382,2.6802,12.9459,48.28828829,48288.28829
793.948,-13.416,31.171,-169.4233,2.6486,12.9621,48.34834835,48348.34835
794.478,-13.437,30.823,-169.4085,2.6169,12.9783,48.40840841,48408.40841
795.007,-13.458,30.474,-169.3936,2.5852,12.9945,48.46846847,48468.46847
795.536,-13.479,30.126,-169.3788,2.5535,13.0107,48.52852853,48528.52853
796.065,-13.5,29.777,-169.3639,2.5218,13.0268,48.58858859,48588.58859
796.595,-13.521,29.429,-169.3491,2.4901,13.043,48.64864865,48648.64865
797.124,-13.542,29.08,-169.3343,2.4584,13.0592,48.70870871,48708.70871
797.653,-13.562,28.732,-169.3195,2.4267,13.0753,48.76876877,48768.76877
798.183,-13.583,28.383,-169.3047,2.395,13.0915,48.82882883,48828.82883
798.712,-13.604,28.035,-169.2899,2.3633,13.1076,48.88888889,48888.88889
799.241,-13.625,27.686,-169.2751,2.3315,13.1237,48.94894895,48948.94895
799.771,-13.646,27.338,-169.2603,2.2998,13.1398,49.00900901,49009.00901
800.3,-13.667,26.989,-169.2455,2.2681,13.1559,49.06906907,49069.06907
800.829,-13.688,26.641,-169.2308,2.2364,13.172,49.12912913,49129.12913
801.359,-13.709,26.292,-169.216,2.2046,13.1881,49.18918919,49189.18919
801.888,-13.73,25.944,-169.2013,2.1729,13.2042,49.24924925,49249.24925
802.417,-13.751,25.595,-169.1866,2.1411,13.2203,49.30930931,49309.30931
802.946,-13.772,25.247,-169.1718,2.1094,13.2364,49.36936937,49369.36937
803.476,-13.793,24.898,-169.1571,2.0776,13.2524,49.42942943,49429.42943
804.005,-13.814,24.55,-169.1424,2.0459,13.2685,49.48948949,49489.48949
804.534,-13.835,24.201,-169.1277,2.0141,13.2845,49.54954955,49549.54955
805.064,-13.856,23.853,-169.1131,1.9823,13.3005,49.60960961,49609.60961
805.593,-13.876,23.504,-169.0984,1.9506,13.3166,49.66966967,49669.66967
806.122,-13.897,23.156,-169.0837,1.9188,13.3326,49.72972973,49729.72973
806.652,-13.918,22.807,-169.0691,1.887,13.3486,49.78978979,49789.78979
807.181,-13.939,22.459,-169.0544,1.8552,13.3646,49.84984985,49849.84985
807.71,-13.96,22.11,-169.0398,1.8234,13.3806,49.90990991,49909.90991
808.239,-13.981,21.762,-169.0252,1.7917,13.3965,49.96996997,49969.96997
808.769,-14.002,21.413,-169.0105,1.7599,13.4125,50.03003003,50030.03003
809.298,-14.023,21.065,-168.9959,1.7281,13.4285,50.09009009,50090.09009
809.827,-14.044,20.716,-168.9813,1.6963,13.4444,50.15015015,50150.15015
810.357,-14.065,20.368,-168.9667,1.6645,13.4604,50.21021021,50210.21021
810.886,-14.086,20.02,-168.9522,1.6326,13.4763,50.27027027,50270.27027
811.415,-14.107,19.671,-168.9376,1.6008,13.4923,50.33033033,50330.33033
811.945,-14.128,19.323,-168.923,1.569,13.5082,50.39039039,50390.39039
812.474,-14.149,18.974,-168.9085,1.5372,13.5241,50.45045045,50450.45045
813.003,-14.169,18.626,-168.8939,1.5054,13.54,50.51051051,50510.51051
813.533,-14.19,18.277,-168.8794,1.4735,13.5559,50.57057057,50570.57057
814.062,-14.211,17.929,-168.8649,1.4417,13.5718,50.63063063,50630.63063
814.591,-14.232,17.58,-168.8503,1.4098,13.5877,50.69069069,50690.69069
815.12,-14.253,17.232,-168.8358,1.378,13.6035,50.75075075,50750.75075
815.65,-14.274,16.883,-168.8213,1.3462,13.6194,50.81081081,50810.81081
816.179,-14.295,16.535,-168.8068,1.3143,13.6353,50.87087087,50870.87087
816.708,-14.316,16.186,-168.7923,1.2825,13.6511,50.93093093,50930.93093
817.238,-14.337,15.838,-168.7779,1.2506,13.6669,50.99099099,50990.99099
817.767,-14.358,15.489,-168.7634,1.2187,13.6828,51.05105105,51051.05105
818.296,-14.379,15.141,-168.749,1.1869,13.6986,51.11111111,51111.11111
818.826,-14.4,14.792,-168.7345,1.155,13.7144,51.17117117,51171.17117
819.355,-14.421,14.444,-168.7201,1.1231,13.7302,51.23123123,51231.23123
819.884,-14.442,14.095,-168.7056,1.0912,13.746,51.29129129,51291.29129
820.413,-14.463,13.747,-168.6912,1.0593,13.7618,51.35135135,51351.35135
820.943,-14.483,13.398,-168.6768,1.0275,13.7776,51.41141141,51411.41141
821.472,-14.504,13.05,-168.6624,0.9956,13.7934,51.47147147,51471.47147
822.001,-14.525,12.701,-168.648,0.9637,13.8091,51.53153153,51531.53153
822.531,-14.546,12.353,-168.6336,0.9318,13.8249,51.59159159,51591.59159
823.06,-14.567,12.004,-168.6193,0.8999,13.8406,51.65165165,51651.65165
823.589,-14.588,11.656,-168.6049,0.868,13.8564,51.71171171,51711.71171
824.119,-14.609,11.307,-168.5905,0.8361,13.8721,51.77177177,51771.77177
824.648,-14.63,10.959,-168.5762,0.8041,13.8878,51.83183183,51831.83183
825.177,-14.651,10.61,-168.5618,0.7722,13.9036,51.89189189,51891.89189
825.707,-14.672,10.262,-168.5475,0.7403,13.9193,51.95195195,51951.95195
826.236,-14.693,9.913,-168.5332,0.7084,13.935,52.01201201,52012.01201
826.765,-14.714,9.565,-168.5189,0.6764,13.9507,52.07207207,52072.07207
827.294,-14.735,9.216,-168.5046,0.6445,13.9663,52.13213213,52132.13213
827.824,-14.756,8.868,-168.4903,0.6126,13.982,52.19219219,52192.19219
828.353,-14.776,8.519,-168.476,0.5806,13.9977,52.25225225,52252.25225
828.882,-14.797,8.171,-168.4617,0.5487,14.0133,52.31231231,52312.31231
829.412,-14.818,7.823,-168.4474,0.5167,14.029,52.37237237,52372.37237
829.941,-14.839,7.474,-168.4332,0.4848,14.0446,52.43243243,52432.43243
830.47,-14.86,7.126,-168.4189,0.4528,14.0603,52.49249249,52492.49249
831,-14.881,6.777,-168.4047,0.4208,14.0759,52.55255255,52552.55255
831.529,-14.902,6.429,-168.3905,0.3889,14.0915,52.61261261,52612.61261
832.058,-14.923,6.08,-168.3762,0.3569,14.1071,52.67267267,52672.67267
832.587,-14.944,5.732,-168.362,0.3249,14.1227,52.73273273,52732.73273
833.117,-14.965,5.383,-168.3478,0.293,14.1383,52.79279279,52792.79279
833.646,-14.986,5.035,-168.3336,0.261,14.1539,52.85285285,52852.85285
834.175,-15.007,4.686,-168.3194,0.229,14.1695,52.91291291,52912.91291
834.705,-15.028,4.338,-168.3052,0.197,14.1851,52.97297297,52972.97297
835.234,-15.049,3.989,-168.2911,0.165,14.2006,53.03303303,53033.03303
835.763,-15.07,3.641,-168.2769,0.133,14.2162,53.09309309,53093.09309
836.293,-15.09,3.292,-168.2627,0.101,14.2317,53.15315315,53153.15315
836.822,-15.111,2.944,-168.2486,0.069,14.2473,53.21321321,53213.21321
837.351,-15.132,2.595,-168.2345,0.037,14.2628,53.27327327,53273.27327
837.88,-15.153,2.247,-168.2203,0.005,14.2783,53.33327327,53333.27327
838.41,-15.174,1.898,-168.2062,-0.027,14.2939,53.39327327,53393.27327
838.939,-15.195,1.55,-168.1921,-0.059,14.3094,53.45327327,53453.27327
839.468,-15.216,1.201,-168.178,-0.0911,14.3249,53.51327327,53513.27327
839.998,-15.237,0.853,-168.1639,-0.1231,14.3404,53.57327327,53573.27327
840.527,-15.258,0.505,-168.1498,-0.1551,14.3558,53.63327327,53633.27327
841.056,-15.279,0.156,-168.1357,-0.1871,14.3713,53.69327327,53693.27327
841.585,-15.3,-0.192,-168.1217,-0.2192,14.3868,53.75327327,53753.27327
842.114,-15.321,-0.54,-168.1076,-0.2512,14.4022,53.81327327,53813.27327
842.642,-15.342,-0.888,-168.0936,-0.2832,14.4177,53.87327327,53873.27327
843.171,-15.362,-1.236,-168.0796,-0.3152,14.4331,53.93327327,53933.27327
843.699,-15.383,-1.584,-168.0656,-0.3472,14.4485,53.99327327,53993.27327
844.228,-15.404,-1.932,-168.0516,-0.3792,14.4639,54.05327327,54053.27327
844.756,-15.425,-2.28,-168.0376,-0.4112,14.4793,54.11327327,54113.27327
845.284,-15.446,-2.627,-168.0236,-0.4431,14.4947,54.17327327,54173.27327
845.811,-15.467,-2.975,-168.0097,-0.4751,14.51,54.23327327,54233.27327
846.339,-15.488,-3.322,-167.9957,-0.5071,14.5254,54.29327327,54293.27327
846.866,-15.509,-3.669,-167.9818,-0.539,14.5407,54.35327327,54353.27327
847.393,-15.529,-4.016,-167.9679,-0.571,14.556,54.41327327,54413.27327
847.919,-15.55,-4.363,-167.954,-0.6029,14.5713,54.47327327,54473.27327
848.446,-15.571,-4.709,-167.9401,-0.6348,14.5866,54.53327327,54533.27327
848.972,-15.592,-5.055,-167.9262,-0.6667,14.6019,54.59327327,54593.27327
849.497,-15.613,-5.402,-167.9124,-0.6986,14.6171,54.65327327,54653.27327
850.023,-15.633,-5.747,-167.8986,-0.7304,14.6323,54.71327327,54713.27327
850.548,-15.654,-6.093,-167.8847,-0.7623,14.6475,54.77327327,54773.27327
851.072,-15.675,-6.439,-167.871,-0.7941,14.6627,54.83327327,54833.27327
851.597,-15.696,-6.784,-167.8572,-0.8259,14.6779,54.89327327,54893.27327
852.12,-15.716,-7.129,-167.8434,-0.8577,14.6931,54.95327327,54953.27327
852.644,-15.737,-7.473,-167.8297,-0.8894,14.7082,55.01327327,55013.27327
853.167,-15.758,-7.818,-167.816,-0.9212,14.7233,55.07327327,55073.27327
853.69,-15.778,-8.162,-167.8023,-0.9529,14.7384,55.13327327,55133.27327
854.212,-15.799,-8.505,-167.7886,-0.9846,14.7535,55.19327327,55193.27327
854.733,-15.82,-8.849,-167.7749,-1.0163,14.7686,55.25327327,55253.27327
855.255,-15.84,-9.192,-167.7613,-1.0479,14.7836,55.31327327,55313.27327
855.775,-15.861,-9.535,-167.7477,-1.0795,14.7986,55.37327327,55373.27327
856.296,-15.881,-9.877,-167.7341,-1.1111,14.8136,55.43327327,55433.27327
856.815,-15.902,-10.22,-167.7205,-1.1427,14.8286,55.49327327,55493.27327
857.334,-15.923,-10.561,-167.707,-1.1742,14.8435,55.55327327,55553.27327
857.853,-15.943,-10.903,-167.6934,-1.2057,14.8585,55.61327327,55613.27327
858.371,-15.964,-11.244,-167.6799,-1.2372,14.8734,55.67327327,55673.27327
858.889,-15.984,-11.585,-167.6664,-1.2686,14.8882,55.73327327,55733.27327
859.405,-16.004,-11.925,-167.653,-1.3,14.9031,55.79327327,55793.27327
859.922,-16.025,-12.265,-167.6396,-1.3314,14.9179,55.85327327,55853.27327
860.437,-16.045,-12.604,-167.6261,-1.3628,14.9327,55.91327327,55913.27327
860.952,-16.066,-12.943,-167.6128,-1.3941,14.9475,55.97327327,55973.27327
861.467,-16.086,-13.282,-167.5994,-1.4253,14.9623,56.03327327,56033.27327
861.981,-16.106,-13.62,-167.586,-1.4566,14.977,56.09327327,56093.27327
862.494,-16.127,-13.958,-167.5727,-1.4878,14.9917,56.15327327,56153.27327
863.006,-16.147,-14.296,-167.5594,-1.5189,15.0064,56.21327327,56213.27327
863.518,-16.167,-14.633,-167.5462,-1.5501,15.021,56.27327327,56273.27327
864.029,-16.187,-14.969,-167.5329,-1.5812,15.0356,56.33327327,56333.27327
864.539,-16.207,-15.305,-167.5197,-1.6122,15.0502,56.39327327,56393.27327
865.049,-16.228,-15.64,-167.5066,-1.6432,15.0648,56.45327327,56453.27327
865.558,-16.248,-15.976,-167.4934,-1.6742,15.0793,56.51327327,56513.27327
866.066,-16.268,-16.31,-167.4803,-1.7051,15.0939,56.57327327,56573.27327
866.573,-16.288,-16.644,-167.4672,-1.736,15.1083,56.63327327,56633.27327
867.08,-16.308,-16.978,-167.4541,-1.7668,15.1228,56.69327327,56693.27327
867.586,-16.328,-17.311,-167.441,-1.7976,15.1372,56.75327327,56753.27327
868.09,-16.348,-17.643,-167.428,-1.8283,15.1516,56.81327327,56813.27327
868.595,-16.368,-17.975,-167.415,-1.859,15.166,56.87327327,56873.27327
869.098,-16.388,-18.306,-167.4021,-1.8897,15.1803,56.93327327,56933.27327
869.6,-16.408,-18.637,-167.3891,-1.9203,15.1946,56.99327327,56993.27327
870.102,-16.427,-18.967,-167.3762,-1.9508,15.2089,57.05327327,57053.27327
870.603,-16.447,-19.297,-167.3634,-1.9813,15.2231,57.11327327,57113.27327
871.103,-16.467,-19.626,-167.3505,-2.0118,15.2373,57.17327327,57173.27327
871.602,-16.487,-19.955,-167.3377,-2.0422,15.2515,57.23327327,57233.27327
872.1,-16.506,-20.283,-167.3249,-2.0726,15.2657,57.29327327,57293.27327
872.597,-16.526,-20.61,-167.3122,-2.1029,15.2798,57.35327327,57353.27327
873.094,-16.546,-20.937,-167.2994,-2.1331,15.2939,57.41327327,57413.27327
873.589,-16.565,-21.263,-167.2867,-2.1633,15.3079,57.47327327,57473.27327
874.083,-16.585,-21.589,-167.2741,-2.1934,15.3219,57.53327327,57533.27327
874.577,-16.604,-21.914,-167.2614,-2.2235,15.3359,57.59327327,57593.27327
875.069,-16.624,-22.238,-167.2489,-2.2536,15.3499,57.65327327,57653.27327
875.561,-16.643,-22.562,-167.2363,-2.2835,15.3638,57.71327327,57713.27327
876.052,-16.663,-22.885,-167.2238,-2.3134,15.3777,57.77327327,57773.27327
876.541,-16.682,-23.207,-167.2112,-2.3433,15.3915,57.83327327,57833.27327
877.03,-16.701,-23.529,-167.1988,-2.3731,15.4053,57.89327327,57893.27327
877.517,-16.721,-23.85,-167.1863,-2.4028,15.4191,57.95327327,57953.27327
878.004,-16.74,-24.17,-167.1739,-2.4325,15.4328,58.01327327,58013.27327
878.489,-16.759,-24.49,-167.1616,-2.4622,15.4465,58.07327327,58073.27327
878.974,-16.778,-24.809,-167.1492,-2.4917,15.4602,58.13327327,58133.27327
879.457,-16.797,-25.127,-167.1369,-2.5212,15.4739,58.19327327,58193.27327
879.94,-16.816,-25.444,-167.1247,-2.5507,15.4875,58.25327327,58253.27327
880.421,-16.836,-25.761,-167.1124,-2.58,15.501,58.31327327,58313.27327
880.901,-16.855,-26.077,-167.1002,-2.6093,15.5145,58.37327327,58373.27327
881.38,-16.873,-26.393,-167.0881,-2.6386,15.528,58.43327327,58433.27327
881.858,-16.892,-26.708,-167.0759,-2.6678,15.5415,58.49327327,58493.27327
882.335,-16.911,-27.021,-167.0638,-2.6969,15.5549,58.55327327,58553.27327
882.811,-16.93,-27.335,-167.0518,-2.7259,15.5683,58.61327327,58613.27327
883.285,-16.949,-27.647,-167.0397,-2.7549,15.5816,58.67327327,58673.27327
883.759,-16.968,-27.959,-167.0278,-2.7838,15.5949,58.73327327,58733.27327
884.231,-16.986,-28.27,-167.0158,-2.8127,15.6082,58.79327327,58793.27327
884.702,-17.005,-28.58,-167.0039,-2.8415,15.6214,58.85327327,58853.27327
885.172,-17.023,-28.889,-166.992,-2.8702,15.6346,58.91327327,58913.27327
885.641,-17.042,-29.198,-166.9801,-2.8988,15.6478,58.97327327,58973.27327
886.109,-17.06,-29.506,-166.9683,-2.9274,15.6609,59.03327327,59033.27327
886.575,-17.079,-29.813,-166.9566,-2.9559,15.6739,59.09327327,59093.27327
887.04,-17.097,-30.119,-166.9448,-2.9843,15.687,59.15327327,59153.27327
887.504,-17.116,-30.425,-166.9331,-3.0127,15.7,59.21327327,59213.27327
887.967,-17.134,-30.729,-166.9215,-3.041,15.7129,59.27327327,59273.27327
888.428,-17.152,-31.033,-166.9098,-3.0692,15.7258,59.33327327,59333.27327
888.889,-17.17,-31.336,-166.8982,-3.0973,15.7387,59.39327327,59393.27327
889.347,-17.189,-31.638,-166.8867,-3.1254,15.7515,59.45327327,59453.27327
889.805,-17.207,-31.94,-166.8752,-3.1534,15.7643,59.51327327,59513.27327
890.262,-17.225,-32.24,-166.8637,-3.1813,15.7771,59.57327327,59573.27327
890.717,-17.243,-32.54,-166.8523,-3.2091,15.7898,59.63327327,59633.27327
891.171,-17.261,-32.839,-166.8409,-3.2369,15.8024,59.69327327,59693.27327
891.623,-17.279,-33.137,-166.8295,-3.2646,15.8151,59.75327327,59753.27327
892.074,-17.296,-33.434,-166.8182,-3.2922,15.8276,59.81327327,59813.27327
892.524,-17.314,-33.73,-166.8069,-3.3197,15.8402,59.87327327,59873.27327
892.973,-17.332,-34.025,-166.7957,-3.3472,15.8527,59.93327327,59933.27327
893.42,-17.35,-34.32,-166.7845,-3.3745,15.8651,59.99327327,59993.27327
893.866,-17.367,-34.613,-166.7733,-3.4018,15.8776,60.05327327,60053.27327
894.311,-17.385,-34.906,-166.7622,-3.429,15.8899,60.11327327,60113.27327
894.754,-17.402,-35.198,-166.7511,-3.4562,15.9023,60.17327327,60173.27327
895.196,-17.42,-35.489,-166.74,-3.4832,15.9145,60.23327327,60233.27327
895.636,-17.437,-35.779,-166.729,-3.5102,15.9268,60.29327327,60293.27327
896.075,-17.455,-36.068,-166.7181,-3.5371,15.939,60.35327327,60353.27327
896.513,-17.472,-36.356,-166.7071,-3.5639,15.9511,60.41327327,60413.27327
896.949,-17.489,-36.643,-166.6962,-3.5906,15.9633,60.47327327,60473.27327
897.384,-17.506,-36.93,-166.6854,-3.6172,15.9753,60.53327327,60533.27327
897.818,-17.523,-37.215,-166.6746,-3.6438,15.9874,60.59327327,60593.27327
898.25,-17.541,-37.5,-166.6638,-3.6703,15.9993,60.65327327,60653.27327
898.681,-17.558,-37.783,-166.6531,-3.6966,16.0113,60.71327327,60713.27327
899.11,-17.575,-38.066,-166.6424,-3.7229,16.0232,60.77327327,60773.27327
899.538,-17.591,-38.347,-166.6318,-3.7492,16.035,60.83327327,60833.27327
899.964,-17.608,-38.628,-166.6212,-3.7753,16.0468,60.89327327,60893.27327
900.389,-17.625,-38.908,-166.6106,-3.8013,16.0586,60.95327327,60953.27327
900.812,-17.642,-39.187,-166.6001,-3.8273,16.0703,61.01327327,61013.27327
901.234,-17.659,-39.464,-166.5896,-3.8531,16.082,61.07327327,61073.27327
901.655,-17.675,-39.741,-166.5792,-3.8789,16.0936,61.13327327,61133.27327
902.074,-17.692,-40.017,-166.5688,-3.9046,16.1052,61.19327327,61193.27327
902.491,-17.708,-40.292,-166.5584,-3.9302,16.1167,61.25327327,61253.27327
902.907,-17.725,-40.566,-166.5481,-3.9557,16.1282,61.31327327,61313.27327
903.322,-17.741,-40.839,-166.5379,-3.9811,16.1396,61.37327327,61373.27327
903.735,-17.757,-41.111,-166.5276,-4.0064,16.151,61.43327327,61433.27327
904.146,-17.774,-41.382,-166.5174,-4.0317,16.1624,61.49327327,61493.27327
904.556,-17.79,-41.652,-166.5073,-4.0568,16.1737,61.55327327,61553.27327
904.965,-17.806,-41.92,-166.4972,-4.0819,16.185,61.61327327,61613.27327
905.372,-17.822,-42.188,-166.4871,-4.1068,16.1962,61.67327327,61673.27327
905.777,-17.838,-42.455,-166.4771,-4.1317,16.2073,61.73327327,61733.27327
906.181,-17.854,-42.721,-166.4672,-4.1565,16.2185,61.79327327,61793.27327
906.583,-17.87,-42.986,-166.4572,-4.1812,16.2295,61.85327327,61853.27327
906.984,-17.886,-43.25,-166.4473,-4.2058,16.2406,61.91327327,61913.27327
907.383,-17.902,-43.513,-166.4375,-4.2302,16.2515,61.97327327,61973.27327
907.781,-17.917,-43.774,-166.4277,-4.2546,16.2625,62.03327327,62033.27327
908.177,-17.933,-44.035,-166.4179,-4.279,16.2734,62.09327327,62093.27327
908.571,-17.949,-44.295,-166.4082,-4.3032,16.2842,62.15327327,62153.27327
908.964,-17.964,-44.554,-166.3985,-4.3273,16.295,62.21327327,62213.27327
909.355,-17.98,-44.811,-166.3889,-4.3513,16.3057,62.27327327,62273.27327
909.745,-17.995,-45.068,-166.3793,-4.3752,16.3164,62.33327327,62333.27327
910.133,-18.01,-45.323,-166.3698,-4.3991,16.3271,62.39327327,62393.27327
910.52,-18.026,-45.578,-166.3603,-4.4228,16.3377,62.45327327,62453.27327
910.904,-18.041,-45.831,-166.3508,-4.4464,16.3482,62.51327327,62513.27327
911.288,-18.056,-46.083,-166.3414,-4.47,16.3587,62.57327327,62573.27327
911.669,-18.071,-46.335,-166.3321,-4.4934,16.3692,62.63327327,62633.27327
912.049,-18.086,-46.585,-166.3227,-4.5167,16.3796,62.69327327,62693.27327
912.428,-18.101,-46.834,-166.3135,-4.54,16.39,62.75327327,62753.27327
912.805,-18.116,-47.082,-166.3042,-4.5631,16.4003,62.81327327,62813.27327
913.18,-18.131,-47.329,-166.295,-4.5862,16.4106,62.87327327,62873.27327
913.553,-18.146,-47.575,-166.2859,-4.6091,16.4208,62.93327327,62933.27327
913.925,-18.16,-47.82,-166.2768,-4.632,16.4309,62.99327327,62993.27327
914.295,-18.175,-48.063,-166.2677,-4.6547,16.4411,63.05327327,63053.27327
914.664,-18.19,-48.306,-166.2587,-4.6773,16.4511,63.11327327,63113.27327
915.03,-18.204,-48.548,-166.2497,-4.6999,16.4612,63.17327327,63173.27327
915.396,-18.219,-48.788,-166.2408,-4.7223,16.4711,63.23327327,63233.27327
915.759,-18.233,-49.027,-166.2319,-4.7447,16.4811,63.29327327,63293.27327
916.121,-18.247,-49.265,-166.2231,-4.7669,16.4909,63.35327327,63353.27327
916.481,-18.262,-49.503,-166.2143,-4.7891,16.5008,63.41327327,63413.27327
916.84,-18.276,-49.739,-166.2056,-4.8111,16.5105,63.47327327,63473.27327
917.196,-18.29,-49.974,-166.1969,-4.833,16.5203,63.53327327,63533.27327
917.551,-18.304,-50.207,-166.1882,-4.8549,16.53,63.59327327,63593.27327
917.905,-18.318,-50.44,-166.1796,-4.8766,16.5396,63.65327327,63653.27327
918.256,-18.332,-50.672,-166.171,-4.8982,16.5492,63.71327327,63713.27327
918.606,-18.346,-50.902,-166.1625,-4.9197,16.5587,63.77327327,63773.27327
918.955,-18.359,-51.131,-166.154,-4.9412,16.5682,63.83327327,63833.27327
919.301,-18.373,-51.359,-166.1456,-4.9625,16.5776,63.89327327,63893.27327
919.646,-18.387,-51.587,-166.1372,-4.9837,16.587,63.95327327,63953.27327
919.989,-18.4,-51.812,-166.1289,-5.0048,16.5963,64.01327327,64013.27327
920.331,-18.414,-52.037,-166.1206,-5.0258,16.6056,64.07327327,64073.27327
920.671,-18.427,-52.261,-166.1123,-5.0467,16.6149,64.13327327,64133.27327
921.009,-18.441,-52.483,-166.1041,-5.0675,16.624,64.19327327,64193.27327
921.345,-18.454,-52.705,-166.0959,-5.0882,16.6332,64.25327327,64253.27327
921.679,-18.467,-52.925,-166.0878,-5.1088,16.6423,64.31327327,64313.27327
922.012,-18.48,-53.144,-166.0797,-5.1292,16.6513,64.37327327,64373.27327
922.343,-18.493,-53.362,-166.0717,-5.1496,16.6603,64.43327327,64433.27327
922.673,-18.506,-53.579,-166.0637,-5.1699,16.6692,64.49327327,64493.27327
923,-18.519,-53.795,-166.0558,-5.1901,16.6781,64.55327327,64553.27327
923.326,-18.532,-54.009,-166.0479,-5.2101,16.687,64.61327327,64613.27327
923.65,-18.545,-54.223,-166.04,-5.2301,16.6958,64.67327327,64673.27327
923.972,-18.558,-54.435,-166.0322,-5.2499,16.7045,64.73327327,64733.27327
924.293,-18.57,-54.646,-166.0245,-5.2696,16.7132,64.79327327,64793.27327
924.612,-18.583,-54.856,-166.0168,-5.2893,16.7218,64.85327327,64853.27327
924.929,-18.596,-55.065,-166.0091,-5.3088,16.7304,64.91327327,64913.27327
925.244,-18.608,-55.272,-166.0015,-5.3282,16.7389,64.97327327,64973.27327
925.558,-18.62,-55.479,-165.9939,-5.3475,16.7474,65.03327327,65033.27327
925.87,-18.633,-55.684,-165.9864,-5.3667,16.7559,65.09327327,65093.27327
926.18,-18.645,-55.888,-165.9789,-5.3858,16.7643,65.15327327,65153.27327
926.488,-18.657,-56.091,-165.9714,-5.4048,16.7726,65.21327327,65213.27327
926.795,-18.669,-56.293,-165.964,-5.4237,16.7809,65.27327327,65273.27327
927.099,-18.681,-56.494,-165.9567,-5.4424,16.7891,65.33327327,65333.27327
927.402,-18.693,-56.693,-165.9494,-5.4611,16.7973,65.39327327,65393.27327
927.704,-18.705,-56.891,-165.9421,-5.4797,16.8055,65.45327327,65453.27327
928.003,-18.717,-57.088,-165.9349,-5.4981,16.8136,65.51327327,65513.27327
928.301,-18.729,-57.284,-165.9277,-5.5164,16.8216,65.57327327,65573.27327
928.596,-18.741,-57.479,-165.9206,-5.5347,16.8296,65.63327327,65633.27327
928.891,-18.752,-57.673,-165.9135,-5.5528,16.8375,65.69327327,65693.27327
929.183,-18.764,-57.865,-165.9065,-5.5708,16.8454,65.75327327,65753.27327
929.473,-18.775,-58.057,-165.8995,-5.5887,16.8533,65.81327327,65813.27327
929.762,-18.787,-58.247,-165.8925,-5.6065,16.861,65.87327327,65873.27327
930.049,-18.798,-58.436,-165.8856,-5.6242,16.8688,65.93327327,65933.27327
930.334,-18.809,-58.623,-165.8788,-5.6418,16.8765,65.99327327,65993.27327
930.618,-18.821,-58.81,-165.872,-5.6592,16.8841,66.05327327,66053.27327
930.899,-18.832,-58.995,-165.8652,-5.6766,16.8917,66.11327327,66113.27327
931.179,-18.843,-59.18,-165.8585,-5.6938,16.8992,66.17327327,66173.27327
931.457,-18.854,-59.363,-165.8518,-5.711,16.9067,66.23327327,66233.27327
931.734,-18.865,-59.545,-165.8452,-5.728,16.9142,66.29327327,66293.27327
932.008,-18.876,-59.725,-165.8386,-5.7449,16.9216,66.35327327,66353.27327
932.281,-18.886,-59.905,-165.8321,-5.7618,16.9289,66.41327327,66413.27327
932.552,-18.897,-60.083,-165.8256,-5.7785,16.9362,66.47327327,66473.27327
932.821,-18.908,-60.26,-165.8191,-5.7951,16.9434,66.53327327,66533.27327
933.088,-18.918,-60.436,-165.8127,-5.8115,16.9506,66.59327327,66593.27327
933.354,-18.929,-60.611,-165.8063,-5.8279,16.9578,66.65327327,66653.27327
933.617,-18.939,-60.785,-165.8,-5.8442,16.9649,66.71327327,66713.27327
933.879,-18.95,-60.957,-165.7938,-5.8603,16.9719,66.77327327,66773.27327
934.14,-18.96,-61.129,-165.7875,-5.8764,16.9789,66.83327327,66833.27327
934.398,-18.97,-61.299,-165.7813,-5.8923,16.9858,66.89327327,66893.27327
934.655,-18.98,-61.468,-165.7752,-5.9081,16.9927,66.95327327,66953.27327
934.909,-18.99,-61.636,-165.7691,-5.9239,16.9996,67.01327327,67013.27327
935.162,-19,-61.802,-165.7631,-5.9395,17.0064,67.07327327,67073.27327
935.414,-19.01,-61.968,-165.7571,-5.955,17.0131,67.13327327,67133.27327
935.663,-19.02,-62.132,-165.7511,-5.9704,17.0198,67.19327327,67193.27327
935.911,-19.03,-62.295,-165.7452,-5.9856,17.0264,67.25327327,67253.27327
936.157,-19.04,-62.457,-165.7393,-6.0008,17.033,67.31327327,67313.27327
936.401,-19.049,-62.617,-165.7335,-6.0159,17.0396,67.37327327,67373.27327
936.643,-19.059,-62.777,-165.7277,-6.0308,17.0461,67.43327327,67433.27327
936.884,-19.068,-62.935,-165.722,-6.0457,17.0525,67.49327327,67493.27327
937.122,-19.078,-63.093,-165.7163,-6.0604,17.0589,67.55327327,67553.27327
937.359,-19.087,-63.249,-165.7106,-6.075,17.0653,67.61327327,67613.27327
937.595,-19.096,-63.403,-165.705,-6.0895,17.0716,67.67327327,67673.27327
937.828,-19.106,-63.557,-165.6994,-6.1039,17.0778,67.73327327,67733.27327
938.06,-19.115,-63.71,-165.6939,-6.1182,17.084,67.79327327,67793.27327
938.29,-19.124,-63.861,-165.6884,-6.1324,17.0902,67.85327327,67853.27327
938.518,-19.133,-64.011,-165.683,-6.1465,17.0963,67.91327327,67913.27327
938.744,-19.142,-64.16,-165.6776,-6.1605,17.1024,67.97327327,67973.27327
938.969,-19.151,-64.308,-165.6723,-6.1743,17.1084,68.03327327,68033.27327
939.191,-19.16,-64.455,-165.667,-6.1881,17.1143,68.09327327,68093.27327
939.412,-19.168,-64.6,-165.6617,-6.2017,17.1203,68.15327327,68153.27327
939.632,-19.177,-64.745,-165.6565,-6.2153,17.1261,68.21327327,68213.27327
939.849,-19.186,-64.888,-165.6513,-6.2287,17.1319,68.27327327,68273.27327
940.065,-19.194,-65.03,-165.6462,-6.242,17.1377,68.33327327,68333.27327
940.279,-19.203,-65.171,-165.6411,-6.2552,17.1434,68.39327327,68393.27327
940.491,-19.211,-65.31,-165.636,-6.2683,17.1491,68.45327327,68453.27327
940.701,-19.219,-65.449,-165.631,-6.2813,17.1547,68.51327327,68513.27327
940.91,-19.228,-65.586,-165.6261,-6.2942,17.1603,68.57327327,68573.27327
941.117,-19.236,-65.723,-165.6212,-6.307,17.1658,68.63327327,68633.27327
941.322,-19.244,-65.858,-165.6163,-6.3197,17.1713,68.69327327,68693.27327
941.526,-19.252,-65.992,-165.6115,-6.3322,17.1767,68.75327327,68753.27327
941.728,-19.26,-66.124,-165.6067,-6.3447,17.1821,68.81327327,68813.27327
941.927,-19.268,-66.256,-165.6019,-6.357,17.1875,68.87327327,68873.27327
942.126,-19.276,-66.387,-165.5972,-6.3693,17.1928,68.93327327,68933.27327
942.322,-19.283,-66.516,-165.5926,-6.3814,17.198,68.99327327,68993.27327
942.517,-19.291,-66.644,-165.588,-6.3934,17.2032,69.05327327,69053.27327
942.71,-19.299,-66.771,-165.5834,-6.4054,17.2083,69.11327327,69113.27327
942.901,-19.306,-66.897,-165.5788,-6.4172,17.2134,69.17327327,69173.27327
943.091,-19.314,-67.022,-165.5743,-6.4289,17.2185,69.23327327,69233.27327
943.279,-19.321,-67.146,-165.5699,-6.4405,17.2235,69.29327327,69293.27327
943.465,-19.329,-67.268,-165.5655,-6.452,17.2285,69.35327327,69353.27327
943.649,-19.336,-67.39,-165.5611,-6.4634,17.2334,69.41327327,69413.27327
943.832,-19.343,-67.51,-165.5568,-6.4747,17.2383,69.47327327,69473.27327
944.013,-19.35,-67.629,-165.5525,-6.4859,17.2431,69.53327327,69533.27327
944.192,-19.357,-67.747,-165.5483,-6.4969,17.2479,69.59327327,69593.27327
944.37,-19.364,-67.864,-165.5441,-6.5079,17.2526,69.65327327,69653.27327
944.546,-19.371,-67.98,-165.5399,-6.5188,17.2573,69.71327327,69713.27327
944.72,-19.378,-68.095,-165.5358,-6.5295,17.2619,69.77327327,69773.27327
944.893,-19.385,-68.208,-165.5317,-6.5402,17.2665,69.83327327,69833.27327
945.063,-19.392,-68.321,-165.5277,-6.5508,17.2711,69.89327327,69893.27327
945.233,-19.398,-68.432,-165.5237,-6.5612,17.2756,69.95327327,69953.27327
945.4,-19.405,-68.542,-165.5197,-6.5716,17.28,70.01327327,70013.27327
945.566,-19.412,-68.652,-165.5158,-6.5818,17.2844,70.07327327,70073.27327
945.73,-19.418,-68.76,-165.5119,-6.592,17.2888,70.13327327,70133.27327
945.892,-19.425,-68.867,-165.5081,-6.602,17.2931,70.19327327,70193.27327
946.053,-19.431,-68.972,-165.5043,-6.6119,17.2974,70.25327327,70253.27327
946.212,-19.437,-69.077,-165.5005,-6.6218,17.3016,70.31327327,70313.27327
946.37,-19.443,-69.181,-165.4968,-6.6315,17.3058,70.37327327,70373.27327
946.526,-19.45,-69.284,-165.4931,-6.6411,17.31,70.43327327,70433.27327
946.68,-19.456,-69.385,-165.4895,-6.6507,17.3141,70.49327327,70493.27327
946.833,-19.462,-69.486,-165.4859,-6.6601,17.3181,70.55327327,70553.27327
946.983,-19.468,-69.585,-165.4823,-6.6694,17.3221,70.61327327,70613.27327
947.133,-19.474,-69.683,-165.4788,-6.6787,17.3261,70.67327327,70673.27327
947.28,-19.479,-69.78,-165.4753,-6.6878,17.33,70.73327327,70733.27327
947.426,-19.485,-69.877,-165.4718,-6.6968,17.3339,70.79327327,70793.27327
947.571,-19.491,-69.972,-165.4684,-6.7057,17.3378,70.85327327,70853.27327
947.714,-19.497,-70.066,-165.4651,-6.7146,17.3415,70.91327327,70913.27327
947.855,-19.502,-70.159,-165.4617,-6.7233,17.3453,70.97327327,70973.27327
947.995,-19.508,-70.251,-165.4585,-6.7319,17.349,71.03327327,71033.27327
948.133,-19.513,-70.341,-165.4552,-6.7405,17.3527,71.09327327,71093.27327
948.269,-19.519,-70.431,-165.452,-6.7489,17.3563,71.15327327,71153.27327
948.404,-19.524,-70.52,-165.4488,-6.7572,17.3599,71.21327327,71213.27327
948.537,-19.529,-70.608,-165.4457,-6.7655,17.3634,71.27327327,71273.27327
948.669,-19.534,-70.695,-165.4426,-6.7736,17.3669,71.33327327,71333.27327
948.799,-19.54,-70.78,-165.4395,-6.7817,17.3704,71.39327327,71393.27327
948.928,-19.545,-70.865,-165.4365,-6.7896,17.3738,71.45327327,71453.27327
949.055,-19.55,-70.948,-165.4335,-6.7975,17.3771,71.51327327,71513.27327
949.18,-19.555,-71.031,-165.4305,-6.8052,17.3805,71.57327327,71573.27327
949.304,-19.559,-71.113,-165.4276,-6.8129,17.3838,71.63327327,71633.27327
949.426,-19.564,-71.193,-165.4247,-6.8205,17.387,71.69327327,71693.27327
949.547,-19.569,-71.273,-165.4219,-6.8279,17.3902,71.75327327,71753.27327
949.666,-19.574,-71.351,-165.4191,-6.8353,17.3934,71.81327327,71813.27327
949.784,-19.578,-71.429,-165.4163,-6.8426,17.3965,71.87327327,71873.27327
949.901,-19.583,-71.505,-165.4136,-6.8498,17.3996,71.93327327,71933.27327
950.015,-19.588,-71.581,-165.4109,-6.8569,17.4026,71.99327327,71993.27327
950.129,-19.592,-71.656,-165.4082,-6.8639,17.4056,72.05327327,72053.27327
950.24,-19.597,-71.729,-165.4056,-6.8708,17.4086,72.11327327,72113.27327
950.351,-19.601,-71.802,-165.403,-6.8776,17.4115,72.17327327,72173.27327
950.46,-19.605,-71.873,-165.4004,-6.8844,17.4144,72.23327327,72233.27327
950.567,-19.609,-71.944,-165.3979,-6.891,17.4172,72.29327327,72293.27327
950.673,-19.614,-72.014,-165.3954,-6.8976,17.4201,72.35327327,72353.27327
950.777,-19.618,-72.083,-165.393,-6.904,17.4228,72.41327327,72413.27327
950.88,-19.622,-72.15,-165.3905,-6.9104,17.4255,72.47327327,72473.27327
950.982,-19.626,-72.217,-165.3882,-6.9167,17.4282,72.53327327,72533.27327
951.082,-19.63,-72.283,-165.3858,-6.9229,17.4309,72.59327327,72593.27327
951.18,-19.634,-72.348,-165.3835,-6.929,17.4335,72.65327327,72653.27327
951.278,-19.638,-72.412,-165.3812,-6.935,17.4361,72.71327327,72713.27327
951.373,-19.641,-72.475,-165.379,-6.9409,17.4386,72.77327327,72773.27327
951.468,-19.645,-72.537,-165.3767,-6.9467,17.4411,72.83327327,72833.27327
951.561,-19.649,-72.598,-165.3746,-6.9525,17.4436,72.89327327,72893.27327
951.652,-19.652,-72.659,-165.3724,-6.9582,17.446,72.95327327,72953.27327
951.743,-19.656,-72.718,-165.3703,-6.9637,17.4484,73.01327327,73013.27327
951.831,-19.659,-72.777,-165.3682,-6.9692,17.4507,73.07327327,73073.27327
951.919,-19.663,-72.834,-165.3662,-6.9747,17.4531,73.13327327,73133.27327
952.005,-19.666,-72.891,-165.3641,-6.98,17.4553,73.19327327,73193.27327
952.09,-19.67,-72.947,-165.3621,-6.9852,17.4576,73.25327327,73253.27327
952.173,-19.673,-73.002,-165.3602,-6.9904,17.4598,73.31327327,73313.27327
952.255,-19.676,-73.056,-165.3583,-6.9955,17.462,73.37327327,73373.27327
952.336,-19.679,-73.109,-165.3564,-7.0004,17.4641,73.43327327,73433.27327
952.415,-19.683,-73.161,-165.3545,-7.0054,17.4662,73.49327327,73493.27327
952.493,-19.686,-73.212,-165.3527,-7.0102,17.4683,73.55327327,73553.27327
952.57,-19.689,-73.263,-165.3509,-7.0149,17.4703,73.61327327,73613.27327
952.645,-19.692,-73.313,-165.3491,-7.0196,17.4723,73.67327327,73673.27327
952.719,-19.695,-73.361,-165.3474,-7.0242,17.4742,73.73327327,73733.27327
952.792,-19.697,-73.409,-165.3457,-7.0287,17.4762,73.79327327,73793.27327
952.864,-19.7,-73.457,-165.344,-7.0331,17.4781,73.85327327,73853.27327
952.934,-19.703,-73.503,-165.3423,-7.0375,17.4799,73.91327327,73913.27327
953.003,-19.706,-73.548,-165.3407,-7.0418,17.4818,73.97327327,73973.27327
953.071,-19.708,-73.593,-165.3391,-7.046,17.4835,74.03327327,74033.27327
953.138,-19.711,-73.637,-165.3376,-7.0501,17.4853,74.09327327,74093.27327
953.203,-19.714,-73.68,-165.336,-7.0541,17.487,74.15327327,74153.27327
953.267,-19.716,-73.722,-165.3345,-7.0581,17.4887,74.21327327,74213.27327
953.33,-19.719,-73.764,-165.3331,-7.062,17.4904,74.27327327,74273.27327
953.392,-19.721,-73.804,-165.3316,-7.0658,17.492,74.33327327,74333.27327
953.453,-19.724,-73.844,-165.3302,-7.0696,17.4936,74.39327327,74393.27327
953.512,-19.726,-73.883,-165.3288,-7.0732,17.4952,74.45327327,74453.27327
953.57,-19.728,-73.921,-165.3274,-7.0768,17.4967,74.51327327,74513.27327
953.627,-19.73,-73.959,-165.3261,-7.0804,17.4982,74.57327327,74573.27327
953.683,-19.733,-73.996,-165.3248,-7.0838,17.4997,74.63327327,74633.27327
953.738,-19.735,-74.032,-165.3235,-7.0872,17.5012,74.69327327,74693.27327
953.791,-19.737,-74.067,-165.3223,-7.0905,17.5026,74.75327327,74753.27327
953.844,-19.739,-74.102,-165.321,-7.0938,17.504,74.81327327,74813.27327
953.895,-19.741,-74.135,-165.3198,-7.0969,17.5053,74.87327327,74873.27327
953.945,-19.743,-74.168,-165.3186,-7.1,17.5067,74.93327327,74933.27327
953.994,-19.745,-74.201,-165.3175,-7.1031,17.508,74.99327327,74993.27327
954.042,-19.747,-74.232,-165.3164,-7.1061,17.5092,75.05327327,75053.27327
954.089,-19.749,-74.263,-165.3153,-7.109,17.5105,75.11327327,75113.27327
954.135,-19.751,-74.293,-165.3142,-7.1118,17.5117,75.17327327,75173.27327
954.18,-19.752,-74.323,-165.3131,-7.1146,17.5129,75.23327327,75233.27327
954.224,-19.754,-74.352,-165.3121,-7.1173,17.514,75.29327327,75293.27327
954.267,-19.756,-74.38,-165.3111,-7.1199,17.5151,75.35327327,75353.27327
954.308,-19.757,-74.407,-165.3101,-7.1225,17.5162,75.41327327,75413.27327
954.349,-19.759,-74.434,-165.3092,-7.125,17.5173,75.47327327,75473.27327
954.389,-19.761,-74.46,-165.3083,-7.1275,17.5184,75.53327327,75533.27327
954.427,-19.762,-74.486,-165.3074,-7.1299,17.5194,75.59327327,75593.27327
954.465,-19.764,-74.511,-165.3065,-7.1322,17.5204,75.65327327,75653.27327
954.502,-19.765,-74.535,-165.3056,-7.1345,17.5214,75.71327327,75713.27327
954.538,-19.766,-74.558,-165.3048,-7.1367,17.5223,75.77327327,75773.27327
954.573,-19.768,-74.581,-165.304,-7.1389,17.5232,75.83327327,75833.27327
954.606,-19.769,-74.604,-165.3032,-7.141,17.5241,75.89327327,75893.27327
954.639,-19.77,-74.625,-165.3024,-7.143,17.525,75.95327327,75953.27327
954.671,-19.772,-74.647,-165.3016,-7.145,17.5258,76.01327327,76013.27327
954.703,-19.773,-74.667,-165.3009,-7.1469,17.5267,76.07327327,76073.27327
954.733,-19.774,-74.687,-165.3002,-7.1488,17.5275,76.13327327,76133.27327
954.762,-19.775,-74.706,-165.2995,-7.1506,17.5282,76.19327327,76193.27327
954.791,-19.776,-74.725,-165.2989,-7.1524,17.529,76.25327327,76253.27327
954.818,-19.778,-74.743,-165.2982,-7.1541,17.5297,76.31327327,76313.27327
954.845,-19.779,-74.761,-165.2976,-7.1558,17.5304,76.37327327,76373.27327
954.871,-19.78,-74.778,-165.297,-7.1574,17.5311,76.43327327,76433.27327
954.896,-19.781,-74.795,-165.2964,-7.1589,17.5318,76.49327327,76493.27327
954.921,-19.782,-74.811,-165.2958,-7.1604,17.5324,76.55327327,76553.27327
954.944,-19.783,-74.826,-165.2953,-7.1619,17.533,76.61327327,76613.27327
954.967,-19.783,-74.841,-165.2947,-7.1633,17.5336,76.67327327,76673.27327
954.989,-19.784,-74.856,-165.2942,-7.1647,17.5342,76.73327327,76733.27327
955.01,-19.785,-74.87,-165.2937,-7.166,17.5348,76.79327327,76793.27327
955.031,-19.786,-74.883,-165.2932,-7.1672,17.5353,76.85327327,76853.27327
955.05,-19.787,-74.896,-165.2928,-7.1685,17.5358,76.91327327,76913.27327
955.069,-19.787,-74.908,-165.2923,-7.1696,17.5363,76.97327327,76973.27327
955.088,-19.788,-74.921,-165.2919,-7.1708,17.5368,77.03327327,77033.27327
955.105,-19.789,-74.932,-165.2915,-7.1718,17.5373,77.09327327,77093.27327
955.122,-19.79,-74.943,-165.2911,-7.1729,17.5377,77.15327327,77153.27327
955.138,-19.79,-74.954,-165.2907,-7.1739,17.5382,77.21327327,77213.27327
955.154,-19.791,-74.964,-165.2904,-7.1749,17.5386,77.27327327,77273.27327
955.169,-19.791,-74.974,-165.29,-7.1758,17.539,77.33327327,77333.27327
955.183,-19.792,-74.983,-165.2897,-7.1767,17.5393,77.39327327,77393.27327
955.196,-19.793,-74.992,-165.2894,-7.1775,17.5397,77.45327327,77453.27327
955.209,-19.793,-75.001,-165.2891,-7.1783,17.54,77.51327327,77513.27327
955.222,-19.794,-75.009,-165.2888,-7.1791,17.5404,77.57327327,77573.27327
955.234,-19.794,-75.017,-165.2885,-7.1798,17.5407,77.63327327,77633.27327
955.245,-19.794,-75.024,-165.2882,-7.1805,17.541,77.69327327,77693.27327
955.256,-19.795,-75.031,-165.288,-7.1812,17.5413,77.75327327,77753.27327
955.266,-19.795,-75.038,-165.2877,-7.1818,17.5415,77.81327327,77813.27327
955.275,-19.796,-75.044,-165.2875,-7.1824,17.5418,77.87327327,77873.27327
955.285,-19.796,-75.05,-165.2873,-7.183,17.542,77.93327327,77933.27327
955.293,-19.796,-75.056,-165.2871,-7.1835,17.5423,77.99327327,77993.27327
955.301,-19.797,-75.061,-165.2869,-7.184,17.5425,78.05327327,78053.27327
955.309,-19.797,-75.066,-165.2867,-7.1845,17.5427,78.11327327,78113.27327
955.316,-19.797,-75.071,-165.2866,-7.1849,17.5429,78.17327327,78173.27327
955.323,-19.797,-75.075,-165.2864,-7.1853,17.543,78.23327327,78233.27327
955.329,-19.798,-75.079,-165.2863,-7.1857,17.5432,78.29327327,78293.27327
955.335,-19.798,-75.083,-165.2861,-7.1861,17.5434,78.35327327,78353.27327
955.34,-19.798,-75.087,-165.286,-7.1864,17.5435,78.41327327,78413.27327
955.345,-19.798,-75.09,-165.2859,-7.1867,17.5436,78.47327327,78473.27327
955.35,-19.799,-75.093,-165.2858,-7.187,17.5438,78.53327327,78533.27327
955.354,-19.799,-75.096,-165.2857,-7.1873,17.5439,78.59327327,78593.27327
955.358,-19.799,-75.099,-165.2856,-7.1875,17.544,78.65327327,78653.27327
955.362,-19.799,-75.101,-165.2855,-7.1877,17.5441,78.71327327,78713.27327
955.365,-19.799,-75.103,-165.2854,-7.1879,17.5442,78.77327327,78773.27327
955.368,-19.799,-75.105,-165.2854,-7.1881,17.5442,78.83327327,78833.27327
955.371,-19.799,-75.107,-165.2853,-7.1883,17.5443,78.89327327,78893.27327
955.373,-19.799,-75.108,-165.2852,-7.1884,17.5444,78.95327327,78953.27327
955.375,-19.8,-75.11,-165.2852,-7.1886,17.5444,79.01327327,79013.27327
955.377,-19.8,-75.111,-165.2851,-7.1887,17.5445,79.07327327,79073.27327
955.379,-19.8,-75.112,-165.2851,-7.1888,17.5445,79.13327327,79133.27327
955.38,-19.8,-75.113,-165.2851,-7.1889,17.5446,79.19327327,79193.27327
955.381,-19.8,-75.114,-165.285,-7.1889,17.5446,79.25327327,79253.27327
955.382,-19.8,-75.115,-165.285,-7.189,17.5446,79.31327327,79313.27327
955.383,-19.8,-75.115,-165.285,-7.1891,17.5446,79.37327327,79373.27327
955.384,-19.8,-75.116,-165.285,-7.1891,17.5447,79.43327327,79433.27327
955.385,-19.8,-75.116,-165.285,-7.1891,17.5447,79.49327327,79493.27327
955.385,-19.8,-75.116,-165.285,-7.1892,17.5447,79.55327327,79553.27327
955.385,-19.8,-75.117,-165.2849,-7.1892,17.5447,79.61327327,79613.27327
955.386,-19.8,-75.117,-165.2849,-7.1892,17.5447,79.67327327,79673.27327
955.386,-19.8,-75.117,-165.2849,-7.1892,17.5447,79.73327327,79733.27327
955.386,-19.8,-75.117,-165.2849,-7.1892,17.5447,79.79327327,79793.27327
955.386,-19.8,-75.117,-165.2849,-7.1892,17.5447,79.85327327,79853.27327
955.386,-19.8,-75.117,-165.2849,-7.1892,17.5447,79.97327327,79973.27327
