Xx,Xy,Xz,0,Yx,Yy,Yz,0,Zx,Zy,Zz,0,Px,Py,Pz,1,time
0.9380189296175131,0.027641483275696058,-0.3454800082226675,0.0,0.02955158474431612,-0.9995632221949257,0.0002620580030911215,0.0,-0.3453218665510692,-0.010455297108016426,-0.9384260734037969,0.0,485.364,-1.213,234.338,1.0,0.0
0.9385202090892888,0.028859335073299068,-0.34401592284442817,0.0,0.03041068046559853,-0.9995370948887007,-0.0008864059196514214,0.0,-0.34388225732799244,-0.009629848439212194,-0.938963395652046,0.0,487.04265,-1.279382142857143,233.23280357142858,1.0,0.04
0.9390182086950853,0.030075865568935052,-0.34254962135562217,0.0,0.0312715025536588,-0.9995088568591511,-0.002033526412771984,0.0,-0.3424425410322655,-0.00880252304254839,-0.9394975352394361,0.0,488.7213,-1.3457642857142857,232.12760714285713,1.0,0.08
0.9395129261989538,0.03129106930055101,-0.34108111033973965,0.0,0.032134047143525336,-0.9994785082330622,-0.0031792983258588357,0.0,-0.3410027241280148,-0.007973324632601113,-0.9400284897677547,0.0,490.39995,-1.4121464285714287,231.0224107142857,1.0,0.12
0.9400043593796807,0.03250494081205094,-0.33961039639019097,0.0,0.032998310362492754,-0.999446049146695,-0.004323716514555181,0.0,-0.33956281307981817,-0.007142256932356014,-0.9405562568530894,0.0,492.0786,-1.4785285714285714,229.9172142857143,1.0,0.16
0.9404925060308,0.03371747465332038,-0.3381374861102776,0.0,0.03386428833013916,-0.999411479745786,-0.005466775840582349,0.0,-0.3381228143526762,-0.0063093236731917406,-0.9410808341258394,0.0,493.75725,-1.5449107142857144,228.81201785714285,1.0,0.2
0.9409773639606007,0.03492866538025075,-0.3366623861131621,0.0,0.0347319771583438,-0.9993748001855471,-0.0066084711717626695,0.0,-0.33668273441198326,-0.005474528594862884,-0.9416022192307258,0.0,495.43589999999995,-1.6112928571428573,227.70682142857143,1.0,0.24
0.9414589309921382,0.036138507554763874,-0.33518510302183874,0.0,0.03560137295130434,-0.9993360106306646,-0.007748797382042661,0.0,-0.33524257972349836,-0.004637875445483411,-0.9421204098268018,0.0,497.11454999999995,-1.677675,226.60162499999998,1.0,0.28
0.9419372049632433,0.037346995744836485,-0.33370564346910325,0.0,0.03647247180555433,-0.9992951112552981,-0.008887749351516072,0.0,-0.3338023567533159,-0.0037993679815098496,-0.9426354035874634,0.0,498.79319999999996,-1.7440571428571428,225.49642857142857,1.0,0.32
0.9424121837265321,0.038554124524524336,-0.3322240140975236,0.0,0.03734526980998102,-0.9992521022430803,-0.010025321966446631,0.0,-0.33236207196783707,-0.002959009967724133,-0.9431471982004603,0.0,500.47184999999996,-1.8104392857142857,224.39123214285715,1.0,0.36
0.942883865149416,0.03975988847398694,-0.3307402215594099,0.0,0.03821976304584249,-0.9992069837871154,-0.011161510119291371,0.0,-0.33092173183374046,-0.00211680517721713,-0.9436557913679058,0.0,502.15049999999997,-1.8768214285714286,223.2860357142857,1.0,0.4
0.9433522471141113,0.0409642821795116,-0.32925427251678474,0.0,0.03909594758678557,-0.9991597560899792,-0.01229630870872325,0.0,-0.3294813428179533,-0.001272757391371376,-0.9441611808062872,0.0,503.82914999999997,-1.9432035714285716,222.18083928571428,1.0,0.44
0.9438173275176477,0.042167300233537826,-0.3277661736413528,0.0,0.03997381949886339,-0.9991104193637174,-0.013429712639654194,0.0,-0.3280409113876223,-0.0004268703998441757,-0.944663364246476,0.0,505.5078,-2.0095857142857145,221.07564285714284,1.0,0.48
0.9442791042718788,0.04336893723468164,-0.3262759316144712,0.0,0.04085337484055297,-0.9990589738298451,-0.014561716823257959,0.0,-0.3266004440100844,0.00042085199944935154,-0.9451623394337383,0.0,507.18645,-2.0759678571428575,219.97044642857142,1.0,0.52
0.9447375753034911,0.04456918778775979,-0.32478355312712004,0.0,0.04173460966277295,-0.9990054197193454,-0.015692316176992998,0.0,-0.32515994715283825,0.0012704060003533256,-0.945658104127745,0.0,508.8651,-2.14235,218.86525,1.0,0.56
0.9451927385540134,0.045768046503813976,-0.3232890448798712,0.0,0.04261752000890139,-0.9989497572726693,-0.016821505624625196,0.0,-0.32371942728351444,0.0021217877884883154,-0.9461506561025812,0.0,510.54375,-2.2087321428571425,217.76005357142856,1.0,0.6
0.9456445919798259,0.046965508000135055,-0.3217924135828593,0.0,0.043502101914793485,-0.9988919867397331,-0.017949280096250752,0.0,-0.3222788908698473,0.0029749935412683266,-0.9466399931467571,0.0,512.2224,-2.2751142857142854,216.65485714285714,1.0,0.64
0.9460931335521694,0.04816156690028723,-0.3202936659557509,0.0,0.04438835140879926,-0.9988321083799184,-0.019075634528318952,0.0,-0.32083834437964526,0.0038300194279179763,-0.9471261130632175,0.0,513.9010499999999,-2.3414964285714284,215.54966071428572,1.0,0.68
0.9465383612571547,0.04935621783413215,-0.3187928087277148,0.0,0.04527626451178159,-0.998770122462071,-0.020200563863654805,0.0,-0.31939779428076187,0.004686861609489809,-0.947609013669351,0.0,515.5797,-2.4078785714285713,214.44446428571428,1.0,0.72
0.9469802730957709,0.050549455437853004,-0.3172898486373914,0.0,0.046165837237134,-0.9987060292644989,-0.02132406305148181,0.0,-0.31795724704106715,0.00554551623888145,-0.9480886927970014,0.0,517.25835,-2.4742607142857143,213.33926785714286,1.0,0.76
0.9474188670838958,0.051741274353978704,-0.3157847924328629,0.0,0.04705706559079845,-0.9986398290749716,-0.022446127047444663,0.0,-0.3165167091284181,0.006405979460852825,-0.948565148292476,0.0,518.937,-2.540642857142857,212.23407142857144,1.0,0.8
0.9478541412523027,0.05293166923140782,-0.3142776468716225,0.0,0.047949945571283396,-0.9985715221907189,-0.023566750813631854,0.0,-0.3150761870106299,0.007268247412043566,-0.9490383780165556,0.0,520.61565,-2.6070249999999997,211.128875,1.0,0.84
0.9482860936466714,0.054120634725432624,-0.3127684187205446,0.0,0.04884447316968181,-0.998501108918429,-0.024685929318598258,0.0,-0.3136356871554467,0.008132316220990412,-0.9495083798445043,0.0,522.2943,-2.673407142857143,210.02367857142858,1.0,0.88
0.9487147223275955,0.055308165497763274,-0.31125711475585405,0.0,0.049740644369688884,-0.9984285895742481,-0.02580365753738791,0.0,-0.312195216030513,0.008998182008144255,-0.9499751516660797,0.0,523.97295,-2.7397892857142856,208.91848214285713,1.0,0.92
0.9491400253705916,0.05649425621655143,-0.3097437417630955,0.0,0.05063845514762051,-0.9983539644837777,-0.026919930451556235,0.0,-0.3107547801033439,0.009865840885888114,-0.9504386913855407,0.0,525.6515999999999,-2.8061714285714285,207.8132857142857,1.0,0.96
0.9495620008661085,0.05767890155641455,-0.3082283065371037,0.0,0.0515379014724309,-0.998277233982074,-0.028034743049192963,0.0,-0.3093143858412967,0.010735288958554025,-0.9508989969216585,0.0,527.33025,-2.8725535714285715,206.70808928571427,1.0,1.0
0.9499806469195347,0.058862096198459536,-0.30671081588197235,0.0,0.052438979305731014,-0.9981983984136465,-0.029148090324944285,0.0,-0.3078740397115417,0.011606522322440964,-0.9513560662077251,0.0,529.0088999999999,-2.9389357142857144,205.60289285714285,1.0,1.04
0.9503959616512072,0.060043834830306814,-0.30519127661102363,0.0,0.05334168460180649,-0.998117458132456,-0.030259967280035605,0.0,-0.3064337481810329,0.012479537065832052,-0.9518098971915631,0.0,530.68755,-3.005317857142857,204.49769642857143,1.0,1.08
0.9508079431964211,0.06122411214611403,-0.30366969554677803,0.0,0.054246013307635906,-0.9980344135019128,-0.031370368922293806,0.0,-0.30499351771647926,0.013354329269012357,-0.952260487835534,0.0,532.3661999999999,-3.0717,203.39249999999998,1.0,1.12
0.9512165897054359,0.06240292284659993,-0.30214607952092304,0.0,0.055151961362909,-0.997949264894876,-0.032479290266169705,0.0,-0.3035533547843156,0.014230895004286396,-0.9527078361165489,0.0,534.04485,-3.138082142857143,202.28730357142857,1.0,1.16
0.951621899343486,0.06358026163906819,-0.300620435374283,0.0,0.05605952470004482,-0.9978620126936513,-0.03358672633276047,0.0,-0.30211326585067344,0.015109230335995772,-0.9531519400260756,0.0,535.7235,-3.2044642857142853,201.18210714285715,1.0,1.2
0.952023870290787,0.06475612323743116,-0.29909276995678835,0.0,0.05696869924421,-0.9977726572899883,-0.03469267214983199,0.0,-0.30067325738135203,0.015989331320536787,-0.9535927975701497,0.0,537.40215,-3.2708464285714287,200.0769107142857,1.0,1.24
0.9524225007425455,0.06593050236223351,-0.29756309012744464,0.0,0.05787948091333717,-0.9976811990850809,-0.03579712275184109,0.0,-0.2992333358417895,0.0168711940063783,-0.9540304067693818,0.0,539.0808,-3.337228571428571,198.97171428571428,1.0,1.28
0.9528177889089662,0.06710339374067614,-0.29603140275430184,0.0,0.058791865618143035,-0.9975876384895634,-0.036900073179958005,0.0,-0.2977935076970335,0.01775481443407927,-0.9544647656589673,0.0,540.7594499999999,-3.403610714285714,197.86651785714287,1.0,1.32
0.9532097330152598,0.06827479210663963,-0.2944977147144236,0.0,0.05970584926214699,-0.9974919759235102,-0.0380015184820885,0.0,-0.2963537794117126,0.018640188636306676,-0.9548958722886953,0.0,542.4381,-3.469992857142857,196.76132142857142,1.0,1.36
0.953598331301652,0.06944469220070798,-0.29296203289385603,0.0,0.060621427741689465,-0.9973942118164327,-0.03910145371289607,0.0,-0.2949141574500067,0.019527312637853376,-0.955323724722957,0.0,544.1167499999999,-3.5363749999999996,195.656125,1.0,1.4000000000000001
0.9539835820233901,0.07061308877019222,-0.29142436418759743,0.0,0.06153859694595023,-0.9972943466072783,-0.04019987393382432,0.0,-0.2934746482756185,0.0204161824556558,-0.955748321040754,0.0,545.7954,-3.6027571428571425,194.55092857142859,1.0,1.44
0.9543654834507522,0.07177997656915407,-0.2898847154995666,0.0,0.062457352756966934,-0.9971923807444278,-0.041296774213119024,0.0,-0.29203525835174426,0.021306794098811904,-0.9561696593357082,0.0,547.4740499999999,-3.6691392857142855,193.44573214285714,1.0,1.48
0.9547440338690538,0.07294535035842939,-0.28834309374257255,0.0,0.06337769104965348,-0.9970883146856938,-0.04239214962585028,0.0,-0.2905959941410449,0.022199143568599006,-0.9565877377160689,0.0,549.1527,-3.735521428571428,192.3405357142857,1.0,1.52
0.9551192315786561,0.07410920490565163,-0.2867995058382826,0.0,0.06429960769181889,-0.9969821488983185,-0.04348599525393455,0.0,-0.2891568621056168,0.02309322685849204,-0.9570025543047223,0.0,550.8313499999999,-3.801903571428571,191.23533928571428,1.0,1.56
0.9554910748949735,0.07527153498527553,-0.28525395871719217,0.0,0.06522309854418544,-0.9968738838589714,-0.04457830618615689,0.0,-0.287717868706963,0.0239890399541812,-0.9574141072391996,0.0,552.51,-3.868285714285714,190.13014285714286,1.0,1.6
0.9558595621484812,0.07643233537860054,-0.2837064593185933,0.0,0.06614815946040738,-0.9967635200537477,-0.045669077518192984,0.0,-0.28627902040596387,0.024886578833589967,-0.9578223946716853,0.0,554.1886499999999,-3.9346678571428564,189.0249464285714,1.0,1.6400000000000001
0.9562246916847225,0.07759160087379402,-0.2821570145905432,0.0,0.06707478628708977,-0.9966510579781653,-0.046758304352630946,0.0,-0.28484032366284856,0.025785839466893567,-0.9582274147690254,0.0,555.8672999999999,-4.001049999999999,187.91975,1.0,1.68
0.9565864618643165,0.07874932626591488,-0.28060563148983353,0.0,0.06800297486380683,-0.9965364981371636,-0.047845981798993596,0.0,-0.28340178493716567,0.026686817816536607,-0.9586291657127359,0.0,557.54595,-4.067432142857142,186.81455357142858,1.0,1.72
0.9569448710629654,0.079905506356937,-0.27905231698195915,0.0,0.06893272102312065,-0.9964198410451003,-0.04893210497376028,0.0,-0.28196341068775427,0.02758950983725134,-0.9590276456990111,0.0,559.2246,-4.133814285714285,185.70935714285713,1.0,1.76
0.9572999176714617,0.08106013595577222,-0.27749707804108625,0.0,0.06986402059060022,-0.9963010872257494,-0.05001666900038875,0.0,-0.2805252073727149,0.028493911476076064,-0.959422852938731,0.0,560.90325,-4.200196428571429,184.60416071428568,1.0,1.8
0.9576516000956953,0.08221320987829403,-0.2759399216500218,0.0,0.07079686938483977,-0.996180237212299,-0.05109966900933715,0.0,-0.2790871814493808,0.02940001867237298,-0.9598147856574699,0.0,562.5818999999999,-4.266578571428571,183.4989642857143,1.0,1.84
0.9579999167566612,0.08336472294736073,-0.27438085480018176,0.0,0.07173126321747776,-0.9960572915473491,-0.052181100138085884,0.0,-0.2776493393742886,0.030307827357846588,-0.9602034420955047,0.0,564.26055,-4.332960714285714,182.39376785714285,1.0,1.8800000000000001
0.9583448660904658,0.08451466999283848,-0.27281988449155964,0.0,0.07266719789321566,-0.9959322507829086,-0.05326095753115935,0.0,-0.27621168760314957,0.031217333456562014,-0.9605888205078216,0.0,565.9391999999999,-4.399342857142857,181.28857142857143,1.0,1.92
0.9586864465483342,0.08566304585162476,-0.2712570177326954,0.0,0.07360466920983683,-0.9958051154803932,-0.054339236340147784,0.0,-0.27477423259082046,0.03212853288496321,-0.9609709191641249,0.0,567.61785,-4.465724999999999,180.18337499999998,1.0,1.96
0.9590246565966184,0.08680984536767151,-0.26969226154064385,0.0,0.0745436729582251,-0.9956758862106226,-0.055415931723729175,0.0,-0.27333698079127466,0.03304142155189119,-0.9613497363488454,0.0,569.2964999999999,-4.532107142857143,179.07817857142857,1.0,2.0
0.9593594947168013,0.08795506339200806,-0.2681256229409428,0.0,0.07548420492238418,-0.9955445635538183,-0.056491038847690675,0.0,-0.27189993865757317,0.03395599535860272,-0.9617252703611457,0.0,570.97515,-4.598489285714285,177.97298214285715,1.0,2.04
0.9596909594055069,0.08909869478276465,-0.26655710896758217,0.0,0.07642626087945613,-0.9954111480996009,-0.05756455288495068,0.0,-0.27046311264183553,0.03487225019878837,-0.9620975195149309,0.0,572.6537999999999,-4.664871428571429,176.8677857142857,1.0,2.08
0.9600190491745045,0.09024073440519509,-0.2649867266629717,0.0,0.0773698365997405,-0.9952756404469872,-0.058636469015580235,0.0,-0.26902650919521115,0.03579018195859115,-0.9624664821388538,0.0,574.33245,-4.731253571428571,175.76258928571428,1.0,2.12
0.9603437625507166,0.09138117713170008,-0.2634144830779099,0.0,0.07831492784671341,-0.9951380412043878,-0.05970678242682477,0.0,-0.26759013476784976,0.036709786516625,-0.9628321565763233,0.0,576.0110999999999,-4.797635714285715,174.65739285714284,1.0,2.16
0.9606650980762256,0.09252001784185018,-0.2618403852715521,0.0,0.07926153037704634,-0.9949983509896042,-0.06077548831312572,0.0,-0.2661539958088733,0.03763105974399307,-0.9631945411855121,0.0,577.68975,-4.864017857142857,173.55219642857142,1.0,2.2
0.9609830543082791,0.09365725142240877,-0.2602644403113789,0.0,0.08020963994062545,-0.9948565704298259,-0.061842581876142104,0.0,-0.26471809876634605,0.0385539975043066,-0.9635536343393636,0.0,579.3684,-4.930400000000001,172.447,1.0,2.24
0.9612976298192981,0.094792872767355,-0.2586866552731643,0.0,0.08115925228057051,-0.994712700161628,-0.06290805832477195,0.0,-0.26328245008724643,0.039478595653703236,-0.9639094344255993,0.0,581.0470499999999,-4.996782142857143,171.34180357142856,1.0,2.2800000000000002
0.961608823196882,0.09592687677790675,-0.25710703724094397,0.0,0.08211036313325389,-0.9945667408309681,-0.06397191287517405,0.0,-0.26184705621743765,0.04040485004086561,-0.9642619398467265,0.0,582.7257,-5.063164285714285,170.2366071428571,1.0,2.32
0.9619166330438161,0.09705925836254349,-0.2555255933069835,0.0,0.08306296822832003,-0.9944186930931832,-0.06503414075078917,0.0,-0.2604119236016387,0.041332756507040234,-0.9646111490200446,0.0,584.4043499999999,-5.1295464285714285,169.13141071428572,1.0,2.36
0.9622210579780768,0.0981900124370292,-0.25394233057174653,0.0,0.08401706328870431,-0.9942685576129873,-0.06609473718236171,0.0,-0.25897705868339577,0.04226231088605588,-0.9649570603776529,0.0,586.083,-5.195928571428571,168.02621428571427,1.0,2.4
0.9625220966328382,0.09931913392443512,-0.25235725614386284,0.0,0.08497264403065242,-0.9941163350644677,-0.06715369740796097,0.0,-0.25754246790505314,0.043193509004342545,-0.9652996723664576,0.0,587.7616499999999,-5.2623107142857135,166.92101785714283,1.0,2.44
0.9628197476564786,0.1004466177551625,-0.2507703771400965,0.0,0.0859297061637396,-0.9939620261310824,-0.06821101667300257,0.0,-0.25610815770772416,0.04412634668094998,-0.9656389834481782,0.0,589.4403,-5.328692857142857,165.81582142857144,1.0,2.48
0.9631140097125865,0.10157245886696566,-0.2491817006853138,0.0,0.08688824539088967,-0.9938056315056574,-0.06926669023026993,0.0,-0.25467413453126236,0.04506081972756654,-0.9659749920993556,0.0,591.1189499999999,-5.395075,164.710625,1.0,2.52
0.9634048814799658,0.10269665220497426,-0.24759123391245152,0.0,0.0878482574083947,-0.9936471518903824,-0.07032071333993531,0.0,-0.25324040481423266,0.045996923948538035,-0.9663076968113569,0.0,592.7975999999999,-5.461457142857142,163.60542857142858,1.0,2.56
0.9636923616526432,0.10381919272171637,-0.24599898396248437,0.0,0.0888097379059341,-0.9934865879968092,-0.07137308126958136,0.0,-0.25180697499388244,0.046934655140886586,-0.9666370960903845,0.0,594.4762499999999,-5.527839285714285,162.50023214285713,1.0,2.6
0.9639764489398719,0.104940075377141,-0.2444049579843937,0.0,0.08977268256659383,-0.9933239405458475,-0.07242378929422226,0.0,-0.2503738515061124,0.04787400909432925,-0.9669631884574815,0.0,596.1548999999999,-5.594221428571428,161.3950357142857,1.0,2.64
0.96425714206614,0.10605929513864064,-0.24280916313513468,0.0,0.09073708706688625,-0.9931592102677611,-0.07347283269632483,0.0,-0.24894104078544807,0.048814981591297366,-0.9672859724485383,0.0,597.83355,-5.66060357142857,160.28983928571427,1.0,2.68
0.9645344397711743,0.10717684698107402,-0.24121160657960453,0.0,0.09170294707676901,-0.9929923979021669,-0.07452020676582995,0.0,-0.24750854926501056,0.04975756840695502,-0.9676054466142997,0.0,599.5121999999999,-5.726985714285714,159.18464285714285,1.0,2.72
0.9648083408099464,0.10829272588678862,-0.23961229549061042,0.0,0.09267025825966478,-0.9928235041980288,-0.07556590680017349,0.0,-0.24607638337648782,0.050701765309218313,-0.967921609520371,0.0,601.19085,-5.793367857142857,158.07944642857143,1.0,2.7600000000000002
0.9650788439526787,0.10940692684564304,-0.238011237048837,0.0,0.09363901627248074,-0.9926525299136562,-0.07660992810430749,0.0,-0.24464454955010587,0.051647568058774296,-0.9682344597472246,0.0,602.8694999999999,-5.859749999999999,156.97424999999998,1.0,2.8000000000000003
0.9653459479848497,0.11051944485502982,-0.23640843844281428,0.0,0.0946092167656279,-0.9924794758166997,-0.07765226599072135,0.0,-0.24321305421459966,0.05259497240909999,-0.9685439958902066,0.0,604.54815,-5.926132142857141,155.86905357142857,1.0,2.84
0.9656096517071995,0.11163027491989747,-0.2348039068688854,0.0,0.09558085538304086,-0.9923043426841485,-0.07869291577946264,0.0,-0.24178190379718453,0.053543974106481436,-0.9688502165595425,0.0,606.2267999999999,-5.992514285714285,154.76385714285715,1.0,2.88
0.9658699539357348,0.1127394120527734,-0.23319764953117422,0.0,0.09655392776219711,-0.9921271313023257,-0.07973187279815841,0.0,-0.24035110472352697,0.05449456889003281,-0.9691531203803442,0.0,607.90545,-6.058896428571429,153.6586607142857,1.0,2.92
0.966126853501735,0.11384685127378581,-0.23158967364155328,0.0,0.09752842953413683,-0.9919478424668859,-0.08076913238203585,0.0,-0.23892066341771626,0.05544675249171556,-0.9694527059926155,0.0,609.5840999999999,-6.125278571428571,152.55346428571426,1.0,2.96
0.9663803492517566,0.11495258761068645,-0.2299799864196109,0.0,0.0985043563234824,-0.9917664769828113,-0.08180468987394356,0.0,-0.23749058630223507,0.056400520636357504,-0.9697489720512587,0.0,611.2627499999999,-6.191660714285714,151.44826785714287,1.0,3.0
0.9666304400476389,0.11605661609887277,-0.2283685950926192,0.0,0.09948170374845804,-0.9915830356644075,-0.08283854062437221,0.0,-0.23606087979793114,0.05735586904167219,-0.9700419172260802,0.0,612.9413999999999,-6.258042857142856,150.34307142857142,1.0,3.04
0.9668771247665088,0.11715893178141018,-0.22675550689550142,0.0,0.10046046742090958,-0.9913975193353006,-0.0838706799914755,0.0,-0.234631550323988,0.05831279341827792,-0.9703315402017971,0.0,614.62005,-6.324425,149.23787499999997,1.0,3.08
0.9671204023007864,0.11825952970905425,-0.2251407290707996,0.0,0.10144064294632407,-0.9912099288284331,-0.08490110334109098,0.0,-0.23320260429789666,0.059271289469717124,-0.9706178396780422,0.0,616.2986999999999,-6.390807142857142,148.13267857142858,1.0,3.12
0.9673602715581893,0.11935840494027324,-0.2235242688686417,0.0,0.10242222592384952,-0.9910202649860606,-0.08592980604676097,0.0,-0.23177404813542615,0.060231352892475734,-0.9709008143693707,0.0,617.9773499999999,-6.457189285714285,147.02748214285714,1.0,3.16
0.9675967314617377,0.1204555525412699,-0.22190613354670993,0.0,0.10340521194631468,-0.9908285286597468,-0.08695678348975312,0.0,-0.2303458882505954,0.061192979376002224,-0.9711804630052656,0.0,619.656,-6.523571428571428,145.92228571428572,1.0,3.2
0.9678297809497598,0.12155096758600395,-0.22028633037020676,0.0,0.10438959660024878,-0.9906347207103617,-0.08798203105908141,0.0,-0.2289181310556438,0.06215616460272729,-0.9714567843301433,0.0,621.3346499999999,-6.589953571428571,144.81708928571427,1.0,3.24
0.9680594189758953,0.12264464515621387,-0.2186648666118237,0.0,0.10537537546590153,-0.9904388420080762,-0.08900554415152656,0.0,-0.22749078296100297,0.063120904248083,-0.9717297771033594,0.0,623.0133,-6.656335714285713,143.71189285714286,1.0,3.2800000000000002
0.9682856445091016,0.1237365803414394,-0.2170417495517077,0.0,0.10636254411726265,-0.990240893432358,-0.09002731817165702,0.0,-0.2260638503752676,0.06408719398052232,-0.9719994400992144,0.0,624.6919499999999,-6.722717857142856,142.6066964285714,1.0,3.3200000000000003
0.9685084565336577,0.1248267682390431,-0.2154169864774292,0.0,0.107351098122082,-0.9900408758719689,-0.09104734853184929,0.0,-0.2246373397051668,0.06505502946153856,-0.9722657721069587,0.0,626.3706,-6.789099999999999,141.5015,1.0,3.36
0.9687278540491683,0.12591520395423272,-0.21379058468394854,0.0,0.10834103304188944,-0.98983879022496,-0.09206563065230872,0.0,-0.22321125735553538,0.06602440634568484,-0.9725287719307987,0.0,628.0492499999999,-6.8554821428571415,140.39630357142858,1.0,3.4
0.9689438360705689,0.1270018826000831,-0.21216255147358398,0.0,0.1093323444320146,-0.9896346373986679,-0.09308215996109,0.0,-0.22178560972928507,0.06699532028059359,-0.9727884383899016,0.0,629.7279,-6.9218642857142845,139.29110714285713,1.0,3.44
0.9691564016281305,0.12808679929755798,-0.21053289415597848,0.0,0.11032502784160705,-0.9894284183097102,-0.09409693189411772,0.0,-0.2203604032273757,0.06796776690699598,-0.9730447703184013,0.0,631.4065499999999,-6.9882464285714265,138.18591071428568,1.0,3.48
0.9693655497674631,0.12916994917553218,-0.2089016200480672,0.0,0.11131907881365609,-0.9892201338839821,-0.09510994189520687,0.0,-0.2189356442487865,0.06894174185874181,-0.9732977665654029,0.0,633.0852,-7.054628571428571,137.0807142857143,1.0,3.52
0.9695712795495207,0.13025132737081302,-0.2072687364740441,0.0,0.11231449288501102,-0.9890097850566518,-0.09612118541608315,0.0,-0.21751133919048743,0.06991724076281884,-0.9735474259949882,0.0,634.7638499999999,-7.121010714285714,135.97551785714285,1.0,3.56
0.9697735900506051,0.1313309290281627,-0.20563425076532987,0.0,0.11331126558640076,-0.9887973727721563,-0.09713065791640368,0.0,-0.21608749444741038,0.07089425923937236,-0.9737937474862214,0.0,636.4424999999999,-7.187392857142857,134.8703214285714,1.0,3.6
0.9699724803623703,0.13240874930031965,-0.2039981702605382,0.0,0.11430939244245446,-0.9885828979841971,-0.09813835486377705,0.0,-0.2146641164124206,0.07187279290172521,-0.9740367299331529,0.0,638.12115,-7.253775,133.765125,1.0,3.64
0.9701679495918262,0.13348478334802055,-0.20236050230544347,0.0,0.115308868971721,-0.9883663616557364,-0.09914427173378393,0.0,-0.21324121147628772,0.07285283735639703,-0.9742763722448254,0.0,639.7998,-7.320157142857142,132.65992857142857,1.0,3.68
0.9703599968613433,0.13455902634002195,-0.2007212542529473,0.0,0.1163096906866897,-0.988147764758992,-0.10014840400999729,0.0,-0.21181878602765725,0.07383438820312441,-0.9745126733452781,0.0,641.4784499999998,-7.386539285714285,131.55473214285712,1.0,3.72
0.970548621308656,0.13563147345312207,-0.1990804334630457,0.0,0.11731185309380998,-0.987927108275434,-0.10115074718400269,0.0,-0.21039684645302198,0.07481744103488032,-0.9747456321735521,0.0,643.1570999999999,-7.452921428571428,130.44953571428573,1.0,3.7600000000000002
0.9707338220868669,0.13670211987218228,-0.19743804730279635,0.0,0.11831535169351183,-0.9877043931957791,-0.10215129675541848,0.0,-0.20897539913669308,0.07580199143789408,-0.9749752476836946,0.0,644.83575,-7.519303571428571,129.34433928571428,1.0,3.8000000000000003
0.97091559836445,0.1377709607901488,-0.19579410314628476,0.0,0.11932018198022594,-0.9874796205199871,-0.10315004823191598,0.0,-0.2075544504607716,0.07678803499167118,-0.9752015188447635,0.0,646.5143999999999,-7.585685714285714,128.23914285714284,1.0,3.84
0.971093949325255,0.1388379914080744,-0.19414860837459208,0.0,0.12032633944240381,-0.987252791257256,-0.1041469971292398,0.0,-0.2061340068051197,0.0777755672690129,-0.975424444640833,0.0,648.1930499999999,-7.652067857142856,127.13394642857142,1.0,3.88
0.971268874168511,0.13990320693513977,-0.19250157037576124,0.0,0.12133381956253822,-0.9870239064260179,-0.10514213897122787,0.0,-0.20471407454733226,0.07876458383603656,-0.9756440240709972,0.0,649.8716999999999,-7.718449999999999,126.02874999999999,1.0,3.92
0.9714403721088298,0.1409666025886752,-0.19085299654476404,0.0,0.12234261781718334,-0.9867929670539337,-0.10613546928983153,0.0,-0.20329466006270777,0.07975508025219506,-0.9758602561493749,0.0,651.55035,-7.784832142857143,124.92355357142857,1.0,3.96
0.9716084423762094,0.14202817359418177,-0.18920289428346818,0.0,0.12335272967697507,-0.9865599741778893,-0.10712698362513555,0.0,-0.20187576972422022,0.08074705207029705,-0.9760731399051141,0.0,653.2289999999999,-7.851214285714286,123.81835714285712,1.0,4.0
0.9717730842160375,0.14308791518535316,-0.18755127100060354,0.0,0.12436415060665144,-0.9863249288439904,-0.10811667752537829,0.0,-0.20045740990249017,0.08174049483652684,-0.9762826743823964,0.0,654.9076499999999,-7.917596428571429,122.71316071428572,1.0,4.04
0.9719342968890954,0.14414582260409683,-0.18589813411172934,0.0,0.12537687606507303,-0.9860878321075577,-0.1091045465469716,0.0,-0.19903958696575627,0.08273540409046443,-0.9764888586404409,0.0,656.5862999999999,-7.983978571428571,121.60796428571429,1.0,4.08
0.9720920796715603,0.14520189110055534,-0.18424349103920057,0.0,0.12639090150524307,-0.9858486850331226,-0.11009058625452077,0.0,-0.1976223072798465,0.08373177536510537,-0.9766916917535091,0.0,658.26495,-8.050360714285715,120.50276785714284,1.0,4.12
0.9722464318550096,0.14625611593312784,-0.18258734921213488,0.0,0.12740622237432825,-0.9856074886944225,-0.11107479222084445,0.0,-0.19620557720814985,0.08472960418688107,-0.9768911728109084,0.0,659.9436,-8.116742857142857,119.39757142857142,1.0,4.16
0.9723973527464231,0.14730849236849125,-0.18092971606637911,0.0,0.1284228341136788,-0.9853642441743953,-0.11205716002699449,0.0,-0.19478940311158774,0.08572888607567863,-0.9770873009169968,0.0,661.6222499999999,-8.183125,118.29237499999999,1.0,4.2
0.9725448416681876,0.14835901568162144,-0.1792705990444757,0.0,0.12944073215884927,-0.9851189525651749,-0.11303768526227592,0.0,-0.19337379134858493,0.08672961654486125,-0.9772800751911858,0.0,663.3009,-8.24950714285714,117.18717857142857,1.0,4.24
0.9726888979580977,0.14940768115581474,-0.1776100055956298,0.0,0.13045991193961873,-0.9848716149680871,-0.11401636352426663,0.0,-0.19195874827504184,0.08773179110128802,-0.9774694947679462,0.0,664.9795499999999,-8.315889285714285,116.08198214285714,1.0,4.28
0.9728295209693612,0.15045448408270878,-0.17594794317567544,0.0,0.13148036888001155,-0.9846222324936429,-0.1149931904188371,0.0,-0.19054428024430523,0.08873540524533437,-0.9776555587968102,0.0,666.6582,-8.382271428571428,114.9767857142857,1.0,4.32
0.9729667100705998,0.15149941976230377,-0.17428441924704183,0.0,0.1325020983983178,-0.9843708062615352,-0.11596816156017023,0.0,-0.18913039360714018,0.08974045447091222,-0.9778382664423761,0.0,668.3368499999999,-8.44865357142857,113.87158928571428,1.0,4.36
0.9731004646458536,0.15254248350298363,-0.1726194412787206,0.0,0.13352509590711384,-0.9841173374006327,-0.116941272570781,0.0,-0.1877170947117013,0.09074693426549012,-0.978017616884312,0.0,670.0155,-8.515035714285712,112.76639285714285,1.0,4.4
0.9732307840945835,0.15358367062153705,-0.17095301674623156,0.0,0.1345493568132828,-0.9838618270489755,-0.11791251908153615,0.0,-0.18630438990350442,0.09175484011011353,-0.9781936093173594,0.0,671.6941499999999,-8.581417857142856,111.66119642857143,1.0,4.44
0.973357667831673,0.15462297644317843,-0.1692851531315893,0.0,0.13557487651803568,-0.9836042763537695,-0.11888189673167371,0.0,-0.18489228552539783,0.09276416747942522,-0.9783662429513367,0.0,673.3727999999999,-8.6478,110.55599999999998,1.0,4.48
0.9734811152874316,0.15566039630156905,-0.16761585792326986,0.0,0.13660165041693131,-0.9833446864713816,-0.11984940116882269,0.0,-0.18348078791753414,0.09377491184168545,-0.9785355170111427,0.0,675.0514499999999,-8.714182142857142,109.45080357142855,1.0,4.5200000000000005
0.9736011259075977,0.1566959255388377,-0.16594513861617713,0.0,0.13762967389989741,-0.9830830585673345,-0.12081502804902249,0.0,-0.18206990341734153,0.0947870686587924,-0.9787014307367605,0.0,676.7300999999999,-8.780564285714284,108.34560714285713,1.0,4.5600000000000005
0.97371769915334,0.15772955950560202,-0.16427300271160838,0.0,0.13865894235125145,-0.9828193938163009,-0.12177877303674248,0.0,-0.18065963835949556,0.09580063338630258,-0.9788639833832605,0.0,678.4087499999998,-8.846946428571428,107.24041071428572,1.0,4.6000000000000005
0.9738308345012611,0.158761293560989,-0.16259945771722187,0.0,0.13968945114972098,-0.9825536934020991,-0.12274063180490166,0.0,-0.1792499990758904,0.0968156014734511,-0.979023174220804,0.0,680.0873999999999,-8.91332857142857,106.13521428571426,1.0,4.64
0.9739405314433985,0.15979112307265603,-0.16092451114700207,0.0,0.1407211956684646,-0.9822859585176867,-0.12370060003488757,0.0,-0.17784099189561073,0.09783196836317219,-0.9791790025346461,0.0,681.76605,-8.979710714285712,105.03001785714284,1.0,4.68
0.9740467894872289,0.16081904341681166,-0.15924817052122653,0.0,0.14175417127509274,-0.9820161903651566,-0.12465867341657631,0.0,-0.17643262314490302,0.09884972949211969,-0.9793314676251393,0.0,683.4446999999999,-9.046092857142856,103.92482142857142,1.0,4.72
0.9741496081556676,0.16184504997823626,-0.1575704433664319,0.0,0.14278837333168823,-0.9817443901557302,-0.12561484764835137,0.0,-0.17502489914714742,0.09986888029068745,-0.9794805688077367,0.0,685.1233499999998,-9.112474999999998,102.819625,1.0,4.76
0.9742489869870739,0.16286913815030282,-0.15589133721537998,0.0,0.14382379719482774,-0.9814705591097527,-0.12656911843712332,0.0,-0.17361782622282912,0.10088941618302996,-0.9796263054129944,0.0,686.8019999999999,-9.17885714285714,101.71442857142858,1.0,4.8
0.97434492553525,0.16389130333499782,-0.15421085960702435,0.0,0.14486043821560163,-0.9811946984566873,-0.12752148149834877,0.0,-0.17221141068951024,0.10191133258708274,-0.9797686767865756,0.0,688.48065,-9.245239285714284,100.60923214285714,1.0,4.84
0.9744374233694454,0.1649115409429413,-0.15252901808647595,0.0,0.14589829173963598,-0.9809168094351101,-0.12847193255604986,0.0,-0.17080565886180113,0.10293462491458315,-0.9799076822892524,0.0,690.1592999999999,-9.311621428571428,99.50403571428569,1.0,4.88
0.9745264800743576,0.16592984639340833,-0.15084582020496962,0.0,0.14693735310711234,-0.9806368932927043,-0.12942046734283336,0.0,-0.16940057705133232,0.10395928857109066,-0.9800433212969095,0.0,691.8379499999999,-9.378003571428572,98.39883928571427,1.0,4.92
0.9746120952501346,0.16694621511434876,-0.14916127351983016,0.0,0.14797761765278966,-0.9803549512862545,-0.1303670815999098,0.0,-0.16799617156672592,0.10498531895600782,-0.9801755932005466,0.0,693.5165999999999,-9.444385714285715,97.29364285714286,1.0,4.96
0.974694268512376,0.16796064254240817,-0.14747538559443824,0.0,0.14901908070602451,-0.980070984681641,-0.13131177107711267,0.0,-0.16659244871356754,0.10601271146260065,-0.980304497406281,0.0,695.19525,-9.510767857142856,96.18844642857141,1.0,5.0
0.9747729994921349,0.16897312412294827,-0.14578816399819655,0.0,0.1500617375907924,-0.9797849947538345,-0.1322545315329173,0.0,-0.16518941479437793,0.10704146147801952,-0.9804300333353511,0.0,696.8738999999999,-9.57715,95.08324999999999,1.0,5.04
0.9748482878359206,0.1699836553100674,-0.14409961630649565,0.0,0.15110558362570878,-0.9794969827868903,-0.13319535873446026,0.0,-0.16378707610858442,0.10807156438331968,-0.9805522004241175,0.0,698.5525499999999,-9.643532142857143,93.97805357142857,1.0,5.08
0.974920133205699,0.17099223156662097,-0.14240975010068022,0.0,0.15215061412404993,-0.9792069500739419,-0.13413424845755814,0.0,-0.16238543895249294,0.10910301555348222,-0.9806709981240677,0.0,700.2311999999998,-9.709914285714284,92.87285714285716,1.0,5.12
0.9749885352788942,0.1719988483642415,-0.14071857296801477,0.0,0.1531968243937739,-0.9789148979171958,-0.13507119648672633,0.0,-0.1609845096192599,0.11013581035743453,-0.9807864259018158,0.0,701.9098499999999,-9.776296428571428,91.76766071428571,1.0,5.16
0.97505349374839,0.17300350118335947,-0.1390260925016498,0.0,0.15424420973754216,-0.9786208276279257,-0.1360061986151984,0.0,-0.15958429439886307,0.11116994415807151,-0.9808984832391073,0.0,703.5885,-9.842678571428571,90.66246428571426,1.0,5.2
0.9751150083225323,0.17400618551322317,-0.13733231630058762,0.0,0.15529276545273968,-0.9783247405264663,-0.13693925064494458,0.0,-0.15818479957807463,0.11220541231227588,-0.9810071696328204,0.0,705.2671499999999,-9.909060714285715,89.55726785714288,1.0,5.24
0.975173078725129,0.1750068968519193,-0.135637251969648,0.0,0.1563424868314971,-0.9780266379422079,-0.1378703483866909,0.0,-0.1567860314404318,0.11324221017093952,-0.9811124845949684,0.0,706.9457999999998,-9.975442857142856,88.45207142857143,1.0,5.28
0.9752277046954523,0.17600563070639286,-0.13394090711943457,0.0,0.15739336916071117,-0.9777265212135894,-0.13879948765993777,0.0,-0.1553879962662094,0.11428033307898401,-0.9812144276527016,0.0,708.6244499999999,-10.041825,87.34687500000001,1.0,5.32
0.9752788859882391,0.17700238259246762,-0.1322432893662999,0.0,0.15844540772206614,-0.9774243916880933,-0.13972666429297897,0.0,-0.15399070033239104,0.11531977637538167,-0.9813129983483098,0.0,710.3030999999999,-10.10820714285714,86.24167857142857,1.0,5.36
0.9753266223736923,0.17799714803486594,-0.13054440633231199,0.0,0.15949859779205508,-0.9771202507222391,-0.14065187412292005,0.0,-0.15259414991264153,0.1163605353931765,-0.9814081962392244,0.0,711.9817499999999,-10.174589285714283,85.13648214285712,1.0,5.4
0.9753709136374825,0.17898992256722923,-0.1288442656452199,0.0,0.16055293464200068,-0.9768140996815778,-0.14157511299569747,0.0,-0.1511983512772783,0.11740260545950489,-0.98150002089802,0.0,713.6603999999999,-10.240971428571427,84.0312857142857,1.0,5.44
0.9754117595807478,0.17998070173213765,-0.127142874938419,0.0,0.16160841353807706,-0.9765059399406848,-0.14249637676609686,0.0,-0.14980331069324326,0.11844598189561716,-0.9815884719124166,0.0,715.3390499999999,-10.307353571428571,82.92608928571428,1.0,5.48
0.9754491600200956,0.1809694810811304,-0.12544024185091746,0.0,0.16266502974133046,-0.9761957728831544,-0.14341566129777186,0.0,-0.148409034424075,0.11949066001689791,-0.9816735488852815,0.0,717.0176999999999,-10.373735714285715,81.82089285714284,1.0,5.5200000000000005
0.9754831147876033,0.18195625617472544,-0.1237363740273011,0.0,0.16372277850770098,-0.975883599901594,-0.1443329624632626,0.0,-0.14701552872988022,0.12053663513288755,-0.9817552514346309,0.0,718.6963499999999,-10.440117857142855,80.71569642857142,1.0,5.5600000000000005
0.9755136237308186,0.18294102258243972,-0.12203127911770016,0.0,0.16478165508804338,-0.9755694223976168,-0.1452482761440142,0.0,-0.1456227998673062,0.12158390254730286,-0.9818335791936317,0.0,720.3749999999999,-10.506499999999999,79.6105,1.0,5.6000000000000005
0.9755406867127605,0.18392377588280884,-0.12032496477775373,0.0,0.16584165472814907,-0.9752532417818359,-0.14616159823039537,0.0,-0.14423085408951183,0.12263245755805885,-0.981908531810603,0.0,722.0536499999998,-10.572882142857143,78.50530357142858,1.0,5.64
0.9755643036119203,0.18490451166340696,-0.11861743866857632,0.0,0.16690277266876677,-0.9749350594738588,-0.14707292462171687,0.0,-0.14283969764614043,0.12368229545728901,-0.9819801089490183,0.0,723.7322999999999,-10.639264285714283,77.40010714285714,1.0,5.68
0.975584474322261,0.18588322552086653,-0.11690870845672303,0.0,0.16796500414562426,-0.9746148769022794,-0.14798225122624958,0.0,-0.14144933678329136,0.12473341153136697,-0.9820483102875058,0.0,725.41095,-10.705646428571427,76.29491071428572,1.0,5.72
0.9756011987532192,0.18685991306089836,-0.1151987818141552,0.0,0.16902834438944983,-0.9742926955046733,-0.1488895739612435,0.0,-0.1400597777434917,0.12578580106092754,-0.9821131355198512,0.0,727.0895999999999,-10.77202857142857,75.1897142857143,1.0,5.76
0.9756144768297043,0.18783456989831104,-0.11348766641820582,0.0,0.17009278862599345,-0.9739685167275902,-0.14979488875294547,0.0,-0.1386710267656684,0.126839459320888,-0.9821745843549982,0.0,728.7682499999999,-10.838410714285715,74.0845178571428,1.0,5.8
0.9756243084920997,0.18880719165703064,-0.1117753699515457,0.0,0.17115833207604816,-0.9736423420265478,-0.15069819153661784,0.0,-0.13728309008512077,0.12789438158046892,-0.9822326565170499,0.0,730.4468999999999,-10.904792857142859,72.97932142857141,1.0,5.84
0.9756306936962624,0.18977777397012066,-0.11006190010214781,0.0,0.17222496995547215,-0.973314172866025,-0.15159947825655656,0.0,-0.13589597393349154,0.12895056310321604,-0.9822873517452705,0.0,732.1255499999999,-10.971175000000002,71.87412499999999,1.0,5.88
0.9756336324135242,0.1907463124798012,-0.10834726456325411,0.0,0.17329269747520917,-0.972984010719456,-0.15249874486610945,0.0,-0.13450968453873977,0.13000799914702083,-0.982338669794086,0.0,733.8041999999999,-11.037557142857143,70.76892857142855,1.0,5.92
0.9756331246306902,0.19171280283746897,-0.10663147103333989,0.0,0.17436150984131116,-0.9726518570692227,-0.1533959873276943,0.0,-0.13312422812511213,0.13106668496414237,-0.9823866104330855,0.0,735.4828499999999,-11.103939285714286,69.66373214285713,1.0,5.96
0.9756291703500406,0.1926772407037163,-0.10491452721607991,0.0,0.1754314022549589,-0.9723177134066492,-0.15429120161281704,0.0,-0.13173961091311553,0.13212661580122845,-0.9824311734470221,0.0,737.1614999999998,-11.170321428571427,68.55853571428574,1.0,6.0
0.9756217695893293,0.19363962174835136,-0.10319644082031336,0.0,0.17650236991248408,-0.9719815812319941,-0.1551843837020899,0.0,-0.13035583911948917,0.1331877868993367,-0.9824723586358143,0.0,738.8401499999998,-11.23670357142857,67.45333928571429,1.0,6.04
0.9756109223817848,0.19459994165041672,-0.10147721956000957,0.0,0.17757440800539076,-0.9716434620544439,-0.15607552958524926,0.0,-0.12897291895717594,0.1342501934939564,-0.9825101658145459,0.0,740.5187999999998,-11.30308571428571,66.34814285714285,1.0,6.08
0.9755966287761096,0.19555819609820949,-0.09975687115423326,0.0,0.17864751172037657,-0.9713033573921068,-0.15696463526117396,0.0,-0.12759085663529554,0.13531383081502926,-0.9825445948134683,0.0,742.1974499999999,-11.369467857142855,65.24294642857146,1.0,6.12
0.97557888883648,0.1965143807893003,-0.09803540332710978,0.0,0.17972167623935506,-0.9709612687720057,-0.157851696737903,0.0,-0.12620965835911557,0.13637869408697173,-0.9825756454779999,0.0,743.8761,-11.435849999999999,64.13774999999998,1.0,6.16
0.9755577026425457,0.19746849143055256,-0.09631282380779066,0.0,0.18079689673947663,-0.9706171977300709,-0.15873671003265347,0.0,-0.12482933033002483,0.1374447785286954,-0.9826033176687275,0.0,745.55475,-11.502232142857142,63.03255357142854,1.0,6.2
0.9755330702894301,0.19842052373814212,-0.09458914033041882,0.0,0.1818731683931506,-0.9702711458111337,-0.15961967117183867,0.0,-0.12344987874550428,0.13851207935362916,-0.9826276112614071,0.0,747.2333999999998,-11.568614285714283,61.92735714285715,1.0,6.24
0.9755049918877287,0.19937047343757602,-0.09286436063409352,0.0,0.1829504863680666,-0.969923114568919,-0.1605005761910856,0.0,-0.12207130979909996,0.13958059176974064,-0.9826485261469634,0.0,748.9120499999999,-11.634996428571426,60.8221607142857,1.0,6.28
0.9754734675635099,0.20031833626371215,-0.09113849246283606,0.0,0.1840288458272167,-0.9695731055660388,-0.16137942113525314,0.0,-0.12069362968039492,0.14065031097955752,-0.9826660622314918,0.0,750.5906999999999,-11.70137857142857,59.71696428571428,1.0,6.32
0.9754384974583132,0.20126410796077798,-0.08941154356555499,0.0,0.1851082419289166,-0.9692211203739849,-0.16225620205844954,0.0,-0.11931684457498173,0.14172123218018895,-0.9826802194362575,0.0,752.2693499999999,-11.767760714285714,58.611767857142866,1.0,6.36
0.9754000817291499,0.20220778428239003,-0.08768352169601093,0.0,0.18618866982682772,-0.9688671605731219,-0.16313091502405022,0.0,-0.11794096066443414,0.1427933505633476,-0.9826909976976967,0.0,753.9479999999999,-11.834142857142854,57.50657142857145,1.0,6.4
0.9753582205485011,0.2031493609915726,-0.0859544346127821,0.0,0.1872701246699788,-0.9685112277526804,-0.16400355610471543,0.0,-0.11656598412628001,0.14386666131537074,-0.9826983969674167,0.0,755.6266499999999,-11.900524999999998,56.401375,1.0,6.44
0.9753129141043179,0.20408883386077709,-0.08422429007922924,0.0,0.18835260160278797,-0.968153323510749,-0.16487412138240798,0.0,-0.11519192113397272,0.14494115961724227,-0.9827024172121954,0.0,757.3052999999999,-11.966907142857142,55.296178571428555,1.0,6.48
0.9752641626000192,0.20502619867190064,-0.0824930958634612,0.0,0.18943609576508397,-0.9677934494542679,-0.1657426069484105,0.0,-0.11381877785686467,0.14601684064461393,-0.9827030584139829,0.0,758.9839499999998,-12.033289285714286,54.19098214285714,1.0,6.5200000000000005
0.9752119662544934,0.20596145121630557,-0.08076085973829958,0.0,0.19052060229212844,-0.9674316071990223,-0.16660900890334357,0.0,-0.11244656046017824,0.1470936995678273,-0.9827003205698999,0.0,760.6625999999999,-12.099671428571426,53.08578571428569,1.0,6.5600000000000005
0.9751563253020944,0.20689458729483787,-0.07902758948124386,0.0,0.19160611631463786,-0.967067798369633,-0.16747332335718274,0.0,-0.11107527510497901,0.14817173155193547,-0.9826942036922391,0.0,762.34125,-12.16605357142857,51.980589285714274,1.0,6.6000000000000005
0.9750972399926424,0.207825602717846,-0.07729329287443695,0.0,0.19269263295880484,-0.9667020245995516,-0.168335546429276,0.0,-0.10970492794814789,0.1492509317567244,-0.9826847078084646,0.0,764.0198999999999,-12.23243571428571,50.875392857142856,1.0,6.640000000000001
0.9750347105914223,0.20875449330520018,-0.07555797770462964,0.0,0.1937801473463207,-0.9663342875310512,-0.16919567424836174,0.0,-0.10833552514235306,0.15033129533673514,-0.9826718329612114,0.0,765.6985499999998,-12.298817857142854,49.77019642857144,1.0,6.68
0.9749687373791824,0.20968125488631054,-0.0738216517631461,0.0,0.19486865459439684,-0.9659645888152203,-0.17005370295258526,0.0,-0.10696707283602312,0.15141281744128532,-0.9826555792082858,0.0,767.3771999999999,-12.365199999999998,48.66499999999999,1.0,6.72
0.9748993206521331,0.21060588330014632,-0.07208432284584872,0.0,0.19595814981578683,-0.9655929301119549,-0.170909628689517,0.0,-0.10559957717331887,0.1524954932144907,-0.982635946622665,0.0,769.0558499999999,-12.431582142857142,47.559803571428574,1.0,6.76
0.9748264607219462,0.21152837439525435,-0.07034599875310285,0.0,0.19704862811880847,-0.9652193130899506,-0.1717634476161692,0.0,-0.10423304429410586,0.15357931779528766,-0.9826129352924964,0.0,770.7344999999998,-12.497964285714282,46.45460714285716,1.0,6.8
0.9747501579157524,0.21244872402977785,-0.06860668728974238,0.0,0.19814008460736565,-0.9648437394266962,-0.17261515589901352,0.0,-0.10286748033392691,0.1546642863174542,-0.9825865453210978,0.0,772.4131499999999,-12.56434642857143,45.34941071428568,1.0,6.84
0.9746704125761406,0.2133669280714746,-0.06686639626503432,0.0,0.19923251438097023,-0.9644662108084654,-0.17346474971399803,0.0,-0.10150289142397463,0.15575039390963233,-0.9825567768269565,0.0,774.0917999999999,-12.63072857142857,44.244214285714264,1.0,6.88
0.9745872250611566,0.21428298239773605,-0.06512513349264364,0.0,0.20032591253476434,-0.9640867289303091,-0.1743122252465644,0.0,-0.1001392836910637,0.15683763569534986,-0.9825236299437289,0.0,775.7704499999999,-12.697110714285714,43.139017857142846,1.0,6.92
0.9745005957443007,0.2151968828956055,-0.06338290679059817,0.0,0.20142027415954203,-0.9637052954960483,-0.17515757869166526,0.0,-0.09877666325760345,0.15792600679304208,-0.9824871048202399,0.0,777.4490999999998,-12.763492857142854,42.0338214285714,1.0,6.96
0.9744105250145265,0.21610862546179666,-0.06163972398125406,0.0,0.2025155943417717,-0.9633219122182661,-0.17600080625378112,0.0,-0.09741503624157039,0.15901550231607406,-0.9824472016204823,0.0,779.1277499999999,-12.829874999999998,40.92862499999998,1.0,7.0
0.9743170132762389,0.2170182060027119,-0.05989559289125999,0.0,0.20361186816361773,-0.9629365808183001,-0.17684190414693715,0.0,-0.0960544087564807,0.16010611737276204,-0.9824039205236157,0.0,780.8063999999999,-12.896257142857142,39.823428571428565,1.0,7.04
0.9742200609492929,0.21792562043446106,-0.05815052135152228,0.0,0.20470909070296298,-0.962549303026235,-0.17768086859472076,0.0,-0.09469478691136281,0.16119784706639606,-0.9823572617239663,0.0,782.4850499999999,-12.962639285714285,38.71823214285715,1.0,7.08
0.9741196684689907,0.2188308646828794,-0.05640451719716988,0.0,0.20580725703343064,-0.9621600805808941,-0.17851769583029814,0.0,-0.09333617681073006,0.16229068649526124,-0.9823072254310259,0.0,784.1636999999998,-13.02902142857143,37.61303571428573,1.0,7.12
0.9740158362860807,0.2197339346835458,-0.054657588267518764,0.0,0.2069063622244064,-0.9617689152298322,-0.1793523820964311,0.0,-0.09197858455455302,0.16338463075266044,-0.9822538118694502,0.0,785.8423499999999,-13.09540357142857,36.50783928571431,1.0,7.16
0.9739085648667551,0.2206348263818015,-0.05290974240603741,0.0,0.20800640134106055,-0.9613758087293272,-0.1801849236454943,0.0,-0.09062201623823235,0.16447967492693585,-0.9821970212790587,0.0,787.521,-13.161785714285713,35.40264285714281,1.0,7.2
0.9737978546926477,0.22153353573276785,-0.051160987460310864,0.0,0.20910736944437022,-0.9609807628443731,-0.1810153167394917,0.0,-0.08926647795257159,0.1655758141014911,-0.9821368539148334,0.0,789.1996499999999,-13.228167857142857,34.29744642857142,1.0,7.24
0.9736837062608316,0.22243005870136467,-0.049411331282005984,0.0,0.2102092615911416,-0.9605837793486708,-0.18184355765007382,0.0,-0.0879119757837492,0.16667304335481367,-0.9820733100469174,0.0,790.8782999999999,-13.294550000000001,33.19225,1.0,7.28
0.9735661200838172,0.22332439126232828,-0.04766078172683623,0.0,0.21131207283403192,-0.960184860024621,-0.18266964265855376,0.0,-0.0865585158132919,0.16777135776049654,-0.9820063899606137,0.0,792.5569499999999,-13.360932142857141,32.08705357142853,1.0,7.32
0.9734450966895508,0.2242165294002298,-0.04590934665452574,0.0,0.2124157982215718,-0.9597840066633163,-0.18349356805592476,0.0,-0.08520610411804698,0.1688707523872605,-0.9819360939563844,0.0,794.2356,-13.427314285714285,30.981857142857137,1.0,7.36
0.97332063662141,0.22510646910949283,-0.04415703392877478,0.0,0.21352043279818775,-0.9593812210645324,-0.18431533014287615,0.0,-0.08385474677015504,0.16997122229897652,-0.9818624223498487,0.0,795.9142499999998,-13.493696428571425,29.87666071428572,1.0,7.4
0.9731927404382035,0.22599420639441167,-0.04240385141722422,0.0,0.21462597160422373,-0.9589765050367206,-0.18513492522981023,0.0,-0.08250444983702301,0.17107276255468737,-0.9817853754717817,0.0,797.5928999999999,-13.56007857142857,28.771464285714274,1.0,7.44
0.9730614087141676,0.22687973726916924,-0.040649806991420165,0.0,0.21573240967596405,-0.9585698603970002,-0.18595234963685897,0.0,-0.0811552193812965,0.17217536820863028,-0.9817049536681134,0.0,799.2715499999999,-13.626460714285713,27.666267857142856,1.0,7.48
0.972926642038963,0.22776305775785477,-0.038894908526778085,0.0,0.2168397420456556,-0.9581612889711486,-0.1867675996939002,0.0,-0.07980706146083295,0.17327903431025912,-0.9816211572999264,0.0,800.9501999999999,-13.692842857142857,26.561071428571466,1.0,7.5200000000000005
0.9727884410176736,0.22864416389448214,-0.03713916390254875,0.0,0.2179479637415296,-0.957750792593595,-0.1875806717405745,0.0,-0.07845998212867417,0.1743837559042663,-0.9815339867434549,0.0,802.6288499999998,-13.759225,25.455874999999992,1.0,7.5600000000000005
0.9726468062708028,0.22952305172300702,-0.0353825810017814,0.0,0.21905706978782472,-0.957338373107411,-0.18839156212630126,0.0,-0.07711398743301917,0.17548952803060533,-0.9814434423900825,0.0,804.3074999999999,-13.825607142857141,24.350678571428546,1.0,7.6000000000000005
0.972501738434271,0.23039971729734515,-0.0336251677112897,0.0,0.2201670552048087,-0.956924032364303,-0.18920026721029523,0.0,-0.07576908341719744,0.17659634572451277,-0.981349524646341,0.0,805.9861499999998,-13.891989285714285,23.245482142857128,1.0,7.640000000000001
0.9723532381594127,0.23127415668138984,-0.031866931921614966,0.0,0.22127791500880128,-0.9565077722246033,-0.1900067833615829,0.0,-0.07442527611964113,0.17770420401653111,-0.9812522339339076,0.0,807.6647999999998,-13.958371428571429,22.14028571428571,1.0,7.68
0.9722013061129732,0.23214636594902974,-0.03010788152699171,0.0,0.22238964421219623,-0.9560895945572622,-0.1908111069590188,0.0,-0.07308257157385813,0.17881309793253028,-0.9811515706896042,0.0,809.3434499999998,-14.024753571428569,21.035089285714264,1.0,7.72
0.9720459429771066,0.23301634118416634,-0.028348024425311907,0.0,0.22350223782348372,-0.955669501239839,-0.1916132343913016,0.0,-0.07174097580840581,0.1799230224937308,-0.981047535365395,0.0,811.0220999999999,-14.091135714285713,19.929892857142846,1.0,7.76
0.9718871494493718,0.23388407848073164,-0.026587368518089675,0.0,0.22461569084727304,-0.9552474941584947,-0.19241316205699066,0.0,-0.07040049484686253,0.18103397271672544,-0.9809401284283842,0.0,812.7007499999999,-14.157517857142853,18.82469642857143,1.0,7.8
0.9717249262427294,0.2347495739427058,-0.024825921710425473,0.0,0.2257299982843147,-0.9548235752079826,-0.19321088636452177,0.0,-0.0690611347078017,0.18214594361350187,-0.9808293503608136,0.0,814.3793999999998,-14.223899999999997,17.719499999999982,1.0,7.84
0.9715592740855392,0.2356128236841342,-0.02306369191097069,0.0,0.22684515513152306,-0.9543977462916394,-0.19400640373222353,0.0,-0.06772290140476446,0.18325893019146536,-0.9807152016600619,0.0,816.0580499999999,-14.29028214285714,16.614303571428536,1.0,7.88
0.9713901937215567,0.23647382382914553,-0.021300687031892477,0.0,0.22796115638199876,-0.9539700093213783,-0.19479971058833354,0.0,-0.06638580094623231,0.18437292745346073,-0.9805976828386405,0.0,817.7366999999999,-14.356664285714285,15.509107142857147,1.0,7.92
0.9712176859099286,0.23733257051196868,-0.01953691498883797,0.0,0.22907799702505122,-0.9535403662176787,-0.19559080337101414,0.0,-0.06504983933560064,0.18548793039779485,-0.9804767944241928,0.0,819.41535,-14.423046428571425,14.4039107142857,1.0,7.96
0.9710417514251917,0.2381890598769503,-0.01777238370089856,0.0,0.23019567204622107,-0.9531088189095784,-0.1963796785283686,0.0,-0.06371502257115162,0.18660393401825956,-0.9803525369594907,0.0,821.0939999999998,-14.489428571428572,13.298714285714254,1.0,8.0
0.9708623910572668,0.23904328807857209,-0.016007101090574925,0.0,0.23131417642730254,-0.9526753693346651,-0.19716633251845705,0.0,-0.06238135664602722,0.18772093330415338,-0.9802249110024334,0.0,822.7726499999999,-14.555810714285712,12.193517857142837,1.0,8.040000000000001
0.9706796056114576,0.23989525128146807,-0.014241075083740616,0.0,0.23243350514636638,-0.952240019439067,-0.1979507618093123,0.0,-0.061048847548202154,0.18883892324030474,-0.9800939171260434,0.0,824.4512999999998,-14.622192857142856,11.088321428571447,1.0,8.08
0.970493395908445,0.24074494566044177,-0.012474313609606965,0.0,0.23355365317778218,-0.9518027711774447,-0.19873296287895575,0.0,-0.05971750126045704,0.1899578988070942,-0.9799595559184651,0.0,826.1299499999998,-14.688574999999997,9.983124999999973,1.0,8.120000000000001
0.9703037627842849,0.2415923674004835,-0.010706824600688076,0.0,0.23467461549224075,-0.9513636265129821,-0.19951293221541333,0.0,-0.05838732376035206,0.19107785498047664,-0.9798218279829616,0.0,827.8085999999998,-14.75495714285714,8.877928571428583,1.0,8.16
0.9701107070904034,0.24243751269678715,-0.008938615992763667,0.0,0.23579638705677697,-0.9509225874173779,-0.20029066631673087,0.0,-0.05705832102019938,0.19219878673200458,-0.9796807339379123,0.0,829.4872499999999,-14.82133928571428,7.772732142857166,1.0,8.2
0.969914229693594,0.24328037775476796,-0.007169695724845108,0.0,0.23691896283479244,-0.9504796558708365,-0.20106616169099045,0.0,-0.05573049900703664,0.19332068902885005,-0.9795362744168099,0.0,831.1659,-14.887721428571428,6.667535714285691,1.0,8.24
0.969714331476013,0.24412095879007867,-0.005400071739138684,0.0,0.23804233778607753,-0.9500348338620587,-0.2018394148563254,0.0,-0.0544038636826003,0.19444355683382752,-0.9793884500682575,0.0,832.8445499999998,-14.954103571428568,5.562339285714273,1.0,8.28
0.9695110133351755,0.2449592520286273,-0.00362975198101043,0.0,0.23916650686683505,-0.9495881233882336,-0.2026104223409365,0.0,-0.05307842100329889,0.1955673851054165,-0.9792372615559659,0.0,834.5231999999999,-15.020485714285716,4.4571428571428555,1.0,8.32
0.9693042761839518,0.24579525370659358,-0.0018587443989499432,0.0,0.2402914650297018,-0.9491395264550294,-0.20337918068310717,0.0,-0.05175417692018573,0.19669216879778423,-0.9790827095587507,0.0,836.2018499999999,-15.086867857142853,3.3519464285714378,1.0,8.36
0.9690941209505627,0.24662896007044602,-8.705694453553697e-05,0.0,0.2414172072237717,-0.9486890450765839,-0.20414568643121922,0.0,-0.05043113737893304,0.1978179028608079,-0.9789247947705285,0.0,837.8804999999999,-15.15325,2.2467499999999916,1.0,8.4
0.9688805485785764,0.247460367376959,0.001685302427602371,0.0,0.24254372839461905,-0.9482366812754959,-0.20490993614376832,0.0,-0.04910930831980443,0.19894458224009823,-0.9787635179003151,0.0,839.5591499999998,-15.219632142857144,1.1415535714285738,1.0,8.44
0.968663560026903,0.248289471893229,0.0034583257598161726,0.0,0.24367102348431985,-0.9477824370828162,-0.2056719263893793,0.0,-0.04778869567762901,0.20007220187702102,-0.9785988796722213,0.0,841.2377999999999,-15.286014285714284,0.03635714285715608,1.0,8.48
0.9684431562697909,0.24911626989669197,0.005232005091477527,0.0,0.24479908743147596,-0.9473263145380378,-0.2064316537468219,0.0,-0.04646930538177388,0.20120075670872087,-0.9784308808254496,0.0,842.9164499999998,-15.352396428571428,-1.0688392857142617,1.0,8.52
0.9682193382968226,0.24994075767513965,0.007006332459012317,0.0,0.24592791517123672,-0.9468683156890881,-0.20718911480502575,0.0,-0.04515114335611852,0.20233024166814317,-0.9782595221142917,0.0,844.5950999999998,-15.418778571428568,-2.174035714285708,1.0,8.56
0.9679921071129096,0.2507629315267366,0.008781299895937263,0.0,0.24705750163532247,-0.9464084425923178,-0.20794430616309595,0.0,-0.04383421551902704,0.20346065168405744,-0.9780848043081243,0.0,846.2737499999998,-15.485160714285715,-3.279232142857154,1.0,8.6
0.9677614637382882,0.2515827877600362,0.010556899432894966,0.0,0.24818784175204692,-0.9459466973124937,-0.20869722443032804,0.0,-0.04251852778332288,0.20459198168107964,-0.9779067281914061,0.0,847.9523999999999,-15.551542857142856,-4.3844285714286,1.0,8.64
0.9675274092085153,0.2524003226939978,0.012333123097690125,0.0,0.24931893044633976,-0.9454830819227875,-0.2094478662262237,0.0,-0.041204086056261,0.20572422657969516,-0.9777252945636743,0.0,849.6310499999998,-15.617925,-5.489625000000018,1.0,8.68
0.9672899445744632,0.2532155326580033,0.014109962915325269,0.0,0.25045076263976995,-0.9450175985047685,-0.21019622818050546,0.0,-0.03989089623950235,0.20685738129628176,-0.9775405042395405,0.0,851.3096999999999,-15.68430714285714,-6.594821428571436,1.0,8.72
0.967049070902315,0.254028413991873,0.015887410908036265,0.0,0.2515833332505682,-0.944550249148392,-0.21094230693313212,0.0,-0.03857896422908669,0.20799144074313206,-0.9773523580486876,0.0,852.9883499999999,-15.750689285714284,-7.7000178571428535,1.0,8.76
0.9668047892735602,0.2548389630458826,0.017665459095328604,0.0,0.2527166371936496,-0.944081035951992,-0.21168609913431358,0.0,-0.03726829591540676,0.20912639982847664,-0.9771608568358658,0.0,854.6669999999999,-15.817071428571428,-8.8052142857143,1.0,8.8
0.9665571007849894,0.2556471761807796,0.019444099494012657,0.0,0.2538506693806369,-0.9436099610222707,-0.21242760144452633,0.0,-0.03595889718318102,0.21026225345650684,-0.9769660014608893,0.0,856.3456499999998,-15.883453571428571,-9.910410714285689,1.0,8.84
0.9663060065486893,0.25645304976779904,0.021223324118240242,0.0,0.25498542471988306,-0.9431370264742888,-0.21316681053452782,0.0,-0.03465077391142815,0.21139899652739763,-0.9767677927986314,0.0,858.0242999999998,-15.949835714285712,-11.015607142857135,1.0,8.88
0.9660515076920385,0.25725658018868064,0.02300312497953975,0.0,0.2561208981164942,-0.942662234431457,-0.21390372308537203,0.0,-0.033343931973439676,0.21253662393733055,-0.9765662317390215,0.0,859.7029499999999,-16.016217857142856,-12.120803571428553,1.0,8.92
0.965793605357701,0.25805776383568424,0.024783494086852695,0.0,0.25725708447235257,-0.9421855870255256,-0.21463833578842384,0.0,-0.032038377236754664,0.21367513057851645,-0.9763613191870406,0.0,861.3815999999998,-16.0826,-13.226000000000028,1.0,8.96
0.9655323007036231,0.2588565971116066,0.026564423446568813,0.0,0.25839397868613906,-0.941707086396575,-0.21537064534537428,0.0,-0.030734115563132623,0.21481451133921853,-0.9761530560627178,0.0,863.0602499999999,-16.148982142857143,-14.331196428571474,1.0,9.0
0.9652675949030259,0.25965307642979724,0.028345905062562723,0.0,0.2595315756533566,-0.9412267346930069,-0.2161006484682551,0.0,-0.029431152808527067,0.21595476110377557,-0.9759414433011258,0.0,864.7388999999998,-16.215364285714283,-15.436392857142891,1.0,9.040000000000001
0.964999489144402,0.26044719821417467,0.030127930936229428,0.0,0.26066987026635285,-0.9407445340715336,-0.21682834187945374,0.0,-0.028129494823059993,0.21709587475262446,-0.9757264818523762,0.0,866.4175499999999,-16.281746428571427,-16.54158928571428,1.0,9.08
0.9647279846315088,0.2612389588992423,0.0319104930665201,0.0,0.26180885741434307,-0.9402604866971689,-0.21755372231172782,0.0,-0.02682914745099489,0.21823784716232333,-0.975508172681616,0.0,868.0961999999998,-16.348128571428568,-17.646785714285727,1.0,9.120000000000001
0.9644530825833638,0.2620283549301046,0.0336935834499784,0.0,0.2629485319834331,-0.9397745947432184,-0.21827678650821986,0.0,-0.025530116530710988,0.2193806732055747,-0.9752865167690232,0.0,869.7748499999998,-16.414510714285715,-18.751982142857173,1.0,9.16
0.9641747842342394,0.2628153827624832,0.03547719408077619,0.0,0.2640888888566424,-0.9392868603912693,-0.2189975312224721,0.0,-0.024232407894676584,0.22052434775124835,-0.9750615151098022,0.0,871.4534999999998,-16.480892857142855,-19.857178571428562,1.0,9.200000000000001
0.9638930908336562,0.2636000388627322,0.03726131695074943,0.0,0.26522992291392705,-0.9387972858311812,-0.21971595321844087,0.0,-0.022936027369423306,0.2216688656644044,-0.9748331687141791,0.0,873.1321499999999,-16.547275,-20.96237500000001,1.0,9.24
0.9636080036463786,0.2643823197078549,0.03904594404943422,0.0,0.26637162903220263,-0.938305873261076,-0.2204320492705113,0.0,-0.02164098077551954,0.22281422180631635,-0.9746014786073973,0.0,874.8107999999999,-16.61365714285714,-22.067571428571483,1.0,9.28
0.9633195239524084,0.26516222178551874,0.04083106736410272,0.0,0.267514002085367,-0.9378126248873278,-0.2211458161635113,0.0,-0.020347273927544828,0.2239604110344942,-0.9743664458297135,0.0,876.4894499999998,-16.680039285714287,-23.172767857142873,1.0,9.32
0.9630276530469793,0.26593974159407185,0.042616678879799065,0.0,0.2686570369443241,-0.9373175429245532,-0.22185725069272688,0.0,-0.019054912634063108,0.22510742820270754,-0.974128071436392,0.0,878.1680999999999,-16.746421428571427,-24.27796428571432,1.0,9.36
0.9627323922405513,0.26671487564255825,0.04440277057937565,0.0,0.2698007284770059,-0.9368206295956015,-0.22256634966391572,0.0,-0.01776390269759726,0.22625526816100847,-0.973886356497701,0.0,879.8467499999999,-16.81280357142857,-25.383160714285765,1.0,9.4
0.9624337428588043,0.2674876204507336,0.04618933444352888,0.0,0.2709450715483965,-0.9363218871315447,-0.2232731098933219,0.0,-0.01647424991460244,0.22740392575575513,-0.9736413020989065,0.0,881.5253999999998,-16.87918571428571,-26.488357142857154,1.0,9.44
0.9621317062426326,0.2682579725490812,0.047976362450834954,0.0,0.27209006102055416,-0.9358213177716671,-0.22397752820769018,0.0,-0.01518596007544059,0.22855339582963435,-0.9733929093402693,0.0,883.2040499999998,-16.94556785714286,-27.593553571428544,1.0,9.48
0.9618262837481387,0.26902592847882695,0.049763846577786146,0.0,0.27323569175263535,-0.9353189237634556,-0.2246796014442801,0.0,-0.013899038964354245,0.2297036732216851,-0.973141179337038,0.0,884.8826999999999,-17.011949999999995,-28.69874999999999,1.0,9.52
0.9615174767466271,0.2697914847919555,0.051551778798827455,0.0,0.27438195860091724,-0.9348147073625894,-0.22537932645088046,0.0,-0.01261349235944032,0.23085475276732176,-0.9728861132194456,0.0,886.5613499999997,-17.078332142857143,-29.803946428571436,1.0,9.56
0.9612052866245983,0.2705546380512253,0.05334015108639111,0.0,0.2755288564188207,-0.9343086708329302,-0.22607670008582298,0.0,-0.011329326032624674,0.23200662929835697,-0.9726277121327034,0.0,888.2399999999998,-17.144714285714283,-30.909142857142825,1.0,9.6
0.9608897147837427,0.27131538483018425,0.05512895541093403,0.0,0.27667638005693396,-0.9338008164465117,-0.22677171921799705,0.0,-0.010046545749635661,0.2331592976430251,-0.9723659772369964,0.0,889.9186499999998,-17.211096428571427,-32.01433928571433,1.0,9.64
0.960570762640934,0.2720737217131847,0.05691818374097331,0.0,0.2778245243630351,-0.9332911464835298,-0.22746438072686317,0.0,-0.008765157269978601,0.23431275262600534,-0.9721009097074779,0.0,891.5972999999999,-17.27747857142857,-33.11953571428572,1.0,9.68
0.9602484316282232,0.27282964529539977,0.05870782804312211,0.0,0.27897328418211575,-0.9327796632323316,-0.22815468150246743,0.0,-0.00748516634690999,0.235466989068445,-0.9718325107342644,0.0,893.2759499999999,-17.343860714285714,-34.224732142857164,1.0,9.72
0.9599227231928313,0.2735831521828372,0.0604978802821261,0.0,0.2801226543564039,-0.932266368989406,-0.22884261844545523,0.0,-0.006206578727411124,0.23662200178798273,-0.97156078152243,0.0,894.9545999999998,-17.410242857142855,-35.32992857142861,1.0,9.76
0.9595936387971444,0.274334238992356,0.06228833242089943,0.0,0.28127262972538686,-0.9317512660593728,-0.2295281884670852,0.0,-0.004929400152162877,0.23777778559877194,-0.971285723292001,0.0,896.6332499999999,-17.476625,-36.435125,1.0,9.8
0.9592611799187056,0.27508290235168037,0.06407917642056038,0.0,0.28242320512583513,-0.9312343567549725,-0.23021138848924308,0.0,-0.0036536363555198484,0.23893433531150365,-0.9710073372779507,0.0,898.3118999999998,-17.543007142857146,-37.540321428571445,1.0,9.84
0.9589253480502092,0.2758291388994162,0.06587040424046847,0.0,0.2835743753918251,-0.9307156433970563,-0.23089221544445584,0.0,-0.002379293065483962,0.24009164573343045,-0.9707256247301939,0.0,899.9905499999998,-17.609389285714283,-38.645517857142835,1.0,9.88
0.9585861446994934,0.2765729452850647,0.0676620078382593,0.0,0.28472613535476177,-0.9301951283145752,-0.23157066627590492,0.0,-0.0011063760036799026,0.24124971166838918,-0.9704405869135806,0.0,901.6691999999998,-17.67577142857143,-39.75071428571428,1.0,9.92
0.9582435713895344,0.2773143181690387,0.06945397916988143,0.0,0.28587847984340314,-0.9296728138445691,-0.23224673793744016,0.0,0.00016510911467151643,0.24240852791682463,-0.9701522251078907,0.0,903.3478499999999,-17.74215357142857,-40.85591071428573,1.0,9.96
0.9578976296584385,0.27805325422267685,0.07124631018963296,0.0,0.2870314036838825,-0.9291487023321581,-0.23292042739359392,0.0,0.0014351565807790092,0.24356808927581286,-0.9698605406078292,0.0,905.0264999999999,-17.808535714285714,-41.96110714285717,1.0,10.0
0.9575483210594362,0.2787897501282588,0.07303899285019587,0.0,0.2881849016997317,-0.9286227961305298,-0.23359173161959398,0.0,0.002703760692305333,0.24472839053908418,-0.9695655347230188,0.0,906.7051499999998,-17.874917857142854,-43.06630357142856,1.0,10.040000000000001
0.9571956471608747,0.2795238025790204,0.07483201910267447,0.0,0.28933896871190506,-0.92809509760093,-0.23426064760137766,0.0,0.003970915753394703,0.24588942649704737,-0.9692672087779948,0.0,908.3837999999998,-17.941300000000002,-44.17150000000001,1.0,10.08
0.9568396095462106,0.2802554082791679,0.0766253808966297,0.0,0.2904935995388019,-0.9275656091126517,-0.234927172335605,0.0,0.005236616074696514,0.24705119193681208,-0.9689655641121994,0.0,910.0624499999999,-18.00768214285714,-45.276696428571455,1.0,10.120000000000001
0.9564802098140034,0.2809845639438933,0.0784190701801162,0.0,0.29164878899629015,-0.9270343330430251,-0.23559130282967258,0.0,0.0065008559733923735,0.2482136816422128,-0.9686606020799753,0.0,911.7411,-18.074064285714286,-46.381892857142844,1.0,10.16
0.9561174495779081,0.2817112662993892,0.08021307889971813,0.0,0.2928045318977295,-0.9265012717774055,-0.23625303610172668,0.0,0.007763629773220499,0.24937689039383212,-0.9683523240505596,0.0,913.4197499999998,-18.140446428571426,-47.48708928571429,1.0,10.200000000000001
0.9557513304666677,0.28243551208286277,0.08200739900058564,0.0,0.293960823053995,-0.9259664277091642,-0.23691236918067696,0.0,0.009024931804502,0.25054081296902453,-0.9680407314080778,0.0,915.0983999999997,-18.20682857142857,-48.59228571428568,1.0,10.24
0.9553818541241061,0.28315729804255096,0.08380202242647042,0.0,0.2951176572734998,-0.9254298032396766,-0.23756929910620916,0.0,0.01028475640416578,0.251705444141939,-0.9677258255515377,0.0,916.7770499999998,-18.27321071428571,-49.697482142857126,1.0,10.28
0.955009022209121,0.2838766209377352,0.08559694111976288,0.0,0.29627502936221917,-0.9248914007783122,-0.23822382292879948,0.0,0.011543097915774753,0.25287077868354363,-0.9674076078948228,0.0,918.4556999999998,-18.339592857142854,-50.80267857142857,1.0,10.32
0.9546328363956755,0.28459347753875536,0.087392147021527,0.0,0.29743293412371274,-0.9243512227424234,-0.2388759377097266,0.0,0.012799950689549798,0.2540368113616481,-0.9670860798666862,0.0,920.1343499999998,-18.405974999999998,-51.90787500000002,1.0,10.36
0.9542532983727922,0.2853078646270252,0.08918763207153796,0.0,0.29859136635914924,-0.9238092715573343,-0.23952564052108585,0.0,0.01405530908239691,0.25520353694092746,-0.966761242910744,0.0,921.8129999999999,-18.472357142857142,-53.013071428571465,1.0,10.4
0.9538704098445435,0.28601977899504566,0.09098338820831693,0.0,0.29975032086732883,-0.9232655496563306,-0.24017292844580188,0.0,0.015309167457931027,0.25637095018294587,-0.966433098485469,0.0,923.4916499999999,-18.538739285714282,-54.118267857142854,1.0,10.44
0.9534841725300465,0.2867292174464201,0.0927794073691682,0.0,0.3009097924447064,-0.9227200594806481,-0.24081779857764163,0.0,0.016561520186502095,0.2575390458461801,-0.9661016480641844,0.0,925.1702999999998,-18.60512142857143,-55.22346428571424,1.0,10.48
0.9530945881634523,0.2874361767958685,0.09457568149021568,0.0,0.30206977588541606,-0.9221728034794617,-0.24146024802122795,0.0,0.017812361645220567,0.25870781868604303,-0.9657668931350564,0.0,926.8489499999998,-18.671503571428573,-56.32866071428569,1.0,10.52
0.9527016584939411,0.28814065386924154,0.09637220250643752,0.0,0.30323026598129305,-0.9216237841098751,-0.24210027389205196,0.0,0.01906168621798181,0.2598772634549067,-0.9654288352010879,0.0,928.5275999999997,-18.737885714285714,-57.433857142857136,1.0,10.56
0.9523053852857123,0.28884264550353494,0.09816896235170411,0.0,0.30439125752189794,-0.9210730038369092,-0.2427378733164864,0.0,0.020309488295492128,0.2610473749021266,-0.9650874757801123,0.0,930.20625,-18.804267857142854,-58.53905357142858,1.0,10.6
0.9519057703179777,0.2895421485469037,0.0999659529588129,0.0,0.3055527452945399,-0.9205204651334906,-0.24337304343179836,0.0,0.02155576227529315,0.26221814777406466,-0.9647428164047861,0.0,931.8848999999998,-18.870649999999998,-59.64424999999997,1.0,10.64
0.951502815384953,0.29023915985867654,0.10176316625952612,0.0,0.3067147240843003,-0.9199661704804415,-0.24400578138616233,0.0,0.022800502561788227,0.26338957681411346,-0.9643948586225818,0.0,933.5635499999999,-18.937032142857145,-60.749446428571474,1.0,10.68
0.9510965222958498,0.29093367630936934,0.10356059418460559,0.0,0.3078771886740557,-0.9194101223664678,-0.2446360843386728,0.0,0.024043703566266204,0.2645616567627193,-0.9640436039957816,0.0,935.2421999999999,-19.003414285714282,-61.85464285714286,1.0,10.72
0.9506868928748676,0.2916256947806995,0.10535822866384931,0.0,0.3090401338445016,-0.9188523232881484,-0.2452639494593568,0.0,0.025285359706927097,0.26573438235740604,-0.9636890541014699,0.0,936.9208499999999,-19.069796428571426,-62.95983928571431,1.0,10.76
0.950273928961186,0.2923152121656006,0.10715606162612817,0.0,0.3102035543741755,-0.9182927757499236,-0.2458893739291875,0.0,0.026525465408907507,0.2669077483327984,-0.9633312105315267,0.0,938.5994999999998,-19.13617857142857,-64.06503571428576,1.0,10.8
0.9498576324089553,0.29300222536823495,0.10895408499942183,0.0,0.31136744503948094,-0.9177314822640844,-0.24651235494009555,0.0,0.027764015104304686,0.2680817494206463,-0.96297007489262,0.0,940.2781499999999,-19.202560714285713,-65.17023214285715,1.0,10.84
0.949438005087289,0.2936867313040089,0.1107522907108552,0.0,0.3125318006147105,-0.9171684453507604,-0.24713288969498298,0.0,0.029001003232202806,0.2692563803498478,-0.9626056488061983,0.0,941.9567999999998,-19.268942857142857,-66.27542857142859,1.0,10.88
0.949015048880256,0.29436872689958576,0.11255067068673429,0.0,0.3136966158720692,-0.9166036675379089,-0.24775097540773475,0.0,0.030236424238696914,0.2704316358464733,-0.9622379339084842,0.0,943.6354499999998,-19.335324999999997,-67.38062499999998,1.0,10.92
0.9485887656868703,0.29504820909289997,0.11434921685258272,0.0,0.31486188558169853,-0.9160371513613041,-0.24836660930323193,0.0,0.03147027257691828,0.27160751063378863,-0.9618669318504668,0.0,945.3140999999998,-19.40170714285714,-68.48582142857143,1.0,10.96
0.9481591574210849,0.2957251748331711,0.11614792113317807,0.0,0.3160276045116991,-0.9154688993645251,-0.24897978861736386,0.0,0.032702542707059135,0.2727839994322794,-0.9614926442978936,0.0,946.9927499999998,-19.46808928571428,-69.59101785714287,1.0,11.0
0.9477262260117809,0.29639962108091683,0.117946775452588,0.0,0.31719376742815486,-0.9148989140989443,-0.24959051059704052,0.0,0.033933229096397864,0.27396109695967436,-0.9611150729312636,0.0,948.6713999999998,-19.53447142857143,-70.69621428571432,1.0,11.040000000000001
0.9472899734027603,0.29707154480796716,0.11974577173420634,0.0,0.31836036909515647,-0.9143271981237164,-0.25019877250020506,0.0,0.0351623262193234,0.2751387979309691,-0.9607342194458202,0.0,950.3500499999999,-19.60085357142857,-71.80141071428577,1.0,11.08
0.9468504015527366,0.2977409429974778,0.12154490190078954,0.0,0.31952740427482423,-0.9137537540057666,-0.25080457159584596,0.0,0.03638982855736039,0.27631709705844965,-0.9603500855515422,0.0,952.0286999999998,-19.66723571428571,-72.90660714285715,1.0,11.120000000000001
0.9464075124353265,0.29840781264394395,0.12334415787449303,0.0,0.32069486772733236,-0.9131785843197796,-0.25140790516400946,0.0,0.03761573059919368,0.27749598905171663,-0.9599626729731379,0.0,953.7073499999998,-19.733617857142853,-74.0118035714286,1.0,11.16
0.9459613080390405,0.2990721507532136,0.1251435315769074,0.0,0.3218627542109319,-0.9126016916481873,-0.25200877049581166,0.0,0.038840026840693466,0.2786754686177089,-0.9595719834500357,0.0,955.3859999999997,-19.799999999999997,-75.11699999999999,1.0,11.200000000000001
