Xx,Xy,Xz,0,Yx,Yy,Yz,0,Zx,Zy,Zz,0,Px,Py,Pz,1
0.9461585259937401,0.29865854369661,0.12484837991088717,0.0,0.3213814770777874,-0.912806500895754,-0.2519885674266777,0.0,0.0387038742331141,0.2785450882702292,-0.9596429773201477,0.0,958.523,-31.857,-164.941,1.0
0.9461585259937401,0.29865854369661,0.12484837991088717,0.0,0.3213814770777874,-0.912806500895754,-0.2519885674266777,0.0,0.0387038742331141,0.2785450882702292,-0.9596429773201477,0.0,958.523009569378,-31.79322009569378,-164.94096172248803,1.0
0.9461585259937401,0.29865854369661,0.12484837991088717,0.0,0.3213814770777874,-0.912806500895754,-0.2519885674266777,0.0,0.0387038742331141,0.2785450882702292,-0.9596429773201477,0.0,958.523019138756,-31.72944019138756,-164.94092344497608,1.0
0.9461585259937401,0.29865854369661,0.12484837991088717,0.0,0.3213814770777874,-0.912806500895754,-0.2519885674266777,0.0,0.0387038742331141,0.2785450882702292,-0.9596429773201477,0.0,958.523028708134,-31.66566028708134,-164.9408851674641,1.0
0.9461585259937401,0.29865854369661,0.12484837991088717,0.0,0.3213814770777874,-0.912806500895754,-0.2519885674266777,0.0,0.0387038742331141,0.2785450882702292,-0.9596429773201477,0.0,958.523038277512,-31.601880382775118,-164.94084688995216,1.0
0.9461585259937401,0.29865854369661,0.12484837991088717,0.0,0.3213814770777874,-0.912806500895754,-0.2519885674266777,0.0,0.0387038742331141,0.2785450882702292,-0.9596429773201477,0.0,958.52304784689,-31.5381004784689,-164.94080861244018,1.0
0.9461585259937401,0.29865854369661,0.12484837991088717,0.0,0.3213814770777874,-0.912806500895754,-0.2519885674266777,0.0,0.0387038742331141,0.2785450882702292,-0.9596429773201477,0.0,958.523057416268,-31.47432057416268,-164.94077033492823,1.0
0.9461585259937401,0.29865854369661,0.12484837991088717,0.0,0.3213814770777874,-0.912806500895754,-0.2519885674266777,0.0,0.0387038742331141,0.2785450882702292,-0.9596429773201477,0.0,958.523066985646,-31.41054066985646,-164.94073205741626,1.0
0.9461585259937401,0.29865854369661,0.12484837991088717,0.0,0.3213814770777874,-0.912806500895754,-0.2519885674266777,0.0,0.0387038742331141,0.2785450882702292,-0.9596429773201477,0.0,958.523076555024,-31.34676076555024,-164.9406937799043,1.0
0.9461585259937401,0.29865854369661,0.12484837991088717,0.0,0.3213814770777874,-0.912806500895754,-0.2519885674266777,0.0,0.0387038742331141,0.2785450882702292,-0.9596429773201477,0.0,958.523086124402,-31.28298086124402,-164.94065550239233,1.0
0.9461585259937401,0.29865854369661,0.12484837991088717,0.0,0.3213814770777874,-0.912806500895754,-0.2519885674266777,0.0,0.0387038742331141,0.2785450882702292,-0.9596429773201477,0.0,958.52309569378,-31.2192009569378,-164.94061722488038,1.0
0.9461585259937401,0.29865854369661,0.12484837991088717,0.0,0.3213814770777874,-0.912806500895754,-0.2519885674266777,0.0,0.0387038742331141,0.2785450882702292,-0.9596429773201477,0.0,958.523105263158,-31.155421052631578,-164.9405789473684,1.0
0.9461585259937401,0.29865854369661,0.12484837991088717,0.0,0.3213814770777874,-0.912806500895754,-0.2519885674266777,0.0,0.0387038742331141,0.2785450882702292,-0.9596429773201477,0.0,958.523114832536,-31.09164114832536,-164.94054066985646,1.0
0.9461585259937401,0.29865854369661,0.12484837991088717,0.0,0.3213814770777874,-0.912806500895754,-0.2519885674266777,0.0,0.0387038742331141,0.2785450882702292,-0.9596429773201477,0.0,958.523124401914,-31.02786124401914,-164.94050239234448,1.0
0.9461585259937401,0.29865854369661,0.12484837991088717,0.0,0.3213814770777874,-0.912806500895754,-0.2519885674266777,0.0,0.0387038742331141,0.2785450882702292,-0.9596429773201477,0.0,958.5231339712919,-30.96408133971292,-164.94046411483254,1.0
0.9461585259937401,0.29865854369661,0.12484837991088717,0.0,0.3213814770777874,-0.912806500895754,-0.2519885674266777,0.0,0.0387038742331141,0.2785450882702292,-0.9596429773201477,0.0,958.5231435406698,-30.9003014354067,-164.94042583732056,1.0
0.9461585259937401,0.29865854369661,0.12484837991088717,0.0,0.3213814770777874,-0.912806500895754,-0.2519885674266777,0.0,0.0387038742331141,0.2785450882702292,-0.9596429773201477,0.0,958.5231531100478,-30.83652153110048,-164.9403875598086,1.0
0.9461585259937401,0.29865854369661,0.12484837991088717,0.0,0.3213814770777874,-0.912806500895754,-0.2519885674266777,0.0,0.0387038742331141,0.2785450882702292,-0.9596429773201477,0.0,958.5231626794258,-30.77274162679426,-164.94034928229664,1.0
0.9461585259937401,0.29865854369661,0.12484837991088717,0.0,0.3213814770777874,-0.912806500895754,-0.2519885674266777,0.0,0.0387038742331141,0.2785450882702292,-0.9596429773201477,0.0,958.5231722488038,-30.708961722488038,-164.9403110047847,1.0
0.9461585259937401,0.29865854369661,0.12484837991088717,0.0,0.3213814770777874,-0.912806500895754,-0.2519885674266777,0.0,0.0387038742331141,0.2785450882702292,-0.9596429773201477,0.0,958.5231818181818,-30.64518181818182,-164.9402727272727,1.0
0.9461585259937401,0.29865854369661,0.12484837991088717,0.0,0.3213814770777874,-0.912806500895754,-0.2519885674266777,0.0,0.0387038742331141,0.2785450882702292,-0.9596429773201477,0.0,958.5231913875598,-30.5814019138756,-164.94023444976077,1.0
0.9461585259937401,0.29865854369661,0.12484837991088717,0.0,0.3213814770777874,-0.912806500895754,-0.2519885674266777,0.0,0.0387038742331141,0.2785450882702292,-0.9596429773201477,0.0,958.5232009569378,-30.51762200956938,-164.9401961722488,1.0
0.9461585259937401,0.29865854369661,0.12484837991088717,0.0,0.3213814770777874,-0.912806500895754,-0.2519885674266777,0.0,0.0387038742331141,0.2785450882702292,-0.9596429773201477,0.0,958.5232105263158,-30.45384210526316,-164.94015789473684,1.0
0.9461585259937401,0.29865854369661,0.12484837991088717,0.0,0.3213814770777874,-0.912806500895754,-0.2519885674266777,0.0,0.0387038742331141,0.2785450882702292,-0.9596429773201477,0.0,958.5232200956938,-30.39006220095694,-164.94011961722487,1.0
0.9461585259937401,0.29865854369661,0.12484837991088717,0.0,0.3213814770777874,-0.912806500895754,-0.2519885674266777,0.0,0.0387038742331141,0.2785450882702292,-0.9596429773201477,0.0,958.5232296650718,-30.326282296650717,-164.94008133971292,1.0
0.9461585259937401,0.29865854369661,0.12484837991088717,0.0,0.3213814770777874,-0.912806500895754,-0.2519885674266777,0.0,0.0387038742331141,0.2785450882702292,-0.9596429773201477,0.0,958.5232392344498,-30.262502392344498,-164.94004306220094,1.0
0.9461585259937401,0.29865854369661,0.12484837991088717,0.0,0.3213814770777874,-0.912806500895754,-0.2519885674266777,0.0,0.0387038742331141,0.2785450882702292,-0.9596429773201477,0.0,958.5232488038278,-30.19872248803828,-164.940004784689,1.0
0.9461585259937401,0.29865854369661,0.12484837991088717,0.0,0.3213814770777874,-0.912806500895754,-0.2519885674266777,0.0,0.0387038742331141,0.2785450882702292,-0.9596429773201477,0.0,958.5232583732057,-30.13494258373206,-164.93996650717702,1.0
0.9461585259937401,0.29865854369661,0.12484837991088717,0.0,0.3213814770777874,-0.912806500895754,-0.2519885674266777,0.0,0.0387038742331141,0.2785450882702292,-0.9596429773201477,0.0,958.5232679425837,-30.07116267942584,-164.93992822966507,1.0
0.9461585259937401,0.29865854369661,0.12484837991088717,0.0,0.3213814770777874,-0.912806500895754,-0.2519885674266777,0.0,0.0387038742331141,0.2785450882702292,-0.9596429773201477,0.0,958.5232775119617,-30.00738277511962,-164.9398899521531,1.0
0.9461585259937401,0.29865854369661,0.12484837991088717,0.0,0.3213814770777874,-0.912806500895754,-0.2519885674266777,0.0,0.0387038742331141,0.2785450882702292,-0.9596429773201477,0.0,958.5232870813397,-29.9436028708134,-164.93985167464115,1.0
0.9461585259937401,0.29865854369661,0.12484837991088717,0.0,0.3213814770777874,-0.912806500895754,-0.2519885674266777,0.0,0.0387038742331141,0.2785450882702292,-0.9596429773201477,0.0,958.5232966507177,-29.879822966507177,-164.93981339712917,1.0
0.9461585259937401,0.29865854369661,0.12484837991088717,0.0,0.3213814770777874,-0.912806500895754,-0.2519885674266777,0.0,0.0387038742331141,0.2785450882702292,-0.9596429773201477,0.0,958.5233062200957,-29.816043062200958,-164.93977511961722,1.0
0.9461585259937401,0.29865854369661,0.12484837991088717,0.0,0.3213814770777874,-0.912806500895754,-0.2519885674266777,0.0,0.0387038742331141,0.2785450882702292,-0.9596429773201477,0.0,958.5233157894737,-29.75226315789474,-164.93973684210525,1.0
0.9461585259937401,0.29865854369661,0.12484837991088717,0.0,0.3213814770777874,-0.912806500895754,-0.2519885674266777,0.0,0.0387038742331141,0.2785450882702292,-0.9596429773201477,0.0,958.5233253588517,-29.68848325358852,-164.9396985645933,1.0
0.9461585259937401,0.29865854369661,0.12484837991088717,0.0,0.3213814770777874,-0.912806500895754,-0.2519885674266777,0.0,0.0387038742331141,0.2785450882702292,-0.9596429773201477,0.0,958.5233349282297,-29.6247033492823,-164.93966028708132,1.0
0.9461585259937401,0.29865854369661,0.12484837991088717,0.0,0.3213814770777874,-0.912806500895754,-0.2519885674266777,0.0,0.0387038742331141,0.2785450882702292,-0.9596429773201477,0.0,958.5233444976077,-29.56092344497608,-164.93962200956938,1.0
0.9461585259937401,0.29865854369661,0.12484837991088717,0.0,0.3213814770777874,-0.912806500895754,-0.2519885674266777,0.0,0.0387038742331141,0.2785450882702292,-0.9596429773201477,0.0,958.5233540669857,-29.49714354066986,-164.9395837320574,1.0
0.9461585259937401,0.29865854369661,0.12484837991088717,0.0,0.3213814770777874,-0.912806500895754,-0.2519885674266777,0.0,0.0387038742331141,0.2785450882702292,-0.9596429773201477,0.0,958.5233636363637,-29.433363636363637,-164.93954545454545,1.0
0.9461585259937401,0.29865854369661,0.12484837991088717,0.0,0.3213814770777874,-0.912806500895754,-0.2519885674266777,0.0,0.0387038742331141,0.2785450882702292,-0.9596429773201477,0.0,958.5233732057417,-29.369583732057418,-164.93950717703348,1.0
0.9461585259937401,0.29865854369661,0.12484837991088717,0.0,0.3213814770777874,-0.912806500895754,-0.2519885674266777,0.0,0.0387038742331141,0.2785450882702292,-0.9596429773201477,0.0,958.5233827751197,-29.3058038277512,-164.93946889952153,1.0
0.9461585259937401,0.29865854369661,0.12484837991088717,0.0,0.3213814770777874,-0.912806500895754,-0.2519885674266777,0.0,0.0387038742331141,0.2785450882702292,-0.9596429773201477,0.0,958.5233923444977,-29.24202392344498,-164.93943062200955,1.0
0.9461585259937401,0.29865854369661,0.12484837991088717,0.0,0.3213814770777874,-0.912806500895754,-0.2519885674266777,0.0,0.0387038742331141,0.2785450882702292,-0.9596429773201477,0.0,958.5234019138757,-29.17824401913876,-164.9393923444976,1.0
0.9461585259937401,0.29865854369661,0.12484837991088717,0.0,0.3213814770777874,-0.912806500895754,-0.2519885674266777,0.0,0.0387038742331141,0.2785450882702292,-0.9596429773201477,0.0,958.5234114832537,-29.11446411483254,-164.93935406698563,1.0
0.9461585259937401,0.29865854369661,0.12484837991088717,0.0,0.3213814770777874,-0.912806500895754,-0.2519885674266777,0.0,0.0387038742331141,0.2785450882702292,-0.9596429773201477,0.0,958.5234210526315,-29.05068421052632,-164.93931578947368,1.0
0.9461585259937401,0.29865854369661,0.12484837991088717,0.0,0.3213814770777874,-0.912806500895754,-0.2519885674266777,0.0,0.0387038742331141,0.2785450882702292,-0.9596429773201477,0.0,958.5234306220095,-28.986904306220097,-164.9392775119617,1.0
0.9461585259937401,0.29865854369661,0.12484837991088717,0.0,0.3213814770777874,-0.912806500895754,-0.2519885674266777,0.0,0.0387038742331141,0.2785450882702292,-0.9596429773201477,0.0,958.5234401913875,-28.923124401913878,-164.93923923444976,1.0
0.9461585259937401,0.29865854369661,0.12484837991088717,0.0,0.3213814770777874,-0.912806500895754,-0.2519885674266777,0.0,0.0387038742331141,0.2785450882702292,-0.9596429773201477,0.0,958.5234497607655,-28.85934449760766,-164.93920095693778,1.0
0.9461585259937401,0.29865854369661,0.12484837991088717,0.0,0.3213814770777874,-0.912806500895754,-0.2519885674266777,0.0,0.0387038742331141,0.2785450882702292,-0.9596429773201477,0.0,958.5234593301435,-28.79556459330144,-164.93916267942583,1.0
0.9461585259937401,0.29865854369661,0.12484837991088717,0.0,0.3213814770777874,-0.912806500895754,-0.2519885674266777,0.0,0.0387038742331141,0.2785450882702292,-0.9596429773201477,0.0,958.5234688995215,-28.73178468899522,-164.93912440191386,1.0
0.9461585259937401,0.29865854369661,0.12484837991088717,0.0,0.3213814770777874,-0.912806500895754,-0.2519885674266777,0.0,0.0387038742331141,0.2785450882702292,-0.9596429773201477,0.0,958.5234784688995,-28.668004784689,-164.9390861244019,1.0
0.9461585259937401,0.29865854369661,0.12484837991088717,0.0,0.3213814770777874,-0.912806500895754,-0.2519885674266777,0.0,0.0387038742331141,0.2785450882702292,-0.9596429773201477,0.0,958.5234880382775,-28.60422488038278,-164.93904784688993,1.0
0.9461585259937401,0.29865854369661,0.12484837991088717,0.0,0.3213814770777874,-0.912806500895754,-0.2519885674266777,0.0,0.0387038742331141,0.2785450882702292,-0.9596429773201477,0.0,958.5234976076555,-28.540444976076557,-164.939009569378,1.0
0.9461585259937401,0.29865854369661,0.12484837991088717,0.0,0.3213814770777874,-0.912806500895754,-0.2519885674266777,0.0,0.0387038742331141,0.2785450882702292,-0.9596429773201477,0.0,958.5235071770335,-28.476665071770338,-164.938971291866,1.0
0.9461585259937401,0.29865854369661,0.12484837991088717,0.0,0.3213814770777874,-0.912806500895754,-0.2519885674266777,0.0,0.0387038742331141,0.2785450882702292,-0.9596429773201477,0.0,958.5235167464115,-28.41288516746412,-164.93893301435406,1.0
0.9461585259937401,0.29865854369661,0.12484837991088717,0.0,0.3213814770777874,-0.912806500895754,-0.2519885674266777,0.0,0.0387038742331141,0.2785450882702292,-0.9596429773201477,0.0,958.5235263157895,-28.3491052631579,-164.9388947368421,1.0
0.9461585259937401,0.29865854369661,0.12484837991088717,0.0,0.3213814770777874,-0.912806500895754,-0.2519885674266777,0.0,0.0387038742331141,0.2785450882702292,-0.9596429773201477,0.0,958.5235358851675,-28.28532535885168,-164.93885645933014,1.0
0.9461585259937401,0.29865854369661,0.12484837991088717,0.0,0.3213814770777874,-0.912806500895754,-0.2519885674266777,0.0,0.0387038742331141,0.2785450882702292,-0.9596429773201477,0.0,958.5235454545455,-28.22154545454546,-164.93881818181816,1.0
0.9461585259937401,0.29865854369661,0.12484837991088717,0.0,0.3213814770777874,-0.912806500895754,-0.2519885674266777,0.0,0.0387038742331141,0.2785450882702292,-0.9596429773201477,0.0,958.5235550239234,-28.15776555023924,-164.93877990430622,1.0
0.9461585259937401,0.29865854369661,0.12484837991088717,0.0,0.3213814770777874,-0.912806500895754,-0.2519885674266777,0.0,0.0387038742331141,0.2785450882702292,-0.9596429773201477,0.0,958.5235645933014,-28.09398564593302,-164.93874162679424,1.0
0.9461585259937401,0.29865854369661,0.12484837991088717,0.0,0.3213814770777874,-0.912806500895754,-0.2519885674266777,0.0,0.0387038742331141,0.2785450882702292,-0.9596429773201477,0.0,958.5235741626794,-28.030205741626798,-164.9387033492823,1.0
0.9461585259937401,0.29865854369661,0.12484837991088717,0.0,0.3213814770777874,-0.912806500895754,-0.2519885674266777,0.0,0.0387038742331141,0.2785450882702292,-0.9596429773201477,0.0,958.5235837320574,-27.96642583732058,-164.93866507177032,1.0
0.9461585259937401,0.29865854369661,0.12484837991088717,0.0,0.3213814770777874,-0.912806500895754,-0.2519885674266777,0.0,0.0387038742331141,0.2785450882702292,-0.9596429773201477,0.0,958.5235933014354,-27.90264593301436,-164.93862679425837,1.0
0.9461585259937401,0.29865854369661,0.12484837991088717,0.0,0.3213814770777874,-0.912806500895754,-0.2519885674266777,0.0,0.0387038742331141,0.2785450882702292,-0.9596429773201477,0.0,958.5236028708134,-27.83886602870814,-164.9385885167464,1.0
0.9461585259937401,0.29865854369661,0.12484837991088717,0.0,0.3213814770777874,-0.912806500895754,-0.2519885674266777,0.0,0.0387038742331141,0.2785450882702292,-0.9596429773201477,0.0,958.5236124401914,-27.77508612440192,-164.93855023923444,1.0
0.9461585259937401,0.29865854369661,0.12484837991088717,0.0,0.3213814770777874,-0.912806500895754,-0.2519885674266777,0.0,0.0387038742331141,0.2785450882702292,-0.9596429773201477,0.0,958.5236220095694,-27.7113062200957,-164.93851196172247,1.0
0.9461585259937401,0.29865854369661,0.12484837991088717,0.0,0.3213814770777874,-0.912806500895754,-0.2519885674266777,0.0,0.0387038742331141,0.2785450882702292,-0.9596429773201477,0.0,958.5236315789474,-27.647526315789477,-164.93847368421052,1.0
0.9461585259937401,0.29865854369661,0.12484837991088717,0.0,0.3213814770777874,-0.912806500895754,-0.2519885674266777,0.0,0.0387038742331141,0.2785450882702292,-0.9596429773201477,0.0,958.5236411483254,-27.583746411483258,-164.93843540669855,1.0
0.9461585259937401,0.29865854369661,0.12484837991088717,0.0,0.3213814770777874,-0.912806500895754,-0.2519885674266777,0.0,0.0387038742331141,0.2785450882702292,-0.9596429773201477,0.0,958.5236507177034,-27.51996650717704,-164.9383971291866,1.0
0.9461585259937401,0.29865854369661,0.12484837991088717,0.0,0.3213814770777874,-0.912806500895754,-0.2519885674266777,0.0,0.0387038742331141,0.2785450882702292,-0.9596429773201477,0.0,958.5236602870814,-27.45618660287082,-164.93835885167462,1.0
0.9461585259937401,0.29865854369661,0.12484837991088717,0.0,0.3213814770777874,-0.912806500895754,-0.2519885674266777,0.0,0.0387038742331141,0.2785450882702292,-0.9596429773201477,0.0,958.5236698564594,-27.3924066985646,-164.93832057416267,1.0
0.9461585259937401,0.29865854369661,0.12484837991088717,0.0,0.3213814770777874,-0.912806500895754,-0.2519885674266777,0.0,0.0387038742331141,0.2785450882702292,-0.9596429773201477,0.0,958.5236794258374,-27.32862679425838,-164.9382822966507,1.0
0.9461585259937401,0.29865854369661,0.12484837991088717,0.0,0.3213814770777874,-0.912806500895754,-0.2519885674266777,0.0,0.0387038742331141,0.2785450882702292,-0.9596429773201477,0.0,958.5236889952153,-27.26484688995216,-164.93824401913875,1.0
0.9461585259937401,0.29865854369661,0.12484837991088717,0.0,0.3213814770777874,-0.912806500895754,-0.2519885674266777,0.0,0.0387038742331141,0.2785450882702292,-0.9596429773201477,0.0,958.5236985645932,-27.201066985645937,-164.93820574162677,1.0
0.9461585259937401,0.29865854369661,0.12484837991088717,0.0,0.3213814770777874,-0.912806500895754,-0.2519885674266777,0.0,0.0387038742331141,0.2785450882702292,-0.9596429773201477,0.0,958.5237081339712,-27.137287081339718,-164.93816746411483,1.0
0.9461585259937401,0.29865854369661,0.12484837991088717,0.0,0.3213814770777874,-0.912806500895754,-0.2519885674266777,0.0,0.0387038742331141,0.2785450882702292,-0.9596429773201477,0.0,958.5237177033492,-27.0735071770335,-164.93812918660285,1.0
0.9461585259937401,0.29865854369661,0.12484837991088717,0.0,0.3213814770777874,-0.912806500895754,-0.2519885674266777,0.0,0.0387038742331141,0.2785450882702292,-0.9596429773201477,0.0,958.5237272727272,-27.00972727272728,-164.9380909090909,1.0
0.9461585259937401,0.29865854369661,0.12484837991088717,0.0,0.3213814770777874,-0.912806500895754,-0.2519885674266777,0.0,0.0387038742331141,0.2785450882702292,-0.9596429773201477,0.0,958.5237368421052,-26.94594736842106,-164.93805263157893,1.0
0.9461585259937401,0.29865854369661,0.12484837991088717,0.0,0.3213814770777874,-0.912806500895754,-0.2519885674266777,0.0,0.0387038742331141,0.2785450882702292,-0.9596429773201477,0.0,958.5237464114832,-26.882167464114836,-164.93801435406698,1.0
0.9461585259937401,0.29865854369661,0.12484837991088717,0.0,0.3213814770777874,-0.912806500895754,-0.2519885674266777,0.0,0.0387038742331141,0.2785450882702292,-0.9596429773201477,0.0,958.5237559808612,-26.81838755980862,-164.937976076555,1.0
0.9461585259937401,0.29865854369661,0.12484837991088717,0.0,0.3213814770777874,-0.912806500895754,-0.2519885674266777,0.0,0.0387038742331141,0.2785450882702292,-0.9596429773201477,0.0,958.5237655502392,-26.754607655502397,-164.93793779904306,1.0
0.9461585259937401,0.29865854369661,0.12484837991088717,0.0,0.3213814770777874,-0.912806500895754,-0.2519885674266777,0.0,0.0387038742331141,0.2785450882702292,-0.9596429773201477,0.0,958.5237751196172,-26.690827751196178,-164.93789952153108,1.0
0.9461585259937401,0.29865854369661,0.12484837991088717,0.0,0.3213814770777874,-0.912806500895754,-0.2519885674266777,0.0,0.0387038742331141,0.2785450882702292,-0.9596429773201477,0.0,958.5237846889952,-26.62704784688996,-164.93786124401913,1.0
0.9461585259937401,0.29865854369661,0.12484837991088717,0.0,0.3213814770777874,-0.912806500895754,-0.2519885674266777,0.0,0.0387038742331141,0.2785450882702292,-0.9596429773201477,0.0,958.5237942583732,-26.56326794258374,-164.93782296650716,1.0
0.9461585259937401,0.29865854369661,0.12484837991088717,0.0,0.3213814770777874,-0.912806500895754,-0.2519885674266777,0.0,0.0387038742331141,0.2785450882702292,-0.9596429773201477,0.0,958.5238038277512,-26.49948803827752,-164.9377846889952,1.0
0.9461585259937401,0.29865854369661,0.12484837991088717,0.0,0.3213814770777874,-0.912806500895754,-0.2519885674266777,0.0,0.0387038742331141,0.2785450882702292,-0.9596429773201477,0.0,958.5238133971292,-26.435708133971296,-164.93774641148323,1.0
0.9461585259937401,0.29865854369661,0.12484837991088717,0.0,0.3213814770777874,-0.912806500895754,-0.2519885674266777,0.0,0.0387038742331141,0.2785450882702292,-0.9596429773201477,0.0,958.5238229665072,-26.37192822966508,-164.93770813397128,1.0
0.9461585259937401,0.29865854369661,0.12484837991088717,0.0,0.3213814770777874,-0.912806500895754,-0.2519885674266777,0.0,0.0387038742331141,0.2785450882702292,-0.9596429773201477,0.0,958.5238325358852,-26.308148325358857,-164.9376698564593,1.0
0.9461585259937401,0.29865854369661,0.12484837991088717,0.0,0.3213814770777874,-0.912806500895754,-0.2519885674266777,0.0,0.0387038742331141,0.2785450882702292,-0.9596429773201477,0.0,958.5238421052632,-26.244368421052638,-164.93763157894736,1.0
0.9461585259937401,0.29865854369661,0.12484837991088717,0.0,0.3213814770777874,-0.912806500895754,-0.2519885674266777,0.0,0.0387038742331141,0.2785450882702292,-0.9596429773201477,0.0,958.5238516746412,-26.18058851674642,-164.93759330143538,1.0
0.9461585259937401,0.29865854369661,0.12484837991088717,0.0,0.3213814770777874,-0.912806500895754,-0.2519885674266777,0.0,0.0387038742331141,0.2785450882702292,-0.9596429773201477,0.0,958.5238612440191,-26.1168086124402,-164.93755502392344,1.0
0.9461585259937401,0.29865854369661,0.12484837991088717,0.0,0.3213814770777874,-0.912806500895754,-0.2519885674266777,0.0,0.0387038742331141,0.2785450882702292,-0.9596429773201477,0.0,958.5238708133971,-26.05302870813398,-164.93751674641146,1.0
0.9461585259937401,0.29865854369661,0.12484837991088717,0.0,0.3213814770777874,-0.912806500895754,-0.2519885674266777,0.0,0.0387038742331141,0.2785450882702292,-0.9596429773201477,0.0,958.5238803827751,-25.989248803827756,-164.9374784688995,1.0
0.9461585259937401,0.29865854369661,0.12484837991088717,0.0,0.3213814770777874,-0.912806500895754,-0.2519885674266777,0.0,0.0387038742331141,0.2785450882702292,-0.9596429773201477,0.0,958.5238899521531,-25.925468899521537,-164.93744019138754,1.0
0.9461585259937401,0.29865854369661,0.12484837991088717,0.0,0.3213814770777874,-0.912806500895754,-0.2519885674266777,0.0,0.0387038742331141,0.2785450882702292,-0.9596429773201477,0.0,958.5238995215311,-25.861688995215317,-164.9374019138756,1.0
0.9461585259937401,0.29865854369661,0.12484837991088717,0.0,0.3213814770777874,-0.912806500895754,-0.2519885674266777,0.0,0.0387038742331141,0.2785450882702292,-0.9596429773201477,0.0,958.5239090909091,-25.797909090909098,-164.9373636363636,1.0
0.9461585259937401,0.29865854369661,0.12484837991088717,0.0,0.3213814770777874,-0.912806500895754,-0.2519885674266777,0.0,0.0387038742331141,0.2785450882702292,-0.9596429773201477,0.0,958.5239186602871,-25.73412918660288,-164.93732535885167,1.0
0.9461585259937401,0.29865854369661,0.12484837991088717,0.0,0.3213814770777874,-0.912806500895754,-0.2519885674266777,0.0,0.0387038742331141,0.2785450882702292,-0.9596429773201477,0.0,958.5239282296651,-25.67034928229666,-164.9372870813397,1.0
0.9461585259937401,0.29865854369661,0.12484837991088717,0.0,0.3213814770777874,-0.912806500895754,-0.2519885674266777,0.0,0.0387038742331141,0.2785450882702292,-0.9596429773201477,0.0,958.5239377990431,-25.60656937799044,-164.93724880382774,1.0
0.9461585259937401,0.29865854369661,0.12484837991088717,0.0,0.3213814770777874,-0.912806500895754,-0.2519885674266777,0.0,0.0387038742331141,0.2785450882702292,-0.9596429773201477,0.0,958.5239473684211,-25.542789473684216,-164.93721052631577,1.0
0.9461585259937401,0.29865854369661,0.12484837991088717,0.0,0.3213814770777874,-0.912806500895754,-0.2519885674266777,0.0,0.0387038742331141,0.2785450882702292,-0.9596429773201477,0.0,958.5239569377991,-25.479009569378,-164.93717224880382,1.0
0.9461585259937401,0.29865854369661,0.12484837991088717,0.0,0.3213814770777874,-0.912806500895754,-0.2519885674266777,0.0,0.0387038742331141,0.2785450882702292,-0.9596429773201477,0.0,958.523966507177,-25.415229665071777,-164.93713397129184,1.0
0.9461585259937401,0.29865854369661,0.12484837991088717,0.0,0.3213814770777874,-0.912806500895754,-0.2519885674266777,0.0,0.0387038742331141,0.2785450882702292,-0.9596429773201477,0.0,958.523976076555,-25.351449760765558,-164.9370956937799,1.0
0.9461585259937401,0.29865854369661,0.12484837991088717,0.0,0.3213814770777874,-0.912806500895754,-0.2519885674266777,0.0,0.0387038742331141,0.2785450882702292,-0.9596429773201477,0.0,958.523985645933,-25.28766985645934,-164.93705741626792,1.0
0.9461585259937401,0.29865854369661,0.12484837991088717,0.0,0.3213814770777874,-0.912806500895754,-0.2519885674266777,0.0,0.0387038742331141,0.2785450882702292,-0.9596429773201477,0.0,958.523995215311,-25.22388995215312,-164.93701913875597,1.0
0.9461585259937401,0.29865854369661,0.12484837991088717,0.0,0.3213814770777874,-0.912806500895754,-0.2519885674266777,0.0,0.0387038742331141,0.2785450882702292,-0.9596429773201477,0.0,958.5240047846889,-25.1601100478469,-164.936980861244,1.0
0.9461585259937401,0.29865854369661,0.12484837991088717,0.0,0.3213814770777874,-0.912806500895754,-0.2519885674266777,0.0,0.0387038742331141,0.2785450882702292,-0.9596429773201477,0.0,958.5240143540669,-25.096330143540676,-164.93694258373205,1.0
0.9461585259937401,0.29865854369661,0.12484837991088717,0.0,0.3213814770777874,-0.912806500895754,-0.2519885674266777,0.0,0.0387038742331141,0.2785450882702292,-0.9596429773201477,0.0,958.5240239234449,-25.032550239234457,-164.93690430622007,1.0
0.9461585259937401,0.29865854369661,0.12484837991088717,0.0,0.3213814770777874,-0.912806500895754,-0.2519885674266777,0.0,0.0387038742331141,0.2785450882702292,-0.9596429773201477,0.0,958.5240334928229,-24.968770334928237,-164.93686602870812,1.0
0.9461585259937401,0.29865854369661,0.12484837991088717,0.0,0.3213814770777874,-0.912806500895754,-0.2519885674266777,0.0,0.0387038742331141,0.2785450882702292,-0.9596429773201477,0.0,958.5240430622009,-24.904990430622018,-164.93682775119615,1.0
0.9461585259937401,0.29865854369661,0.12484837991088717,0.0,0.3213814770777874,-0.912806500895754,-0.2519885674266777,0.0,0.0387038742331141,0.2785450882702292,-0.9596429773201477,0.0,958.5240526315789,-24.8412105263158,-164.9367894736842,1.0
0.9461585259937401,0.29865854369661,0.12484837991088717,0.0,0.3213814770777874,-0.912806500895754,-0.2519885674266777,0.0,0.0387038742331141,0.2785450882702292,-0.9596429773201477,0.0,958.5240622009569,-24.77743062200958,-164.93675119617222,1.0
0.9461585259937401,0.29865854369661,0.12484837991088717,0.0,0.3213814770777874,-0.912806500895754,-0.2519885674266777,0.0,0.0387038742331141,0.2785450882702292,-0.9596429773201477,0.0,958.5240717703349,-24.71365071770336,-164.93671291866028,1.0
0.9461585259937401,0.29865854369661,0.12484837991088717,0.0,0.3213814770777874,-0.912806500895754,-0.2519885674266777,0.0,0.0387038742331141,0.2785450882702292,-0.9596429773201477,0.0,958.5240813397129,-24.649870813397136,-164.9366746411483,1.0
0.9461585259937401,0.29865854369661,0.12484837991088717,0.0,0.3213814770777874,-0.912806500895754,-0.2519885674266777,0.0,0.0387038742331141,0.2785450882702292,-0.9596429773201477,0.0,958.5240909090909,-24.58609090909092,-164.93663636363635,1.0
0.9461585259937401,0.29865854369661,0.12484837991088717,0.0,0.3213814770777874,-0.912806500895754,-0.2519885674266777,0.0,0.0387038742331141,0.2785450882702292,-0.9596429773201477,0.0,958.5241004784689,-24.522311004784697,-164.93659808612438,1.0
0.9461585259937401,0.29865854369661,0.12484837991088717,0.0,0.3213814770777874,-0.912806500895754,-0.2519885674266777,0.0,0.0387038742331141,0.2785450882702292,-0.9596429773201477,0.0,958.5241100478469,-24.458531100478478,-164.93655980861243,1.0
0.9461585259937401,0.29865854369661,0.12484837991088717,0.0,0.3213814770777874,-0.912806500895754,-0.2519885674266777,0.0,0.0387038742331141,0.2785450882702292,-0.9596429773201477,0.0,958.5241196172249,-24.39475119617226,-164.93652153110045,1.0
0.9461585259937401,0.29865854369661,0.12484837991088717,0.0,0.3213814770777874,-0.912806500895754,-0.2519885674266777,0.0,0.0387038742331141,0.2785450882702292,-0.9596429773201477,0.0,958.5241291866029,-24.33097129186604,-164.9364832535885,1.0
0.9461585259937401,0.29865854369661,0.12484837991088717,0.0,0.3213814770777874,-0.912806500895754,-0.2519885674266777,0.0,0.0387038742331141,0.2785450882702292,-0.9596429773201477,0.0,958.5241387559809,-24.26719138755982,-164.93644497607653,1.0
0.9461585259937401,0.29865854369661,0.12484837991088717,0.0,0.3213814770777874,-0.912806500895754,-0.2519885674266777,0.0,0.0387038742331141,0.2785450882702292,-0.9596429773201477,0.0,958.5241483253589,-24.203411483253596,-164.93640669856458,1.0
0.9461585259937401,0.29865854369661,0.12484837991088717,0.0,0.3213814770777874,-0.912806500895754,-0.2519885674266777,0.0,0.0387038742331141,0.2785450882702292,-0.9596429773201477,0.0,958.5241578947368,-24.139631578947377,-164.9363684210526,1.0
0.9461585259937401,0.29865854369661,0.12484837991088717,0.0,0.3213814770777874,-0.912806500895754,-0.2519885674266777,0.0,0.0387038742331141,0.2785450882702292,-0.9596429773201477,0.0,958.5241674641148,-24.075851674641157,-164.93633014354066,1.0
0.9461585259937401,0.29865854369661,0.12484837991088717,0.0,0.3213814770777874,-0.912806500895754,-0.2519885674266777,0.0,0.0387038742331141,0.2785450882702292,-0.9596429773201477,0.0,958.5241770334928,-24.012071770334938,-164.93629186602868,1.0
0.9461585259937401,0.29865854369661,0.12484837991088717,0.0,0.3213814770777874,-0.912806500895754,-0.2519885674266777,0.0,0.0387038742331141,0.2785450882702292,-0.9596429773201477,0.0,958.5241866028708,-23.94829186602872,-164.93625358851673,1.0
0.9461585259937401,0.29865854369661,0.12484837991088717,0.0,0.3213814770777874,-0.912806500895754,-0.2519885674266777,0.0,0.0387038742331141,0.2785450882702292,-0.9596429773201477,0.0,958.5241961722488,-23.884511961722495,-164.93621531100476,1.0
0.9461585259937401,0.29865854369661,0.12484837991088717,0.0,0.3213814770777874,-0.912806500895754,-0.2519885674266777,0.0,0.0387038742331141,0.2785450882702292,-0.9596429773201477,0.0,958.5242057416268,-23.82073205741628,-164.9361770334928,1.0
0.9461585259937401,0.29865854369661,0.12484837991088717,0.0,0.3213814770777874,-0.912806500895754,-0.2519885674266777,0.0,0.0387038742331141,0.2785450882702292,-0.9596429773201477,0.0,958.5242153110048,-23.756952153110056,-164.93613875598083,1.0
0.9461585259937401,0.29865854369661,0.12484837991088717,0.0,0.3213814770777874,-0.912806500895754,-0.2519885674266777,0.0,0.0387038742331141,0.2785450882702292,-0.9596429773201477,0.0,958.5242248803828,-23.69317224880384,-164.9361004784689,1.0
0.9461585259937401,0.29865854369661,0.12484837991088717,0.0,0.3213814770777874,-0.912806500895754,-0.2519885674266777,0.0,0.0387038742331141,0.2785450882702292,-0.9596429773201477,0.0,958.5242344497607,-23.629392344497617,-164.9360622009569,1.0
0.9461585259937401,0.29865854369661,0.12484837991088717,0.0,0.3213814770777874,-0.912806500895754,-0.2519885674266777,0.0,0.0387038742331141,0.2785450882702292,-0.9596429773201477,0.0,958.5242440191387,-23.565612440191398,-164.93602392344496,1.0
0.9461585259937401,0.29865854369661,0.12484837991088717,0.0,0.3213814770777874,-0.912806500895754,-0.2519885674266777,0.0,0.0387038742331141,0.2785450882702292,-0.9596429773201477,0.0,958.5242535885167,-23.50183253588518,-164.935985645933,1.0
0.9461585259937401,0.29865854369661,0.12484837991088717,0.0,0.3213814770777874,-0.912806500895754,-0.2519885674266777,0.0,0.0387038742331141,0.2785450882702292,-0.9596429773201477,0.0,958.5242631578947,-23.43805263157896,-164.93594736842104,1.0
0.9461585259937401,0.29865854369661,0.12484837991088717,0.0,0.3213814770777874,-0.912806500895754,-0.2519885674266777,0.0,0.0387038742331141,0.2785450882702292,-0.9596429773201477,0.0,958.5242727272727,-23.37427272727274,-164.93590909090906,1.0
0.9461585259937401,0.29865854369661,0.12484837991088717,0.0,0.3213814770777874,-0.912806500895754,-0.2519885674266777,0.0,0.0387038742331141,0.2785450882702292,-0.9596429773201477,0.0,958.5242822966507,-23.310492822966516,-164.93587081339712,1.0
0.9461585259937401,0.29865854369661,0.12484837991088717,0.0,0.3213814770777874,-0.912806500895754,-0.2519885674266777,0.0,0.0387038742331141,0.2785450882702292,-0.9596429773201477,0.0,958.5242918660286,-23.246712918660297,-164.93583253588514,1.0
0.9461585259937401,0.29865854369661,0.12484837991088717,0.0,0.3213814770777874,-0.912806500895754,-0.2519885674266777,0.0,0.0387038742331141,0.2785450882702292,-0.9596429773201477,0.0,958.5243014354066,-23.182933014354077,-164.9357942583732,1.0
0.9461585259937401,0.29865854369661,0.12484837991088717,0.0,0.3213814770777874,-0.912806500895754,-0.2519885674266777,0.0,0.0387038742331141,0.2785450882702292,-0.9596429773201477,0.0,958.5243110047846,-23.119153110047858,-164.93575598086122,1.0
0.9461585259937401,0.29865854369661,0.12484837991088717,0.0,0.3213814770777874,-0.912806500895754,-0.2519885674266777,0.0,0.0387038742331141,0.2785450882702292,-0.9596429773201477,0.0,958.5243205741626,-23.05537320574164,-164.93571770334927,1.0
0.9461585259937401,0.29865854369661,0.12484837991088717,0.0,0.3213814770777874,-0.912806500895754,-0.2519885674266777,0.0,0.0387038742331141,0.2785450882702292,-0.9596429773201477,0.0,958.5243301435406,-22.991593301435415,-164.9356794258373,1.0
0.9461585259937401,0.29865854369661,0.12484837991088717,0.0,0.3213814770777874,-0.912806500895754,-0.2519885674266777,0.0,0.0387038742331141,0.2785450882702292,-0.9596429773201477,0.0,958.5243397129186,-22.9278133971292,-164.93564114832535,1.0
0.9461585259937401,0.29865854369661,0.12484837991088717,0.0,0.3213814770777874,-0.912806500895754,-0.2519885674266777,0.0,0.0387038742331141,0.2785450882702292,-0.9596429773201477,0.0,958.5243492822966,-22.864033492822976,-164.93560287081337,1.0
0.9461585259937401,0.29865854369661,0.12484837991088717,0.0,0.3213814770777874,-0.912806500895754,-0.2519885674266777,0.0,0.0387038742331141,0.2785450882702292,-0.9596429773201477,0.0,958.5243588516746,-22.80025358851676,-164.93556459330142,1.0
0.9461585259937401,0.29865854369661,0.12484837991088717,0.0,0.3213814770777874,-0.912806500895754,-0.2519885674266777,0.0,0.0387038742331141,0.2785450882702292,-0.9596429773201477,0.0,958.5243684210526,-22.736473684210537,-164.93552631578945,1.0
0.9461585259937401,0.29865854369661,0.12484837991088717,0.0,0.3213814770777874,-0.912806500895754,-0.2519885674266777,0.0,0.0387038742331141,0.2785450882702292,-0.9596429773201477,0.0,958.5243779904306,-22.672693779904318,-164.9354880382775,1.0
0.9461585259937401,0.29865854369661,0.12484837991088717,0.0,0.3213814770777874,-0.912806500895754,-0.2519885674266777,0.0,0.0387038742331141,0.2785450882702292,-0.9596429773201477,0.0,958.5243875598086,-22.6089138755981,-164.93544976076552,1.0
0.9461585259937401,0.29865854369661,0.12484837991088717,0.0,0.3213814770777874,-0.912806500895754,-0.2519885674266777,0.0,0.0387038742331141,0.2785450882702292,-0.9596429773201477,0.0,958.5243971291866,-22.54513397129188,-164.93541148325357,1.0
0.9461585259937401,0.29865854369661,0.12484837991088717,0.0,0.3213814770777874,-0.912806500895754,-0.2519885674266777,0.0,0.0387038742331141,0.2785450882702292,-0.9596429773201477,0.0,958.5244066985646,-22.48135406698566,-164.9353732057416,1.0
0.9461585259937401,0.29865854369661,0.12484837991088717,0.0,0.3213814770777874,-0.912806500895754,-0.2519885674266777,0.0,0.0387038742331141,0.2785450882702292,-0.9596429773201477,0.0,958.5244162679426,-22.417574162679436,-164.93533492822965,1.0
0.9461585259937401,0.29865854369661,0.12484837991088717,0.0,0.3213814770777874,-0.912806500895754,-0.2519885674266777,0.0,0.0387038742331141,0.2785450882702292,-0.9596429773201477,0.0,958.5244258373206,-22.35379425837322,-164.93529665071767,1.0
0.9461585259937401,0.29865854369661,0.12484837991088717,0.0,0.3213814770777874,-0.912806500895754,-0.2519885674266777,0.0,0.0387038742331141,0.2785450882702292,-0.9596429773201477,0.0,958.5244354066986,-22.290014354066997,-164.93525837320573,1.0
0.9461585259937401,0.29865854369661,0.12484837991088717,0.0,0.3213814770777874,-0.912806500895754,-0.2519885674266777,0.0,0.0387038742331141,0.2785450882702292,-0.9596429773201477,0.0,958.5244449760766,-22.226234449760778,-164.93522009569375,1.0
0.9461585259937401,0.29865854369661,0.12484837991088717,0.0,0.3213814770777874,-0.912806500895754,-0.2519885674266777,0.0,0.0387038742331141,0.2785450882702292,-0.9596429773201477,0.0,958.5244545454545,-22.16245454545456,-164.9351818181818,1.0
0.9461585259937401,0.29865854369661,0.12484837991088717,0.0,0.3213814770777874,-0.912806500895754,-0.2519885674266777,0.0,0.0387038742331141,0.2785450882702292,-0.9596429773201477,0.0,958.5244641148325,-22.098674641148335,-164.93514354066983,1.0
0.9461585259937401,0.29865854369661,0.12484837991088717,0.0,0.3213814770777874,-0.912806500895754,-0.2519885674266777,0.0,0.0387038742331141,0.2785450882702292,-0.9596429773201477,0.0,958.5244736842105,-22.03489473684212,-164.93510526315788,1.0
0.9461585259937401,0.29865854369661,0.12484837991088717,0.0,0.3213814770777874,-0.912806500895754,-0.2519885674266777,0.0,0.0387038742331141,0.2785450882702292,-0.9596429773201477,0.0,958.5244832535885,-21.971114832535896,-164.9350669856459,1.0
0.9461585259937401,0.29865854369661,0.12484837991088717,0.0,0.3213814770777874,-0.912806500895754,-0.2519885674266777,0.0,0.0387038742331141,0.2785450882702292,-0.9596429773201477,0.0,958.5244928229665,-21.907334928229677,-164.93502870813396,1.0
0.9461585259937401,0.29865854369661,0.12484837991088717,0.0,0.3213814770777874,-0.912806500895754,-0.2519885674266777,0.0,0.0387038742331141,0.2785450882702292,-0.9596429773201477,0.0,958.5245023923445,-21.843555023923457,-164.93499043062198,1.0
0.9461585259937401,0.29865854369661,0.12484837991088717,0.0,0.3213814770777874,-0.912806500895754,-0.2519885674266777,0.0,0.0387038742331141,0.2785450882702292,-0.9596429773201477,0.0,958.5245119617224,-21.779775119617238,-164.93495215311003,1.0
0.9461585259937401,0.29865854369661,0.12484837991088717,0.0,0.3213814770777874,-0.912806500895754,-0.2519885674266777,0.0,0.0387038742331141,0.2785450882702292,-0.9596429773201477,0.0,958.5245215311004,-21.71599521531102,-164.93491387559806,1.0
0.9461585259937401,0.29865854369661,0.12484837991088717,0.0,0.3213814770777874,-0.912806500895754,-0.2519885674266777,0.0,0.0387038742331141,0.2785450882702292,-0.9596429773201477,0.0,958.5245311004784,-21.652215311004795,-164.9348755980861,1.0
0.9461585259937401,0.29865854369661,0.12484837991088717,0.0,0.3213814770777874,-0.912806500895754,-0.2519885674266777,0.0,0.0387038742331141,0.2785450882702292,-0.9596429773201477,0.0,958.5245406698564,-21.58843540669858,-164.93483732057413,1.0
0.9461585259937401,0.29865854369661,0.12484837991088717,0.0,0.3213814770777874,-0.912806500895754,-0.2519885674266777,0.0,0.0387038742331141,0.2785450882702292,-0.9596429773201477,0.0,958.5245502392344,-21.524655502392356,-164.93479904306218,1.0
0.9461585259937401,0.29865854369661,0.12484837991088717,0.0,0.3213814770777874,-0.912806500895754,-0.2519885674266777,0.0,0.0387038742331141,0.2785450882702292,-0.9596429773201477,0.0,958.5245598086124,-21.46087559808614,-164.9347607655502,1.0
0.9461585259937401,0.29865854369661,0.12484837991088717,0.0,0.3213814770777874,-0.912806500895754,-0.2519885674266777,0.0,0.0387038742331141,0.2785450882702292,-0.9596429773201477,0.0,958.5245693779904,-21.397095693779917,-164.93472248803826,1.0
0.9461585259937401,0.29865854369661,0.12484837991088717,0.0,0.3213814770777874,-0.912806500895754,-0.2519885674266777,0.0,0.0387038742331141,0.2785450882702292,-0.9596429773201477,0.0,958.5245789473684,-21.333315789473694,-164.93468421052629,1.0
0.9461585259937401,0.29865854369661,0.12484837991088717,0.0,0.3213814770777874,-0.912806500895754,-0.2519885674266777,0.0,0.0387038742331141,0.2785450882702292,-0.9596429773201477,0.0,958.5245885167463,-21.26953588516748,-164.93464593301434,1.0
0.9461585259937401,0.29865854369661,0.12484837991088717,0.0,0.3213814770777874,-0.912806500895754,-0.2519885674266777,0.0,0.0387038742331141,0.2785450882702292,-0.9596429773201477,0.0,958.5245980861243,-21.205755980861255,-164.93460765550236,1.0
0.9461585259937401,0.29865854369661,0.12484837991088717,0.0,0.3213814770777874,-0.912806500895754,-0.2519885674266777,0.0,0.0387038742331141,0.2785450882702292,-0.9596429773201477,0.0,958.5246076555023,-21.14197607655504,-164.9345693779904,1.0
0.9461585259937401,0.29865854369661,0.12484837991088717,0.0,0.3213814770777874,-0.912806500895754,-0.2519885674266777,0.0,0.0387038742331141,0.2785450882702292,-0.9596429773201477,0.0,958.5246172248803,-21.078196172248816,-164.93453110047844,1.0
0.9461585259937401,0.29865854369661,0.12484837991088717,0.0,0.3213814770777874,-0.912806500895754,-0.2519885674266777,0.0,0.0387038742331141,0.2785450882702292,-0.9596429773201477,0.0,958.5246267942583,-21.014416267942597,-164.9344928229665,1.0
0.9461585259937401,0.29865854369661,0.12484837991088717,0.0,0.3213814770777874,-0.912806500895754,-0.2519885674266777,0.0,0.0387038742331141,0.2785450882702292,-0.9596429773201477,0.0,958.5246363636363,-20.950636363636377,-164.9344545454545,1.0
0.9461585259937401,0.29865854369661,0.12484837991088717,0.0,0.3213814770777874,-0.912806500895754,-0.2519885674266777,0.0,0.0387038742331141,0.2785450882702292,-0.9596429773201477,0.0,958.5246459330143,-20.886856459330158,-164.93441626794257,1.0
0.9461585259937401,0.29865854369661,0.12484837991088717,0.0,0.3213814770777874,-0.912806500895754,-0.2519885674266777,0.0,0.0387038742331141,0.2785450882702292,-0.9596429773201477,0.0,958.5246555023923,-20.82307655502394,-164.9343779904306,1.0
0.9461585259937401,0.29865854369661,0.12484837991088717,0.0,0.3213814770777874,-0.912806500895754,-0.2519885674266777,0.0,0.0387038742331141,0.2785450882702292,-0.9596429773201477,0.0,958.5246650717703,-20.759296650717715,-164.93433971291864,1.0
0.9461585259937401,0.29865854369661,0.12484837991088717,0.0,0.3213814770777874,-0.912806500895754,-0.2519885674266777,0.0,0.0387038742331141,0.2785450882702292,-0.9596429773201477,0.0,958.5246746411483,-20.6955167464115,-164.93430143540667,1.0
0.9461585259937401,0.29865854369661,0.12484837991088717,0.0,0.3213814770777874,-0.912806500895754,-0.2519885674266777,0.0,0.0387038742331141,0.2785450882702292,-0.9596429773201477,0.0,958.5246842105263,-20.631736842105276,-164.93426315789472,1.0
0.9461585259937401,0.29865854369661,0.12484837991088717,0.0,0.3213814770777874,-0.912806500895754,-0.2519885674266777,0.0,0.0387038742331141,0.2785450882702292,-0.9596429773201477,0.0,958.5246937799043,-20.567956937799057,-164.93422488038274,1.0
0.9461585259937401,0.29865854369661,0.12484837991088717,0.0,0.3213814770777874,-0.912806500895754,-0.2519885674266777,0.0,0.0387038742331141,0.2785450882702292,-0.9596429773201477,0.0,958.5247033492823,-20.504177033492837,-164.9341866028708,1.0
0.9461585259937401,0.29865854369661,0.12484837991088717,0.0,0.3213814770777874,-0.912806500895754,-0.2519885674266777,0.0,0.0387038742331141,0.2785450882702292,-0.9596429773201477,0.0,958.5247129186603,-20.440397129186614,-164.93414832535882,1.0
0.9461585259937401,0.29865854369661,0.12484837991088717,0.0,0.3213814770777874,-0.912806500895754,-0.2519885674266777,0.0,0.0387038742331141,0.2785450882702292,-0.9596429773201477,0.0,958.5247224880383,-20.3766172248804,-164.93411004784687,1.0
0.9461585259937401,0.29865854369661,0.12484837991088717,0.0,0.3213814770777874,-0.912806500895754,-0.2519885674266777,0.0,0.0387038742331141,0.2785450882702292,-0.9596429773201477,0.0,958.5247320574163,-20.312837320574175,-164.9340717703349,1.0
0.9461585259937401,0.29865854369661,0.12484837991088717,0.0,0.3213814770777874,-0.912806500895754,-0.2519885674266777,0.0,0.0387038742331141,0.2785450882702292,-0.9596429773201477,0.0,958.5247416267943,-20.24905741626796,-164.93403349282295,1.0
0.9461585259937401,0.29865854369661,0.12484837991088717,0.0,0.3213814770777874,-0.912806500895754,-0.2519885674266777,0.0,0.0387038742331141,0.2785450882702292,-0.9596429773201477,0.0,958.5247511961722,-20.185277511961736,-164.93399521531097,1.0
0.9461585259937401,0.29865854369661,0.12484837991088717,0.0,0.3213814770777874,-0.912806500895754,-0.2519885674266777,0.0,0.0387038742331141,0.2785450882702292,-0.9596429773201477,0.0,958.5247607655502,-20.121497607655513,-164.93395693779902,1.0
0.9461585259937401,0.29865854369661,0.12484837991088717,0.0,0.3213814770777874,-0.912806500895754,-0.2519885674266777,0.0,0.0387038742331141,0.2785450882702292,-0.9596429773201477,0.0,958.5247703349282,-20.057717703349297,-164.93391866028705,1.0
0.9461585259937401,0.29865854369661,0.12484837991088717,0.0,0.3213814770777874,-0.912806500895754,-0.2519885674266777,0.0,0.0387038742331141,0.2785450882702292,-0.9596429773201477,0.0,958.5247799043062,-19.993937799043074,-164.9338803827751,1.0
0.9461585259937401,0.29865854369661,0.12484837991088717,0.0,0.3213814770777874,-0.912806500895754,-0.2519885674266777,0.0,0.0387038742331141,0.2785450882702292,-0.9596429773201477,0.0,958.5247894736841,-19.93015789473686,-164.93384210526312,1.0
0.9461585259937401,0.29865854369661,0.12484837991088717,0.0,0.3213814770777874,-0.912806500895754,-0.2519885674266777,0.0,0.0387038742331141,0.2785450882702292,-0.9596429773201477,0.0,958.5247990430621,-19.866377990430635,-164.93380382775118,1.0
0.9461585259937401,0.29865854369661,0.12484837991088717,0.0,0.3213814770777874,-0.912806500895754,-0.2519885674266777,0.0,0.0387038742331141,0.2785450882702292,-0.9596429773201477,0.0,958.5248086124401,-19.80259808612442,-164.9337655502392,1.0
0.9461585259937401,0.29865854369661,0.12484837991088717,0.0,0.3213814770777874,-0.912806500895754,-0.2519885674266777,0.0,0.0387038742331141,0.2785450882702292,-0.9596429773201477,0.0,958.5248181818181,-19.738818181818196,-164.93372727272725,1.0
0.9461585259937401,0.29865854369661,0.12484837991088717,0.0,0.3213814770777874,-0.912806500895754,-0.2519885674266777,0.0,0.0387038742331141,0.2785450882702292,-0.9596429773201477,0.0,958.5248277511961,-19.675038277511977,-164.93368899521528,1.0
0.9461585259937401,0.29865854369661,0.12484837991088717,0.0,0.3213814770777874,-0.912806500895754,-0.2519885674266777,0.0,0.0387038742331141,0.2785450882702292,-0.9596429773201477,0.0,958.5248373205741,-19.611258373205757,-164.93365071770333,1.0
0.9461585259937401,0.29865854369661,0.12484837991088717,0.0,0.3213814770777874,-0.912806500895754,-0.2519885674266777,0.0,0.0387038742331141,0.2785450882702292,-0.9596429773201477,0.0,958.5248468899521,-19.547478468899538,-164.93361244019135,1.0
0.9461585259937401,0.29865854369661,0.12484837991088717,0.0,0.3213814770777874,-0.912806500895754,-0.2519885674266777,0.0,0.0387038742331141,0.2785450882702292,-0.9596429773201477,0.0,958.5248564593301,-19.48369856459332,-164.9335741626794,1.0
0.9461585259937401,0.29865854369661,0.12484837991088717,0.0,0.3213814770777874,-0.912806500895754,-0.2519885674266777,0.0,0.0387038742331141,0.2785450882702292,-0.9596429773201477,0.0,958.5248660287081,-19.419918660287095,-164.93353588516743,1.0
0.9461585259937401,0.29865854369661,0.12484837991088717,0.0,0.3213814770777874,-0.912806500895754,-0.2519885674266777,0.0,0.0387038742331141,0.2785450882702292,-0.9596429773201477,0.0,958.524875598086,-19.356138755980876,-164.93349760765548,1.0
0.9461585259937401,0.29865854369661,0.12484837991088717,0.0,0.3213814770777874,-0.912806500895754,-0.2519885674266777,0.0,0.0387038742331141,0.2785450882702292,-0.9596429773201477,0.0,958.524885167464,-19.292358851674656,-164.9334593301435,1.0
0.9461585259937401,0.29865854369661,0.12484837991088717,0.0,0.3213814770777874,-0.912806500895754,-0.2519885674266777,0.0,0.0387038742331141,0.2785450882702292,-0.9596429773201477,0.0,958.524894736842,-19.228578947368437,-164.93342105263156,1.0
0.9461585259937401,0.29865854369661,0.12484837991088717,0.0,0.3213814770777874,-0.912806500895754,-0.2519885674266777,0.0,0.0387038742331141,0.2785450882702292,-0.9596429773201477,0.0,958.52490430622,-19.164799043062217,-164.93338277511958,1.0
0.9461585259937401,0.29865854369661,0.12484837991088717,0.0,0.3213814770777874,-0.912806500895754,-0.2519885674266777,0.0,0.0387038742331141,0.2785450882702292,-0.9596429773201477,0.0,958.524913875598,-19.101019138755998,-164.93334449760764,1.0
0.9461585259937401,0.29865854369661,0.12484837991088717,0.0,0.3213814770777874,-0.912806500895754,-0.2519885674266777,0.0,0.0387038742331141,0.2785450882702292,-0.9596429773201477,0.0,958.524923444976,-19.03723923444978,-164.93330622009566,1.0
0.9461585259937401,0.29865854369661,0.12484837991088717,0.0,0.3213814770777874,-0.912806500895754,-0.2519885674266777,0.0,0.0387038742331141,0.2785450882702292,-0.9596429773201477,0.0,958.524933014354,-18.973459330143555,-164.9332679425837,1.0
0.9461585259937401,0.29865854369661,0.12484837991088717,0.0,0.3213814770777874,-0.912806500895754,-0.2519885674266777,0.0,0.0387038742331141,0.2785450882702292,-0.9596429773201477,0.0,958.524942583732,-18.90967942583734,-164.93322966507174,1.0
0.9461585259937401,0.29865854369661,0.12484837991088717,0.0,0.3213814770777874,-0.912806500895754,-0.2519885674266777,0.0,0.0387038742331141,0.2785450882702292,-0.9596429773201477,0.0,958.52495215311,-18.845899521531116,-164.9331913875598,1.0
0.9461585259937401,0.29865854369661,0.12484837991088717,0.0,0.3213814770777874,-0.912806500895754,-0.2519885674266777,0.0,0.0387038742331141,0.2785450882702292,-0.9596429773201477,0.0,958.524961722488,-18.782119617224897,-164.9331531100478,1.0
0.9461585259937401,0.29865854369661,0.12484837991088717,0.0,0.3213814770777874,-0.912806500895754,-0.2519885674266777,0.0,0.0387038742331141,0.2785450882702292,-0.9596429773201477,0.0,958.524971291866,-18.718339712918677,-164.93311483253586,1.0
0.9461585259937401,0.29865854369661,0.12484837991088717,0.0,0.3213814770777874,-0.912806500895754,-0.2519885674266777,0.0,0.0387038742331141,0.2785450882702292,-0.9596429773201477,0.0,958.524980861244,-18.654559808612458,-164.9330765550239,1.0
0.9461585259937401,0.29865854369661,0.12484837991088717,0.0,0.3213814770777874,-0.912806500895754,-0.2519885674266777,0.0,0.0387038742331141,0.2785450882702292,-0.9596429773201477,0.0,958.524990430622,-18.59077990430624,-164.93303827751194,1.0
0.9461585259937401,0.29865854369661,0.12484837991088717,0.0,0.3213814770777874,-0.912806500895754,-0.2519885674266777,0.0,0.0387038742331141,0.2785450882702292,-0.9596429773201477,0.0,958.525,-18.527000000000015,-164.93299999999996,1.0
