X,Y,Z,Rx,Ry,Rz,time
485.271,-1.213,234.314,179.9839,20.224,1.69,0.0
485.279,-1.213,234.315,179.9839,20.223,1.69,61.7
485.279,-1.213,234.315,179.9839,20.223,1.69,123.9
485.286,-1.213,234.317,179.9839,20.222,1.69,185.9
485.294,-1.213,234.318,179.9838,20.221,1.69,247.4
485.301,-1.213,234.319,179.9838,20.22,1.69,310.7
485.301,-1.213,234.319,179.9838,20.22,1.69,372.8
485.309,-1.213,234.32,179.9838,20.2189,1.6899,435.6
485.319,-1.213,234.33,179.9837,20.2172,1.6899,498.5
485.327,-1.213,234.331,179.9842,20.2162,1.6879,559.4
485.334,-1.213,234.333,179.9841,20.2152,1.6879,622.7
485.334,-1.213,234.333,179.9841,20.2152,1.6879,685.7
485.341,-1.213,234.334,179.9841,20.2141,1.6879,748.6
485.349,-1.213,234.335,179.9841,20.2131,1.6879,810.6
485.356,-1.213,234.336,179.984,20.2121,1.6879,873.3
485.364,-1.213,234.338,179.984,20.2111,1.6879,933.9
485.364,-1.213,234.338,179.984,20.2111,1.6879,996.4
485.364,-1.213,234.338,179.984,20.2111,1.6879,1058.5
485.371,-1.213,234.339,179.984,20.2101,1.6878,1121.4
485.371,-1.211,234.325,179.9851,20.2115,1.6875,1184.0
485.379,-1.212,234.327,179.9846,20.2105,1.6895,1245.4
485.379,-1.212,234.327,179.9846,20.2105,1.6895,1307.3
485.386,-1.212,234.328,179.9846,20.2095,1.6895,1368.9
485.383,-1.217,234.319,179.9846,20.2102,1.6888,1431.8
485.383,-1.217,234.319,179.9846,20.2102,1.6888,1492.7
485.391,-1.217,234.32,179.9846,20.2092,1.6888,1554.6
485.394,-1.21,234.316,179.9857,20.2099,1.6891,1617.7
485.401,-1.216,234.317,179.9857,20.2089,1.6884,1679.8
485.401,-1.216,234.317,179.9857,20.2089,1.6884,1741.6
485.401,-1.216,234.317,179.9857,20.2089,1.6884,1804.5
485.406,-1.215,234.31,179.9863,20.2085,1.6901,1867.3
485.416,-1.215,234.306,179.9863,20.2083,1.6901,1928.4
485.421,-1.215,234.299,179.9863,20.208,1.6901,1990.7
485.421,-1.221,234.299,179.9863,20.208,1.6894,2052.7
485.428,-1.214,234.3,179.9869,20.2069,1.6917,2113.8
485.428,-1.214,234.3,179.9869,20.2069,1.6917,2176.6
485.436,-1.22,234.301,179.9868,20.2059,1.691,2238.9
485.451,-1.213,234.29,179.9875,20.2053,1.6933,2301.3
485.459,-1.219,234.278,179.9875,20.2058,1.6926,2363.7
485.463,-1.217,234.271,179.9886,20.2054,1.6922,2426.5
485.474,-1.217,234.267,179.9886,20.2052,1.6922,2488.8
485.489,-1.216,234.257,179.9892,20.2046,1.6939,2550.8
485.489,-1.216,234.257,179.9892,20.2046,1.6939,2613.0
485.504,-1.215,234.246,179.9903,20.204,1.6935,2674.0
485.516,-1.214,234.239,179.9909,20.2026,1.6951,2736.1
485.531,-1.22,234.229,179.9904,20.2021,1.6964,2797.8
485.546,-1.219,234.218,179.9915,20.2015,1.6961,2858.7
485.561,-1.224,234.207,179.9921,20.2009,1.697,2920.8
485.568,-1.224,234.208,179.992,20.1999,1.697,2982.9
485.573,-1.229,234.201,179.992,20.1996,1.6963,3044.2
485.598,-1.221,234.187,179.9937,20.1987,1.6983,3106.6
485.621,-1.226,234.177,179.9943,20.1971,1.6992,3168.2
485.633,-1.225,234.157,179.995,20.1972,1.7008,3229.3
485.655,-1.229,234.148,179.996,20.1956,1.6997,3291.4
485.66,-1.222,234.14,179.9966,20.1953,1.7021,3354.2
485.667,-1.222,234.141,179.9966,20.1942,1.7021,3415.9
485.69,-1.227,234.119,179.9973,20.1941,1.703,3478.7
485.713,-1.232,234.109,179.9978,20.1925,1.7039,3541.4
485.728,-1.223,234.098,180.0,20.1919,1.7039,3603.5
485.755,-1.228,234.081,-179.9994,20.1899,1.7048,3666.1
485.77,-1.227,234.07,-179.9988,20.1894,1.7065,3727.8
485.785,-1.233,234.059,-179.9988,20.1888,1.7057,3789.1
485.785,-1.233,234.059,-179.9988,20.1888,1.7057,3851.1
485.815,-1.231,234.038,-179.9971,20.1876,1.707,3912.1
485.842,-1.236,234.021,-179.9965,20.1857,1.7079,3973.4
485.879,-1.24,234.0,-179.9953,20.1835,1.7105,4036.4
485.91,-1.237,233.979,-179.9936,20.1823,1.7117,4097.3
485.947,-1.24,233.958,-179.992,20.1801,1.7123,4160.1
485.974,-1.238,233.941,-179.9903,20.1781,1.7136,4222.1
485.989,-1.237,233.93,-179.9897,20.1776,1.7152,4284.4
485.997,-1.237,233.931,-179.9897,20.1765,1.7152,4347.0
486.019,-1.234,233.909,-179.988,20.1764,1.7164,4408.6
486.061,-1.238,233.881,-179.9868,20.1739,1.719,4471.5
486.091,-1.236,233.859,-179.9851,20.1727,1.7203,4533.1
486.126,-1.247,233.843,-179.9846,20.1697,1.7205,4595.0
486.156,-1.245,233.821,-179.9833,20.1685,1.7237,4657.7
486.201,-1.241,233.789,-179.9805,20.1668,1.7246,4719.8
486.236,-1.244,233.76,-179.9789,20.1653,1.7252,4782.6
486.273,-1.242,233.739,-179.9777,20.1631,1.7284,4844.5
486.285,-1.248,233.733,-179.9777,20.1617,1.7277,4906.0
486.289,-1.247,233.725,-179.9766,20.1614,1.7273,4967.9
486.342,-1.251,233.694,-179.9754,20.1586,1.7299,5031.1
486.387,-1.253,233.662,-179.9731,20.1568,1.7321,5094.9
486.429,-1.257,233.634,-179.9719,20.1543,1.7346,5156.8
486.474,-1.254,233.601,-179.9696,20.1525,1.7375,5218.5
486.524,-1.263,233.575,-179.968,20.149,1.7373,5281.5
486.576,-1.26,233.543,-179.9657,20.1462,1.7402,5344.3
486.622,-1.262,233.511,-179.9634,20.1444,1.7424,5406.5
486.664,-1.266,233.483,-179.9622,20.1419,1.7449,5468.8
486.664,-1.266,233.483,-179.9622,20.1419,1.7449,5532.0
486.706,-1.27,233.455,-179.961,20.1394,1.7474,5594.1
486.763,-1.265,233.416,-179.9577,20.1362,1.7499,5655.1
486.823,-1.274,233.373,-179.9554,20.1339,1.7514,5717.1
486.88,-1.276,233.334,-179.9531,20.1308,1.7536,5780.6
486.944,-1.278,233.297,-179.9503,20.1266,1.7574,5841.8
487.027,-1.28,233.244,-179.9474,20.1227,1.7611,5903.5
487.079,-1.282,233.213,-179.9451,20.1199,1.7633,5965.7
487.136,-1.283,233.174,-179.9418,20.1167,1.7651,6027.8
487.193,-1.286,233.135,-179.9395,20.1136,1.7673,6090.3
487.235,-1.29,233.107,-179.9383,20.1111,1.7698,6150.2
487.243,-1.288,233.095,-179.9372,20.1115,1.7694,6212.0
487.292,-1.293,233.068,-179.9361,20.1079,1.7719,6274.5
487.375,-1.293,233.015,-179.9321,20.1039,1.7754,6337.1
487.447,-1.294,232.966,-179.9292,20.1002,1.7791,6400.0
487.519,-1.302,232.916,-179.9264,20.0965,1.7822,6462.1
487.614,-1.308,232.857,-179.9225,20.0912,1.7849,6538.3
487.686,-1.31,232.807,-179.9196,20.0875,1.7886,6599.3
487.753,-1.312,232.765,-179.9167,20.0841,1.7924,6661.0
487.825,-1.313,232.716,-179.9139,20.0804,1.7962,6722.0
487.9,-1.315,232.675,-179.9106,20.0759,1.7979,6784.7
487.954,-1.316,232.627,-179.9077,20.0735,1.8017,6846.7
487.969,-1.315,232.616,-179.9066,20.0729,1.8013,6908.2
488.022,-1.318,232.585,-179.9048,20.0701,1.8055,6969.3
488.105,-1.318,232.529,-179.9009,20.065,1.8089,7031.4
488.192,-1.326,232.469,-179.898,20.0607,1.8119,7093.0
488.282,-1.326,232.417,-179.8941,20.0557,1.8153,7154.7
488.362,-1.333,232.356,-179.8906,20.0524,1.8199,7216.7
488.464,-1.34,232.298,-179.8868,20.046,1.8226,7277.7
488.543,-1.34,232.236,-179.8828,20.0427,1.826,7339.1
488.638,-1.341,232.177,-179.8794,20.0374,1.8313,7400.3
488.725,-1.342,232.13,-179.8755,20.0315,1.8347,7461.3
488.804,-1.355,232.068,-179.8726,20.0283,1.837,7522.5
488.894,-1.356,232.016,-179.8692,20.0232,1.8423,7584.3
488.921,-1.354,231.999,-179.8676,20.0213,1.8436,7646.3
488.936,-1.353,231.988,-179.867,20.0207,1.8452,7707.5
489.038,-1.359,231.917,-179.8624,20.0158,1.8494,7769.5
489.17,-1.363,231.838,-179.8569,20.0082,1.8533,7831.5
489.268,-1.363,231.771,-179.8524,20.0025,1.8582,7894.1
489.378,-1.376,231.701,-179.849,19.9966,1.8621,7956.2
489.479,-1.375,231.63,-179.8445,19.9916,1.8671,8018.6
489.589,-1.381,231.56,-179.84,19.9857,1.8713,8080.8
489.713,-1.386,231.479,-179.835,19.9791,1.8771,8142.6
489.815,-1.392,231.408,-179.8304,19.9742,1.8814,8204.8
489.924,-1.392,231.338,-179.826,19.9682,1.8863,8266.1
490.026,-1.397,231.266,-179.8215,19.9632,1.8905,8327.3
490.075,-1.394,231.24,-179.8193,19.9597,1.8933,8389.6
490.075,-1.394,231.24,-179.8193,19.9597,1.8933,8451.5
490.199,-1.399,231.159,-179.8142,19.9531,1.8991,8514.3
490.313,-1.405,231.081,-179.8097,19.9468,1.9033,8576.6
490.437,-1.41,231.001,-179.8047,19.9402,1.9091,8638.5
490.554,-1.416,230.918,-179.7996,19.9347,1.9149,8700.5
490.678,-1.42,230.838,-179.794,19.9281,1.9187,8763.3
490.817,-1.425,230.746,-179.7884,19.9209,1.9261,8825.2
490.938,-1.43,230.67,-179.7834,19.9136,1.9319,8887.0
491.062,-1.442,230.589,-179.779,19.907,1.9353,8949.9
491.179,-1.441,230.507,-179.7739,19.9015,1.9418,9011.8
491.303,-1.447,230.426,-179.7688,19.8949,1.9476,9073.9
491.45,-1.457,230.336,-179.7628,19.8866,1.9522,9136.6
491.45,-1.457,230.336,-179.7628,19.8866,1.9522,9198.4
491.529,-1.465,230.287,-179.76,19.8819,1.9552,9260.0
491.66,-1.463,230.195,-179.7539,19.8757,1.9612,9321.2
491.804,-1.474,230.095,-179.7482,19.8682,1.9679,9382.9
491.95,-1.471,230.005,-179.7416,19.8599,1.9755,9443.9
492.093,-1.481,229.906,-179.7355,19.8524,1.9801,9505.8
492.265,-1.485,229.801,-179.7293,19.8433,1.989,9568.3
492.409,-1.496,229.702,-179.7233,19.8358,1.9936,9630.7
492.552,-1.493,229.603,-179.7166,19.8282,2.0012,9691.8
492.698,-1.504,229.513,-179.711,19.8199,2.0078,9754.5
492.852,-1.508,229.41,-179.7044,19.8121,2.0147,9817.4
493.017,-1.518,229.301,-179.6978,19.8029,2.0208,9879.6
493.161,-1.523,229.202,-179.6922,19.7954,2.0281,9941.7
493.307,-1.528,229.112,-179.6862,19.7871,2.0333,10003.6
493.322,-1.533,229.101,-179.6856,19.7865,2.0342,10066.4
493.378,-1.536,229.062,-179.6834,19.7834,2.0362,10127.9
493.54,-1.539,228.961,-179.6762,19.7745,2.0447,10189.3
493.72,-1.542,228.842,-179.6686,19.7647,2.0511,10250.3
493.881,-1.553,228.727,-179.6624,19.7573,2.0592,10312.1
494.069,-1.561,228.609,-179.6542,19.7464,2.0664,10373.2
494.237,-1.565,228.496,-179.6476,19.738,2.0732,10435.7
494.403,-1.569,228.387,-179.6404,19.7287,2.0816,10497.2
494.563,-1.579,228.286,-179.6339,19.7198,2.0877,10558.9
494.732,-1.583,228.172,-179.6267,19.7113,2.096,10620.7
494.927,-1.591,228.042,-179.6185,19.7009,2.1032,10683.5
495.092,-1.603,227.933,-179.6125,19.6917,2.1112,10746.0
495.26,-1.606,227.82,-179.6048,19.6832,2.1176,10807.2
495.426,-1.611,227.711,-179.5988,19.6739,2.1262,10868.3
495.515,-1.612,227.646,-179.5938,19.6702,2.129,10930.1
495.542,-1.617,227.629,-179.5933,19.6683,2.1299,10992.6
495.71,-1.621,227.516,-179.5862,19.6598,2.1382,11053.7
495.908,-1.63,227.395,-179.578,19.6486,2.1453,11115.6
496.103,-1.64,227.264,-179.5704,19.6381,2.1544,11179.3
496.297,-1.642,227.134,-179.5612,19.6276,2.1618,11241.3
496.491,-1.651,227.007,-179.5535,19.6182,2.1709,11302.3
496.686,-1.661,226.876,-179.5458,19.6077,2.18,11365.5
496.925,-1.67,226.727,-179.5367,19.5939,2.1901,11427.2
497.12,-1.673,226.596,-179.528,19.5834,2.1994,11490.8
497.317,-1.682,226.461,-179.5198,19.5737,2.2065,11552.7
497.507,-1.692,226.339,-179.5122,19.5635,2.2155,11615.5
497.746,-1.707,226.189,-179.5031,19.5497,2.2249,11678.4
497.941,-1.71,226.059,-179.4944,19.5391,2.2342,11741.1
498.138,-1.714,225.924,-179.4863,19.5293,2.2418,11803.3
498.328,-1.725,225.801,-179.4787,19.5191,2.2508,11864.2
498.429,-1.727,225.744,-179.4745,19.5126,2.2554,11925.3
498.429,-1.727,225.744,-179.4745,19.5126,2.2554,11987.4
498.676,-1.741,225.582,-179.4648,19.4991,2.2663,12050.2
498.903,-1.744,225.439,-179.4551,19.4866,2.275,12111.2
499.134,-1.752,225.275,-179.4449,19.4752,2.2846,12173.8
499.353,-1.763,225.13,-179.4368,19.4638,2.295,12236.0
499.57,-1.772,224.991,-179.4277,19.4515,2.305,12297.9
499.826,-1.787,224.826,-179.4175,19.4378,2.3138,12360.0
500.042,-1.791,224.672,-179.4084,19.427,2.3245,12422.9
500.262,-1.801,224.528,-179.3992,19.4155,2.3344,12484.5
500.5,-1.811,224.379,-179.3903,19.4016,2.3442,12547.1
500.719,-1.821,224.234,-179.3811,19.39,2.3541,12608.7
500.938,-1.825,224.09,-179.3716,19.3785,2.3627,12670.8
501.184,-1.841,223.915,-179.3619,19.3664,2.3734,12733.4
501.41,-1.845,223.772,-179.3529,19.3539,2.3839,12796.9
501.56,-1.852,223.674,-179.3465,19.3451,2.3903,12859.1
501.575,-1.851,223.663,-179.346,19.3444,2.3919,12921.5
501.794,-1.855,223.519,-179.3364,19.3329,2.4004,12984.1
502.039,-1.872,223.357,-179.3269,19.3193,2.411,13046.0
502.295,-1.882,223.193,-179.3163,19.3055,2.4218,13109.5
502.543,-1.892,223.026,-179.3068,19.2927,2.433,13171.5
502.799,-1.902,222.862,-179.2957,19.2788,2.4418,13232.7
503.044,-1.905,222.7,-179.2852,19.2651,2.4533,13294.6
503.344,-1.921,222.503,-179.2735,19.2494,2.4664,13360.9
503.596,-1.931,222.329,-179.263,19.2362,2.4771,13423.7
503.844,-1.943,222.163,-179.2535,19.2233,2.4882,13485.0
504.148,-1.952,221.972,-179.241,19.2057,2.5014,13546.7
504.396,-1.962,221.806,-179.2304,19.1928,2.5121,13608.7
504.644,-1.974,221.64,-179.2205,19.1799,2.5211,13670.3
504.899,-1.985,221.475,-179.2101,19.166,2.5317,13732.5
505.146,-1.99,221.309,-179.1996,19.153,2.543,13794.1
505.401,-2.008,221.144,-179.1902,19.1391,2.5533,13855.3
505.59,-2.016,221.022,-179.1824,19.1287,2.5605,13916.4
505.646,-2.02,220.983,-179.1804,19.1254,2.5623,13978.3
505.793,-2.022,220.888,-179.1741,19.1176,2.5691,14039.7
506.077,-2.033,220.702,-179.1621,19.1024,2.5807,14101.6
506.354,-2.045,220.514,-179.1512,19.0882,2.5926,14164.4
506.635,-2.056,220.332,-179.1398,19.0721,2.606,14226.8
506.952,-2.066,220.12,-179.1262,19.0563,2.6185,14289.7
507.233,-2.078,219.938,-179.1155,19.0402,2.6303,14353.0
507.517,-2.09,219.751,-179.1041,19.0249,2.6437,14414.6
507.796,-2.103,219.573,-179.0933,19.0099,2.6554,14477.0
508.128,-2.114,219.346,-179.0793,18.9923,2.6692,14539.1
508.411,-2.126,219.16,-179.0675,18.9769,2.6805,14601.0
508.691,-2.132,218.981,-179.0562,18.9619,2.6945,14662.1
508.974,-2.152,218.795,-179.0454,18.9465,2.7054,14723.8
509.25,-2.158,218.607,-179.0336,18.9321,2.7173,14786.3
509.533,-2.165,218.421,-179.0218,18.9167,2.7292,14847.3
509.82,-2.185,218.243,-179.0112,18.9007,2.74,14909.1
510.132,-2.192,218.035,-178.9984,18.8839,2.7548,14971.4
510.132,-2.192,218.035,-178.9984,18.8839,2.7548,15033.6
510.298,-2.202,217.922,-178.9918,18.8751,2.7622,15095.5
510.613,-2.208,217.723,-178.9785,18.8576,2.7749,15158.3
510.936,-2.222,217.512,-178.9658,18.8406,2.7888,15220.6
511.313,-2.241,217.261,-178.9511,18.8202,2.8044,15282.9
511.625,-2.255,217.053,-178.9384,18.8034,2.8183,15345.0
511.937,-2.262,216.846,-178.9253,18.7866,2.8309,15406.6
512.256,-2.277,216.639,-178.9127,18.7687,2.8447,15469.0
512.571,-2.292,216.426,-178.9,18.7526,2.8585,15531.0
512.948,-2.299,216.176,-178.8844,18.7321,2.8748,15593.4
513.259,-2.314,215.968,-178.8713,18.7153,2.8865,15655.5
513.584,-2.329,215.766,-178.8588,18.6974,2.9001,15717.8
513.895,-2.339,215.558,-178.8463,18.6805,2.9145,15779.8
514.209,-2.354,215.345,-178.8332,18.6644,2.9261,15841.8
514.528,-2.364,215.139,-178.8208,18.6464,2.9403,15903.9
514.91,-2.379,214.893,-178.8053,18.6259,2.9556,15965.0
515.221,-2.389,214.685,-178.7928,18.6089,2.9698,16027.4
515.505,-2.407,214.494,-178.7819,18.594,2.9823,16089.0
515.505,-2.407,214.494,-178.7819,18.594,2.9823,16151.6
515.688,-2.412,214.379,-178.7745,18.5837,2.9895,16214.4
516.081,-2.428,214.113,-178.7585,18.5631,3.0062,16275.7
516.424,-2.439,213.893,-178.7447,18.544,3.0211,16336.8
516.774,-2.456,213.66,-178.7308,18.5254,3.0353,16398.7
517.138,-2.474,213.416,-178.7165,18.5061,3.0509,16460.0
517.487,-2.486,213.196,-178.7028,18.486,3.0656,16520.9
517.829,-2.498,212.962,-178.689,18.4684,3.0804,16582.1
518.182,-2.517,212.738,-178.6753,18.449,3.0944,16644.5
518.52,-2.529,212.508,-178.6615,18.4305,3.109,16707.1
518.916,-2.542,212.252,-178.6459,18.4091,3.126,16770.0
519.257,-2.554,212.018,-178.6311,18.3913,3.1401,16833.0
519.609,-2.567,211.793,-178.6175,18.3719,3.1546,16893.9
519.972,-2.581,211.55,-178.6034,18.3524,3.1705,16956.4
520.323,-2.602,211.326,-178.5899,18.333,3.1842,17019.1
520.707,-2.616,211.059,-178.5742,18.3132,3.2009,17081.8
521.056,-2.623,210.84,-178.5597,18.2928,3.2154,17144.6
521.4,-2.638,210.614,-178.5462,18.2743,3.2297,17207.3
521.747,-2.653,210.381,-178.5327,18.2554,3.2439,17270.0
521.794,-2.653,210.358,-178.5308,18.2527,3.2462,17332.2
522.019,-2.661,210.21,-178.5217,18.2402,3.2552,17394.4
522.402,-2.677,209.96,-178.5062,18.2199,3.2717,17456.2
522.778,-2.693,209.705,-178.4913,18.1997,3.2867,17518.9
523.168,-2.703,209.456,-178.476,18.1783,3.3037,17579.8
523.619,-2.727,209.156,-178.4583,18.1539,3.3229,17641.3
523.998,-2.737,208.911,-178.4425,18.1328,3.3379,17702.3
524.376,-2.755,208.651,-178.4282,18.1132,3.3546,17765.0
524.763,-2.772,208.407,-178.4125,18.0911,3.3686,17826.3
525.144,-2.784,208.156,-178.3973,18.0707,3.3854,17888.6
525.522,-2.803,207.897,-178.3831,18.051,3.402,17950.5
525.901,-2.815,207.651,-178.3675,18.0299,3.4167,18013.1
526.361,-2.828,207.348,-178.349,18.0049,3.4362,18074.0
526.742,-2.849,207.097,-178.335,17.9845,3.4526,18135.0
527.122,-2.868,206.847,-178.3193,17.9641,3.4664,18196.7
527.5,-2.882,206.602,-178.3044,17.9427,3.4829,18257.7
527.881,-2.896,206.351,-178.2894,17.9222,3.4993,18318.7
528.257,-2.909,206.092,-178.2738,17.9024,3.5137,18379.7
528.637,-2.925,205.841,-178.2599,17.8819,3.5304,18442.4
528.706,-2.927,205.808,-178.2577,17.8774,3.5338,18504.8
528.867,-2.937,205.697,-178.2516,17.8691,3.5409,18566.1
529.275,-2.953,205.425,-178.2353,17.8471,3.5578,18628.7
529.691,-2.969,205.155,-178.2191,17.8241,3.5747,18690.8
530.103,-2.986,204.892,-178.2029,17.8014,3.5915,18751.7
530.65,-3.0,204.532,-178.1811,17.7713,3.6152,18827.7
531.087,-3.018,204.239,-178.1635,17.7478,3.6327,18888.6
531.494,-3.036,203.966,-178.1473,17.7257,3.6493,18949.7
531.905,-3.054,203.703,-178.1313,17.7029,3.6658,19012.7
532.315,-3.067,203.426,-178.1152,17.6815,3.683,19074.7
532.729,-3.086,203.155,-178.0992,17.6583,3.6994,19136.9
533.189,-3.101,202.848,-178.0809,17.6335,3.7199,19199.2
533.602,-3.121,202.579,-178.0649,17.6114,3.7362,19261.1
534.04,-3.136,202.295,-178.0477,17.587,3.7538,19324.1
534.454,-3.157,202.024,-178.0319,17.5637,3.7699,19386.8
534.863,-3.165,201.747,-178.0149,17.5421,3.7869,19448.2
535.325,-3.189,201.448,-177.9969,17.5165,3.8063,19510.2
535.741,-3.205,201.172,-177.9812,17.4939,3.8229,19572.2
536.153,-3.221,200.904,-177.9654,17.4716,3.8395,19635.0
536.59,-3.238,200.62,-177.9479,17.447,3.8581,19696.1
536.604,-3.239,200.609,-177.9469,17.4463,3.8575,19759.0
536.81,-3.247,200.475,-177.9394,17.4351,3.8667,19821.3
537.306,-3.268,200.142,-177.9201,17.4085,3.8871,19882.3
537.746,-3.286,199.852,-177.9021,17.3846,3.9036,19944.7
538.186,-3.299,199.562,-177.8846,17.3606,3.9227,20005.8
538.632,-3.32,199.274,-177.8684,17.3357,3.9414,20068.2
539.071,-3.333,198.985,-177.8505,17.3117,3.9584,20130.1
539.509,-3.354,198.695,-177.8343,17.2878,3.977,20192.1
539.976,-3.37,198.383,-177.8156,17.2623,3.9964,20253.0
540.482,-3.388,198.061,-177.7958,17.2336,4.0163,20314.2
540.922,-3.411,197.766,-177.7796,17.2104,4.0347,20377.3
541.36,-3.427,197.476,-177.7625,17.1862,4.0533,20439.7
541.801,-3.443,197.181,-177.7448,17.1628,4.0698,20500.8
542.326,-3.465,196.836,-177.7243,17.1336,4.092,20563.6
542.774,-3.477,196.543,-177.7074,17.1091,4.1108,20626.0
543.21,-3.495,196.253,-177.6904,17.0848,4.129,20686.1
543.681,-3.522,195.945,-177.6732,17.0593,4.1476,20748.4
544.12,-3.541,195.65,-177.6563,17.0357,4.1657,20811.0
544.557,-3.554,195.361,-177.639,17.0114,4.1824,20872.8
545.007,-3.568,195.077,-177.6213,16.986,4.2003,20935.1
545.505,-3.585,194.748,-177.6025,16.9587,4.2219,20997.3
545.557,-3.595,194.712,-177.6007,16.9563,4.223,21058.4
545.739,-3.607,194.587,-177.5939,16.9466,4.2303,21121.3
546.209,-3.624,194.279,-177.5759,16.9208,4.2493,21182.2
546.669,-3.64,193.976,-177.5579,16.8953,4.2682,21245.1
547.138,-3.658,193.668,-177.5401,16.8694,4.287,21306.2
547.698,-3.675,193.3,-177.5177,16.8391,4.3095,21368.5
548.16,-3.7,192.991,-177.4998,16.8141,4.3275,21430.1
548.628,-3.72,192.683,-177.4827,16.7881,4.3479,21492.8
549.093,-3.74,192.383,-177.465,16.7625,4.3664,21554.6
549.561,-3.753,192.076,-177.4463,16.7363,4.3849,21616.6
550.057,-3.777,191.747,-177.428,16.7088,4.4056,21679.0
550.524,-3.785,191.442,-177.4093,16.6837,4.4247,21741.5
551.047,-3.811,191.091,-177.3898,16.6546,4.4458,21803.7
551.514,-3.827,190.786,-177.3712,16.6294,4.464,21865.8
551.98,-3.85,190.479,-177.3539,16.6033,4.4818,21927.8
552.446,-3.867,190.174,-177.336,16.578,4.5018,21989.7
552.913,-3.885,189.866,-177.3188,16.5518,4.5202,22050.6
553.378,-3.903,189.562,-177.301,16.5265,4.54,22111.7
553.875,-3.917,189.227,-177.2814,16.4994,4.5589,22173.6
554.403,-3.942,188.881,-177.2612,16.47,4.5794,22235.4
554.867,-3.962,188.575,-177.2447,16.4447,4.5994,22297.7
555.107,-3.969,188.416,-177.2346,16.4311,4.6078,22359.5
555.204,-3.978,188.357,-177.2315,16.4257,4.6111,22422.3
555.595,-3.992,188.097,-177.2162,16.4047,4.6264,22483.9
556.084,-4.009,187.776,-177.1975,16.3769,4.6468,22545.6
556.576,-4.026,187.449,-177.1788,16.3499,4.6672,22607.0
557.001,-4.046,187.169,-177.1631,16.3263,4.6845,22669.7
557.491,-4.063,186.844,-177.1437,16.3004,4.7029,22732.4
558.079,-4.086,186.458,-177.1216,16.2676,4.7282,22793.5
558.476,-4.103,186.2,-177.1068,16.2455,4.7429,22854.7
559.128,-4.133,185.767,-177.0823,16.2094,4.7687,22916.6
559.559,-4.148,185.491,-177.0659,16.1856,4.7857,22977.9
560.111,-4.163,185.125,-177.0446,16.1553,4.809,23038.9
560.534,-4.186,184.845,-177.0293,16.1314,4.8257,23101.6
561.03,-4.202,184.522,-177.01,16.1041,4.8453,23163.6
561.516,-4.226,184.203,-176.9918,16.0771,4.8648,23225.7
562.103,-4.247,183.811,-176.9696,16.0449,4.8878,23288.3
562.597,-4.273,183.488,-176.9516,16.0176,4.907,23350.4
563.092,-4.285,183.166,-176.9326,15.9901,4.9268,23412.1
563.586,-4.305,182.843,-176.9147,15.9627,4.9464,23473.2
564.07,-4.325,182.524,-176.8958,15.9355,4.9655,23535.0
564.594,-4.343,182.174,-176.8763,15.9071,4.9873,23596.2
565.152,-4.366,181.804,-176.8558,15.8761,5.0093,23659.0
565.638,-4.381,181.479,-176.8369,15.8495,5.0287,23720.6
566.13,-4.411,181.156,-176.8193,15.822,5.0471,23782.9
566.175,-4.409,181.133,-176.8179,15.819,5.0493,23845.1
566.346,-4.416,181.023,-176.8118,15.8095,5.0567,23907.5
566.959,-4.441,180.627,-176.7881,15.7749,5.0791,23969.7
567.497,-4.458,180.261,-176.7675,15.7462,5.1016,24032.3
568.012,-4.486,179.923,-176.7489,15.7174,5.1208,24094.8
568.521,-4.501,179.585,-176.7297,15.6893,5.1427,24156.9
569.032,-4.517,179.255,-176.7101,15.6606,5.1625,24218.0
569.539,-4.547,178.916,-176.6915,15.6327,5.1815,24279.4
570.125,-4.567,178.536,-176.67,15.6001,5.2054,24340.4
570.632,-4.584,178.197,-176.6505,15.5719,5.2249,24402.6
571.145,-4.603,177.862,-176.6311,15.5439,5.2443,24465.2
571.692,-4.627,177.507,-176.6113,15.5131,5.2657,24526.8
572.198,-4.647,177.168,-176.5927,15.4848,5.2868,24589.3
572.71,-4.668,176.833,-176.5734,15.4567,5.3059,24651.3
573.324,-4.691,176.426,-176.5507,15.4228,5.3313,24713.8
573.835,-4.713,176.09,-176.5316,15.3945,5.3501,24774.8
574.34,-4.736,175.751,-176.5132,15.3661,5.3708,24837.1
574.888,-4.751,175.391,-176.4928,15.3358,5.3922,24900.0
575.399,-4.769,175.056,-176.4735,15.3072,5.4127,24962.0
575.977,-4.798,174.684,-176.4528,15.2745,5.4353,25023.7
576.493,-4.811,174.335,-176.4329,15.2464,5.4542,25086.9
577.003,-4.838,174.0,-176.4149,15.2178,5.4743,25147.9
577.517,-4.852,173.675,-176.396,15.1884,5.495,25209.6
578.028,-4.881,173.333,-176.378,15.1606,5.5148,25270.8
578.254,-4.881,173.175,-176.368,15.1482,5.5226,25332.7
578.359,-4.89,173.112,-176.365,15.1421,5.5269,25394.5
578.705,-4.894,172.875,-176.3507,15.1233,5.5401,25456.6
579.234,-4.921,172.533,-176.3316,15.0937,5.5608,25518.6
579.797,-4.939,172.171,-176.3107,15.0614,5.5822,25581.4
580.314,-4.965,171.818,-176.2915,15.0335,5.6028,25643.4
580.844,-4.987,171.47,-176.2726,15.0046,5.6239,25705.0
581.443,-5.007,171.083,-176.2505,14.9701,5.6468,25767.3
581.972,-5.031,170.735,-176.2317,14.9411,5.6676,25829.2
582.488,-5.054,170.382,-176.2118,14.9129,5.6879,25890.5
583.051,-5.077,170.015,-176.1912,14.8811,5.7084,25951.5
583.58,-5.096,169.667,-176.1716,14.8519,5.7289,26012.9
584.106,-5.115,169.325,-176.1523,14.8218,5.7493,26075.5
584.698,-5.141,168.931,-176.131,14.7888,5.7735,26137.5
585.226,-5.162,168.583,-176.1117,14.7594,5.7936,26198.7
585.758,-5.177,168.245,-176.0925,14.7294,5.8143,26261.2
586.285,-5.2,167.897,-176.0733,14.7,5.8341,26321.3
586.805,-5.223,167.548,-176.054,14.6715,5.854,26382.8
587.368,-5.247,167.175,-176.0336,14.64,5.8755,26445.0
587.894,-5.265,166.827,-176.0146,14.6105,5.8957,26506.4
588.417,-5.291,166.487,-175.9963,14.5811,5.9171,26568.6
589.02,-5.31,166.098,-175.9743,14.5468,5.9389,26630.6
589.539,-5.331,165.749,-175.955,14.5179,5.9601,26692.4
590.064,-5.352,165.401,-175.9363,14.4883,5.9798,26755.1
590.596,-5.375,165.057,-175.9174,14.4584,6.0006,26817.1
591.153,-5.398,164.691,-175.8975,14.4269,6.022,26878.6
591.75,-5.421,164.294,-175.8762,14.3941,6.0452,26941.2
591.776,-5.427,164.273,-175.8751,14.3925,6.0452,27003.6
591.945,-5.439,164.157,-175.869,14.3831,6.0508,27064.6
592.478,-5.451,163.808,-175.8492,14.3537,6.072,27126.4
593.009,-5.472,163.465,-175.8296,14.3235,6.0922,27188.2
593.544,-5.501,163.107,-175.811,14.2939,6.1122,27251.0
594.075,-5.515,162.764,-175.7916,14.2636,6.1329,27311.8
594.708,-5.545,162.337,-175.7683,14.229,6.1565,27373.6
595.238,-5.563,161.993,-175.7497,14.1986,6.1788,27435.4
595.769,-5.588,161.644,-175.7303,14.169,6.1985,27497.2
596.336,-5.607,161.269,-175.7098,14.1372,6.2205,27559.4
596.867,-5.626,160.92,-175.6906,14.1075,6.2405,27622.7
597.475,-5.648,160.529,-175.6691,14.0729,6.2639,27684.8
598.004,-5.677,160.18,-175.6501,14.0432,6.283,27746.0
598.535,-5.692,159.831,-175.6302,14.0132,6.3027,27807.7
599.101,-5.716,159.456,-175.6101,13.9813,6.324,27869.2
599.633,-5.733,159.101,-175.5908,13.9519,6.3453,27930.7
600.166,-5.758,158.761,-175.5723,13.9214,6.3645,27993.5
600.697,-5.778,158.406,-175.5532,13.8919,6.3857,28054.5
601.226,-5.797,158.057,-175.5337,13.8618,6.4047,28115.6
601.825,-5.819,157.658,-175.5125,13.8286,6.4278,28177.5
602.359,-5.841,157.312,-175.4939,13.7984,6.4484,28239.6
602.916,-5.863,156.936,-175.4731,13.7671,6.4689,28302.0
603.45,-5.88,156.59,-175.4546,13.7368,6.49,28363.9
603.983,-5.905,156.244,-175.4362,13.7065,6.5102,28424.8
604.512,-5.93,155.888,-175.4177,13.6768,6.5304,28487.0
605.117,-5.945,155.494,-175.3951,13.6431,6.5526,28548.5
605.645,-5.972,155.139,-175.3768,13.6134,6.5725,28609.8
606.045,-5.989,154.888,-175.3634,13.59,6.5873,28671.7
606.078,-5.99,154.871,-175.3621,13.5881,6.5891,28733.7
606.43,-6.004,154.634,-175.3496,13.5686,6.6025,28796.7
607.03,-6.029,154.245,-175.3285,13.5342,6.6242,28858.8
607.564,-6.053,153.894,-175.3094,13.5043,6.6436,28919.8
608.091,-6.07,153.54,-175.2909,13.4751,6.6656,28982.6
608.625,-6.09,153.189,-175.271,13.4449,6.6848,29044.2
609.151,-6.108,152.836,-175.252,13.4159,6.7047,29106.2
609.684,-6.135,152.484,-175.2333,13.3858,6.7235,29167.2
610.215,-6.15,152.141,-175.2142,13.3557,6.745,29229.1
610.851,-6.177,151.72,-175.1915,13.3194,6.7671,29291.1
611.38,-6.2,151.376,-175.1737,13.2894,6.7884,29352.5
611.915,-6.217,151.019,-175.1542,13.2598,6.8074,29414.7
612.444,-6.242,150.675,-175.1355,13.2295,6.8276,29476.9
613.011,-6.256,150.3,-175.1149,13.198,6.8487,29538.8
613.542,-6.284,149.948,-175.0965,13.1674,6.8685,29601.8
614.175,-6.31,149.529,-175.0749,13.1318,6.8924,29664.1
614.713,-6.327,149.182,-175.0557,13.101,6.9126,29726.8
615.243,-6.349,148.832,-175.0373,13.0714,6.9328,29789.2
615.772,-6.372,148.481,-175.0183,13.0419,6.951,29851.7
616.306,-6.398,148.139,-175.0005,13.0104,6.9708,29913.6
616.941,-6.417,147.715,-174.9779,12.9749,6.9958,29975.9
617.469,-6.444,147.364,-174.9599,12.9452,7.0155,30038.0
617.998,-6.457,147.015,-174.9409,12.9152,7.0357,30100.5
618.535,-6.48,146.661,-174.9222,12.8849,7.0549,30163.9
619.131,-6.5,146.268,-174.9012,12.8507,7.0777,30225.2
619.595,-6.525,145.969,-174.8859,12.8243,7.0939,30286.2
620.124,-6.542,145.613,-174.8671,12.795,7.1136,30347.6
620.651,-6.567,145.263,-174.8486,12.7648,7.1325,30408.8
620.867,-6.565,145.124,-174.8404,12.7529,7.1404,30470.0
620.899,-6.567,145.107,-174.8393,12.7509,7.1419,30532.4
621.428,-6.586,144.75,-174.8207,12.7215,7.1613,30595.2
622.134,-6.616,144.287,-174.7961,12.6814,7.1875,30657.0
622.598,-6.633,143.99,-174.7799,12.6543,7.2048,30719.4
623.16,-6.651,143.61,-174.7593,12.6234,7.2252,30782.5
623.692,-6.683,143.263,-174.742,12.593,7.2452,30845.0
624.224,-6.701,142.916,-174.7231,12.5626,7.2637,30907.1
624.827,-6.721,142.522,-174.7018,12.5283,7.2868,30969.5
625.358,-6.741,142.175,-174.6838,12.4976,7.3069,31032.2
625.891,-6.762,141.822,-174.6657,12.4677,7.327,31094.5
626.417,-6.79,141.467,-174.6467,12.4389,7.3445,31156.9
626.988,-6.811,141.106,-174.6272,12.405,7.3654,31219.1
627.59,-6.829,140.704,-174.6062,12.3713,7.3884,31280.1
628.115,-6.853,140.349,-174.5882,12.3422,7.4081,31342.0
628.647,-6.873,139.996,-174.5696,12.312,7.4273,31404.7
629.184,-6.894,139.653,-174.5512,12.281,7.4464,31467.5
629.709,-6.915,139.299,-174.5332,12.2514,7.4676,31529.2
630.348,-6.943,138.88,-174.5121,12.2147,7.4909,31590.2
630.913,-6.964,138.511,-174.4918,12.1821,7.5108,31651.2
631.442,-6.988,138.159,-174.4734,12.1527,7.5296,31713.6
631.978,-7.006,137.816,-174.4563,12.1214,7.5505,31775.8
632.501,-7.025,137.462,-174.437,12.0917,7.5689,31838.7
633.037,-7.054,137.112,-174.4199,12.0611,7.5889,31899.7
633.567,-7.067,136.761,-174.4008,12.0314,7.6078,31961.6
634.17,-7.093,136.368,-174.3811,11.9964,7.6305,32024.1
634.802,-7.123,135.942,-174.3594,11.9609,7.6526,32094.1
635.343,-7.142,135.602,-174.3418,11.9293,7.6725,32157.4
635.871,-7.168,135.251,-174.3239,11.8993,7.692,32219.0
636.212,-7.179,135.017,-174.3118,11.8801,7.7039,32279.9
636.244,-7.176,134.999,-174.3108,11.8781,7.7059,32342.0
636.594,-7.192,134.762,-174.2986,11.8583,7.7186,32403.1
637.232,-7.222,134.339,-174.2771,11.8223,7.7417,32464.6
637.765,-7.238,133.998,-174.2587,11.7913,7.7612,32526.9
638.294,-7.262,133.64,-174.2401,11.7618,7.7799,32588.6
638.861,-7.284,133.275,-174.2208,11.7295,7.8004,32651.4
639.388,-7.302,132.923,-174.2025,11.6992,7.8194,32713.3
639.921,-7.33,132.575,-174.1843,11.6689,7.8376,32775.1
640.523,-7.348,132.178,-174.1641,11.6346,7.8611,32838.1
641.056,-7.371,131.831,-174.1452,11.604,7.8789,32899.7
641.589,-7.395,131.483,-174.128,11.5734,7.8993,32962.6
642.122,-7.412,131.135,-174.1092,11.5428,7.9175,33023.6
642.683,-7.436,130.754,-174.0901,11.5114,7.9387,33086.5
643.283,-7.459,130.356,-174.0697,11.4772,7.9595,33147.6
643.82,-7.481,130.018,-174.0522,11.4456,7.9791,33209.8
644.346,-7.502,129.661,-174.034,11.4164,7.9989,33271.9
644.878,-7.525,129.313,-174.0165,11.3855,8.0182,33333.9
645.411,-7.543,128.96,-173.9972,11.3552,8.0354,33394.8
645.94,-7.559,128.619,-173.9797,11.3245,8.0554,33457.6
646.582,-7.585,128.194,-173.9579,11.288,8.0777,33519.6
647.111,-7.611,127.846,-173.9405,11.258,8.0967,33580.9
647.642,-7.634,127.499,-173.9233,11.2266,8.1171,33644.1
648.172,-7.648,127.152,-173.9051,11.1963,8.1363,33707.1
648.695,-7.677,126.795,-173.8877,11.1669,8.1549,33769.6
649.341,-7.695,126.379,-173.8658,11.1294,8.1769,33831.4
649.87,-7.721,126.032,-173.8487,11.0988,8.1969,33893.7
650.4,-7.74,125.679,-173.8307,11.0692,8.2156,33954.7
650.937,-7.755,125.335,-173.8131,11.0375,8.2356,34015.9
651.466,-7.784,124.981,-173.7953,11.0078,8.2533,34077.0
651.995,-7.8,124.634,-173.7776,10.9769,8.2732,34138.0
652.523,-7.823,124.28,-173.76,10.9473,8.2913,34200.6
653.151,-7.846,123.866,-173.7392,10.9105,8.3144,34262.7
653.151,-7.846,123.866,-173.7392,10.9105,8.3144,34325.7
653.426,-7.853,123.687,-173.7299,10.8947,8.3253,34386.9
653.955,-7.881,123.333,-173.7116,10.8647,8.3421,34449.2
654.49,-7.896,122.991,-173.6934,10.8335,8.3612,34510.4
655.06,-7.921,122.615,-173.6753,10.8006,8.3829,34572.5
655.587,-7.943,122.262,-173.6577,10.7714,8.4022,34633.6
656.116,-7.961,121.91,-173.6396,10.7409,8.4208,34694.8
656.751,-7.99,121.493,-173.6175,10.7043,8.4417,34756.4
657.286,-8.011,121.143,-173.6004,10.6736,8.462,34819.1
657.82,-8.033,120.793,-173.5827,10.6431,8.4802,34881.4
658.346,-8.054,120.447,-173.5649,10.6128,8.4985,34944.3
658.982,-8.075,120.025,-173.5429,10.5764,8.5211,35006.0
659.516,-8.101,119.674,-173.5263,10.5456,8.5407,35068.1
659.974,-8.116,119.371,-173.5109,10.5199,8.5572,35129.3
660.508,-8.138,119.021,-173.4935,10.4888,8.5763,35192.2
661.035,-8.158,118.669,-173.4751,10.4589,8.5937,35254.9
661.573,-8.183,118.328,-173.4581,10.4271,8.6126,35317.5
662.174,-8.203,117.931,-173.4374,10.3929,8.6334,35379.1
662.699,-8.227,117.578,-173.42,10.3627,8.6523,35441.2
663.266,-8.248,117.204,-173.4014,10.33,8.6721,35504.0
663.797,-8.267,116.854,-173.3842,10.2999,8.6913,35565.2
664.335,-8.291,116.514,-173.3668,10.2678,8.7091,35626.2
664.862,-8.306,116.156,-173.3496,10.2378,8.7298,35688.0
665.466,-8.334,115.767,-173.3297,10.2028,8.7495,35750.1
665.997,-8.36,115.417,-173.3121,10.1724,8.7672,35812.0
666.523,-8.378,115.058,-173.2952,10.1423,8.7874,35873.7
667.087,-8.4,114.685,-173.276,10.1103,8.8062,35935.7
667.619,-8.416,114.336,-173.2585,10.0793,8.8258,35997.8
668.222,-8.445,113.948,-173.2392,10.0437,8.8463,36060.0
668.753,-8.468,113.591,-173.2227,10.0137,8.8659,36122.0
669.283,-8.487,113.242,-173.2047,9.9829,8.8831,36184.1
669.819,-8.507,112.902,-173.1879,9.9511,8.9021,36246.8
670.35,-8.529,112.546,-173.1708,9.9208,8.921,36307.6
670.621,-8.538,112.366,-173.1619,9.9054,8.9301,36369.4
670.719,-8.543,112.3,-173.1579,9.9002,8.9327,36430.9
671.25,-8.566,111.943,-173.1409,9.8699,8.9513,36493.4
671.778,-8.583,111.603,-173.124,9.8385,8.9717,36555.6
672.315,-8.604,111.257,-173.1065,9.8072,8.9897,36617.4
672.846,-8.623,110.902,-173.0886,9.7775,9.008,36680.1
673.375,-8.651,110.554,-173.0709,9.7471,9.0253,36741.8
674.011,-8.678,110.135,-173.0508,9.7096,9.0486,36803.7
674.542,-8.695,109.781,-173.0323,9.6796,9.0661,36866.3
675.07,-8.719,109.432,-173.0158,9.6489,9.0856,36929.1
675.606,-8.731,109.087,-172.9977,9.6182,9.1034,36991.7
676.135,-8.751,108.739,-172.9805,9.5872,9.1224,37053.7
676.779,-8.78,108.316,-172.9599,9.5502,9.1445,37115.7
677.299,-8.801,107.966,-172.9426,9.5201,9.1633,37178.6
677.834,-8.826,107.621,-172.9257,9.4891,9.1817,37241.1
678.362,-8.844,107.265,-172.9088,9.4588,9.2007,37303.2
678.999,-8.87,106.841,-172.8874,9.4223,9.2221,37365.1
679.534,-8.885,106.496,-172.87,9.391,9.2405,37427.6
680.066,-8.915,106.149,-172.8536,9.36,9.2582,37490.6
680.6,-8.94,105.804,-172.8364,9.3287,9.2756,37552.9
681.128,-8.951,105.458,-172.8188,9.2978,9.2955,37615.8
681.763,-8.976,105.032,-172.7982,9.2613,9.3166,37677.9
682.29,-9.004,104.677,-172.7815,9.2314,9.3357,37740.6
682.826,-9.02,104.326,-172.7645,9.2003,9.3547,37803.1
683.351,-9.041,103.977,-172.7475,9.1698,9.3723,37864.0
683.924,-9.065,103.611,-172.7293,9.1365,9.3913,37925.6
684.458,-9.085,103.259,-172.7126,9.1053,9.4099,37987.9
685.058,-9.111,102.866,-172.6931,9.0697,9.4305,38049.9
685.59,-9.132,102.521,-172.6765,9.0388,9.449,38111.3
686.117,-9.153,102.166,-172.6598,9.0086,9.4674,38174.2
686.649,-9.171,101.822,-172.6424,8.9773,9.4854,38236.1
687.218,-9.197,101.439,-172.6245,8.9448,9.5051,38297.5
687.816,-9.22,101.046,-172.6052,8.9101,9.5258,38360.2
688.347,-9.241,100.701,-172.5883,8.8789,9.5432,38421.3
688.615,-9.25,100.521,-172.5807,8.8633,9.554,38483.4
688.615,-9.25,100.521,-172.5807,8.8633,9.554,38544.6
689.139,-9.271,100.174,-172.5635,8.8329,9.5715,38606.2
689.666,-9.288,99.821,-172.5461,8.8027,9.5906,38668.3
690.483,-9.32,99.29,-172.5201,8.7554,9.6181,38751.9
691.016,-9.342,98.939,-172.5034,8.7243,9.6364,38813.7
691.542,-9.364,98.585,-172.4865,8.6941,9.6548,38875.6
692.081,-9.384,98.245,-172.4693,8.6621,9.6725,38937.3
692.605,-9.407,97.89,-172.4526,8.6319,9.6906,38999.9
693.137,-9.427,97.547,-172.4352,8.6007,9.7083,39062.3
693.664,-9.448,97.187,-172.4176,8.571,9.7259,39124.2
694.301,-9.47,96.773,-172.3974,8.5333,9.7481,39186.2
694.833,-9.494,96.422,-172.3802,8.5029,9.7653,39247.2
695.371,-9.522,96.073,-172.3644,8.4713,9.7839,39310.2
695.902,-9.534,95.73,-172.3468,8.4398,9.8012,39372.7
696.426,-9.56,95.376,-172.3304,8.41,9.8201,39435.4
697.065,-9.583,94.956,-172.3099,8.3727,9.841,39498.2
697.596,-9.609,94.605,-172.2932,8.3417,9.859,39559.2
698.133,-9.628,94.264,-172.277,8.31,9.8774,39620.3
698.658,-9.647,93.912,-172.2592,8.2796,9.8951,39682.4
699.19,-9.668,93.553,-172.2427,8.2493,9.9133,39744.3
699.727,-9.685,93.213,-172.2259,8.2173,9.9309,39806.9
700.356,-9.716,92.788,-172.2067,8.1806,9.9529,39869.8
700.887,-9.733,92.438,-172.1894,8.1502,9.9706,39930.9
701.425,-9.758,92.098,-172.173,8.1177,9.9886,39992.9
701.949,-9.777,91.738,-172.1557,8.088,10.006,40054.8
702.479,-9.798,91.387,-172.1397,8.0573,10.025,40117.2
703.116,-9.827,90.966,-172.1194,8.0201,10.0454,40179.2
703.646,-9.845,90.616,-172.1028,7.9892,10.0638,40241.6
704.182,-9.868,90.275,-172.087,7.9566,10.0816,40304.0
704.713,-9.889,89.924,-172.0706,7.9256,10.0997,40366.5
705.243,-9.912,89.566,-172.0541,7.8954,10.1176,40428.4
705.845,-9.939,89.177,-172.0356,7.86,10.1373,40490.6
706.302,-9.945,88.873,-172.0208,7.8334,10.1536,40553.1
706.833,-9.966,88.523,-172.0039,7.8021,10.1707,40615.9
707.139,-9.982,88.323,-171.9949,7.7841,10.1814,40678.5
707.163,-9.979,88.303,-171.9934,7.7827,10.1823,40741.2
707.52,-9.999,88.071,-171.9826,7.762,10.1934,40803.7
708.051,-10.017,87.722,-171.9656,7.7311,10.212,40864.7
708.581,-10.04,87.372,-171.9497,7.7005,10.2308,40926.4
709.118,-10.063,87.025,-171.9325,7.669,10.2468,40988.6
709.747,-10.082,86.603,-171.9122,7.6321,10.2689,41050.5
710.277,-10.105,86.253,-171.8957,7.6012,10.2869,41111.7
710.807,-10.128,85.903,-171.8794,7.5703,10.3046,41173.2
711.344,-10.149,85.557,-171.8622,7.5392,10.3219,41235.1
711.873,-10.167,85.206,-171.8461,7.5083,10.34,41298.2
712.403,-10.19,84.857,-171.8292,7.4771,10.3569,41361.4
713.039,-10.215,84.437,-171.8099,7.4397,10.3793,41423.6
713.575,-10.241,84.09,-171.7933,7.4086,10.3958,41485.1
714.1,-10.252,83.732,-171.7761,7.3784,10.4149,41547.4
714.634,-10.28,83.391,-171.76,7.3465,10.431,41609.3
715.171,-10.297,83.044,-171.7438,7.3148,10.4493,41672.2
715.801,-10.322,82.615,-171.7236,7.2788,10.4707,41734.3
716.337,-10.351,82.268,-171.7077,7.2471,10.4879,41795.5
716.866,-10.369,81.918,-171.6914,7.2162,10.506,41857.2
717.396,-10.383,81.57,-171.6744,7.185,10.5236,41919.4
717.924,-10.413,81.219,-171.6584,7.1542,10.5407,41980.3
718.454,-10.43,80.87,-171.6416,7.123,10.558,42041.5
718.99,-10.449,80.523,-171.6258,7.0917,10.5769,42103.8
719.624,-10.481,80.103,-171.6061,7.0547,10.5965,42166.5
720.155,-10.498,79.755,-171.5898,7.023,10.6147,42228.5
720.69,-10.522,79.407,-171.5744,6.9916,10.6331,42290.7
721.221,-10.54,79.05,-171.5572,6.9609,10.6491,42352.6
721.749,-10.559,78.709,-171.541,6.9294,10.6672,42414.8
722.352,-10.584,78.306,-171.5229,6.8941,10.6877,42477.5
722.914,-10.602,77.933,-171.5048,6.8614,10.7053,42538.6
723.45,-10.628,77.585,-171.4893,6.8298,10.7225,42600.9
723.979,-10.647,77.236,-171.4734,6.7984,10.7414,42663.7
724.507,-10.673,76.886,-171.4576,6.7676,10.7586,42725.5
725.116,-10.693,76.493,-171.4397,6.7314,10.7783,42787.8
725.645,-10.716,76.143,-171.4233,6.7003,10.7948,42850.6
726.175,-10.736,75.795,-171.4071,6.6687,10.8126,42912.1
726.743,-10.761,75.423,-171.3901,6.6355,10.8304,42974.4
727.255,-10.778,75.074,-171.3743,6.6057,10.8482,43035.3
727.255,-10.778,75.074,-171.3743,6.6057,10.8482,43096.2
727.497,-10.784,74.917,-171.3665,6.5917,10.8555,43158.8
728.093,-10.811,74.52,-171.3485,6.5566,10.8758,43221.1
728.623,-10.83,74.172,-171.3315,6.5255,10.8928,43283.5
729.16,-10.854,73.826,-171.3152,6.4936,10.9093,43345.5
729.691,-10.877,73.47,-171.2992,6.463,10.9279,43407.2
730.221,-10.891,73.121,-171.2827,6.432,10.9451,43469.6
730.856,-10.921,72.701,-171.2636,6.3945,10.9655,43530.5
731.426,-10.942,72.331,-171.2466,6.3608,10.9847,43592.8
731.95,-10.963,71.981,-171.23,6.33,11.0025,43655.6
732.487,-10.98,71.635,-171.2141,6.2984,11.0205,43718.4
733.017,-11.005,71.278,-171.1971,6.2678,11.0357,43780.5
733.619,-11.029,70.891,-171.1796,6.2321,11.0561,43843.3
734.15,-11.054,70.535,-171.1639,6.2007,11.0743,43905.6
734.681,-11.069,70.187,-171.1471,6.1696,11.0915,43968.4
735.244,-11.093,69.814,-171.1298,6.1365,11.1094,44029.3
735.781,-11.113,69.468,-171.1138,6.1046,11.1259,44090.9
736.311,-11.142,69.118,-171.0984,6.0734,11.1437,44153.5
736.914,-11.166,68.724,-171.0808,6.0375,11.164,44215.0
737.445,-11.183,68.376,-171.0639,6.0062,11.1799,44276.0
737.97,-11.199,68.018,-171.0473,5.9762,11.198,44338.5
738.5,-11.219,67.669,-171.0316,5.9446,11.2154,44400.2
739.07,-11.25,67.297,-171.0153,5.911,11.2334,44462.4
739.607,-11.27,66.959,-170.9993,5.8785,11.25,44524.6
740.204,-11.287,66.554,-170.981,5.8439,11.2698,44587.3
740.736,-11.307,66.206,-170.9655,5.8127,11.2883,44649.2
741.266,-11.33,65.857,-170.9497,5.7808,11.3045,44712.0
741.797,-11.352,65.507,-170.9344,5.7496,11.3227,44775.1
742.428,-11.374,65.08,-170.9138,5.7131,11.3418,44838.6
742.967,-11.398,64.734,-170.8985,5.6808,11.3588,44900.1
743.496,-11.425,64.383,-170.8837,5.6496,11.3765,44961.5
744.029,-11.444,64.036,-170.8673,5.6178,11.3931,45023.1
744.553,-11.456,63.684,-170.8514,5.587,11.4111,45084.9
745.083,-11.483,63.335,-170.8362,5.5556,11.4278,45146.8
745.8,-11.511,62.88,-170.8161,5.5124,11.4511,45208.7
746.26,-11.529,62.569,-170.8021,5.4859,11.4656,45270.7
746.786,-11.548,62.219,-170.7861,5.4543,11.4831,45333.5
747.317,-11.573,61.87,-170.77,5.4234,11.4991,45395.5
747.848,-11.594,61.52,-170.7556,5.3914,11.517,45458.0
747.9,-11.596,61.488,-170.7534,5.3887,11.5178,45520.0
748.177,-11.605,61.307,-170.7449,5.3726,11.5262,45582.0
748.703,-11.627,60.956,-170.7288,5.3419,11.5436,45644.0
749.237,-11.649,60.609,-170.7125,5.31,11.5599,45706.5
749.768,-11.668,60.259,-170.6972,5.2786,11.5772,45767.6
750.295,-11.69,59.909,-170.6817,5.2473,11.5955,45829.7
750.935,-11.72,59.491,-170.663,5.2091,11.6155,45891.7
751.468,-11.737,59.142,-170.6467,5.1782,11.6322,45953.5
751.996,-11.759,58.793,-170.6308,5.1466,11.6495,46014.6
752.528,-11.778,58.443,-170.6148,5.1157,11.6658,46078.2
753.056,-11.803,58.085,-170.5989,5.0849,11.6827,46140.6
753.658,-11.824,57.689,-170.5812,5.049,11.7031,46203.1
754.19,-11.844,57.348,-170.5661,5.0169,11.7202,46264.2
754.725,-11.861,57.0,-170.55,4.9851,11.7368,46325.6
755.292,-11.889,56.626,-170.5331,4.9521,11.754,46386.6
755.82,-11.906,56.276,-170.5178,4.9208,11.7725,46447.7
756.354,-11.936,55.926,-170.5021,4.889,11.7879,46508.8
756.883,-11.952,55.577,-170.4863,4.8575,11.8056,46571.4
757.41,-11.972,55.225,-170.4704,4.8265,11.8217,46633.5
758.052,-12.0,54.806,-170.4523,4.7887,11.8428,46695.3
758.58,-12.02,54.455,-170.4369,4.7571,11.8599,46756.6
759.116,-12.038,54.115,-170.4211,4.7247,11.8763,46818.6
759.638,-12.058,53.753,-170.4051,4.6946,11.8935,46880.7
760.174,-12.079,53.413,-170.3896,4.6622,11.9096,46942.9
760.703,-12.098,53.062,-170.3733,4.6312,11.926,47004.4
761.338,-12.129,52.64,-170.356,4.5936,11.9476,47066.4
761.875,-12.15,52.291,-170.3398,4.5615,11.9627,47129.0
762.404,-12.175,51.939,-170.325,4.5303,11.9803,47191.1
762.934,-12.187,51.588,-170.3095,4.4988,11.998,47253.2
763.464,-12.21,51.237,-170.2942,4.4673,12.0148,47314.1
763.994,-12.234,50.885,-170.279,4.4358,12.0315,47375.0
764.531,-12.257,50.545,-170.2635,4.4033,12.0475,47436.2
765.161,-12.279,50.121,-170.2451,4.3659,12.0677,47499.0
765.692,-12.301,49.769,-170.229,4.3349,12.0838,47560.5
766.229,-12.32,49.427,-170.2149,4.3022,12.1017,47623.7
766.754,-12.339,49.075,-170.1983,4.2709,12.1169,47685.3
767.285,-12.357,48.723,-170.1837,4.2397,12.135,47747.9
767.924,-12.391,48.301,-170.1656,4.2015,12.1543,47810.3
768.455,-12.408,47.957,-170.1507,4.1693,12.1714,47872.1
768.986,-12.427,47.605,-170.1357,4.1378,12.1884,47933.4
769.074,-12.428,47.55,-170.1326,4.1329,12.1907,47994.8
769.205,-12.437,47.46,-170.1289,4.125,12.1949,48056.3
769.736,-12.454,47.115,-170.1138,4.0936,12.2121,48117.7
770.265,-12.473,46.764,-170.0969,4.0622,12.2274,48179.4
770.871,-12.501,46.373,-170.0807,4.026,12.2478,48241.3
771.432,-12.522,45.996,-170.0636,3.9928,12.2653,48303.8
771.967,-12.538,45.645,-170.0472,3.9615,12.2808,48365.9
772.5,-12.565,45.302,-170.0322,3.9292,12.2972,48428.8
773.028,-12.581,44.948,-170.0166,3.8984,12.3146,48490.0
773.594,-12.61,44.579,-170.0014,3.8643,12.3332,48552.1
774.124,-12.624,44.226,-169.9852,3.8332,12.3497,48614.0
774.725,-12.652,43.834,-169.968,3.7972,12.3681,48675.7
775.295,-12.679,43.459,-169.9515,3.7631,12.385,48736.7
775.823,-12.698,43.105,-169.9368,3.7318,12.4028,48797.7
776.36,-12.716,42.761,-169.9207,3.6998,12.4181,48860.1
776.881,-12.735,42.404,-169.9057,3.6691,12.436,48922.0
777.417,-12.766,42.06,-169.891,3.6369,12.4521,48984.0
777.948,-12.781,41.716,-169.875,3.605,12.4686,49046.4
778.546,-12.8,41.313,-169.8576,3.5696,12.4875,49108.3
779.081,-12.826,40.959,-169.843,3.538,12.5036,49169.5
779.647,-12.852,40.59,-169.8262,3.504,12.5208,49232.2
780.177,-12.873,40.236,-169.8106,3.4729,12.5366,49293.2
780.707,-12.887,39.889,-169.7964,3.4408,12.5547,49354.1
781.233,-12.903,39.533,-169.7796,3.4101,12.5701,49415.1
781.769,-12.931,39.195,-169.766,3.3774,12.5871,49477.8
782.405,-12.958,38.769,-169.7475,3.3397,12.6069,49538.9
782.942,-12.985,38.424,-169.7331,3.3074,12.623,49601.5
783.469,-12.995,38.068,-169.7172,3.2762,12.6397,49664.0
784.0,-13.021,37.72,-169.7026,3.2446,12.6559,49727.0
784.533,-13.045,37.373,-169.6872,3.2128,12.6715,49788.9
785.163,-13.065,36.953,-169.6696,3.1745,12.6926,49850.9
785.695,-13.092,36.597,-169.6543,3.1434,12.7078,49912.9
786.229,-13.108,36.25,-169.6398,3.111,12.7248,49974.0
786.757,-13.13,35.901,-169.6247,3.0793,12.7414,50035.5
787.291,-13.155,35.562,-169.6101,3.0469,12.7578,50097.6
787.819,-13.172,35.204,-169.5951,3.0159,12.7747,50160.0
788.354,-13.199,34.857,-169.5804,2.9832,12.7897,50221.9
788.991,-13.217,34.436,-169.5626,2.9457,12.8099,50283.8
789.519,-13.245,34.086,-169.5486,2.9134,12.8269,50346.8
790.051,-13.256,33.738,-169.5323,2.8818,12.8425,50408.7
790.586,-13.288,33.389,-169.5186,2.8497,12.8591,50471.0
790.77,-13.291,33.259,-169.5129,2.839,12.8655,50533.4
790.827,-13.294,33.221,-169.5112,2.8355,12.8671,50595.3
791.29,-13.31,32.912,-169.4982,2.8082,12.8822,50657.5
791.82,-13.337,32.562,-169.4835,2.7764,12.8983,50721.1
792.353,-13.349,32.222,-169.4678,2.7443,12.9149,50783.5
792.953,-13.377,31.824,-169.4504,2.7085,12.9319,50846.2
793.486,-13.402,31.474,-169.4348,2.6771,12.9474,50907.7
794.011,-13.418,31.123,-169.4203,2.6454,12.9652,50969.3
794.544,-13.437,30.772,-169.4049,2.6141,12.9811,51032.4
795.113,-13.463,30.399,-169.3891,2.58,12.9988,51094.3
795.646,-13.482,30.057,-169.3736,2.5477,13.0137,51156.3
796.18,-13.502,29.707,-169.359,2.5158,13.0303,51217.3
796.777,-13.528,29.307,-169.3421,2.4802,13.0494,51279.9
797.304,-13.548,28.954,-169.3272,2.4491,13.0661,51342.2
797.833,-13.565,28.602,-169.3117,2.4176,13.082,51403.2
798.374,-13.589,28.261,-169.2972,2.3848,13.0973,51465.4
798.932,-13.615,27.883,-169.2816,2.3515,13.1159,51526.8
799.392,-13.623,27.579,-169.2674,2.3241,13.1286,51589.6
800.032,-13.659,27.154,-169.2511,2.2858,13.1492,51651.5
800.563,-13.678,26.81,-169.2352,2.2541,13.1641,51712.5
801.163,-13.699,26.417,-169.219,2.2177,13.1834,51779.2
801.695,-13.718,26.065,-169.2034,2.1861,13.1993,51841.1
802.225,-13.741,25.719,-169.1891,2.1541,13.2155,51902.7
802.792,-13.764,25.342,-169.1731,2.1203,13.2323,51963.8
803.323,-13.787,24.997,-169.1584,2.0881,13.2475,52025.9
803.855,-13.813,24.643,-169.1446,2.0562,13.2645,52088.6
804.459,-13.835,24.25,-169.1272,2.02,13.2819,52150.6
804.993,-13.848,23.905,-169.1126,1.9878,13.2991,52212.6
805.518,-13.873,23.547,-169.0986,1.9566,13.3159,52273.6
806.054,-13.895,23.203,-169.0835,1.9241,13.3315,52336.2
806.581,-13.911,22.846,-169.0691,1.8927,13.3481,52397.6
807.114,-13.939,22.499,-169.0551,1.8606,13.3638,52458.6
807.678,-13.963,22.127,-169.0392,1.8266,13.3805,52521.3
808.279,-13.987,21.732,-169.0221,1.7902,13.3977,52583.6
808.808,-14.002,21.384,-169.0072,1.7585,13.4135,52645.9
809.346,-14.028,21.038,-168.9927,1.7262,13.4297,52708.0
809.874,-14.047,20.688,-168.9792,1.6942,13.4469,52770.1
810.405,-14.063,20.34,-168.964,1.6622,13.4616,52832.1
811.042,-14.093,19.918,-168.9468,1.6237,13.4806,52894.3
811.575,-14.107,19.571,-168.9316,1.5918,13.4966,52955.7
812.099,-14.134,19.211,-168.917,1.5608,13.5124,53017.7
812.638,-14.157,18.872,-168.9042,1.5273,13.5294,53079.8
813.171,-14.175,18.522,-168.8895,1.4954,13.5449,53141.5
813.797,-14.202,18.096,-168.8723,1.4576,13.565,53203.0
814.064,-14.217,17.933,-168.8652,1.4414,13.5713,53265.4
814.158,-14.224,17.869,-168.8634,1.4359,13.5749,53327.3
814.508,-14.236,17.632,-168.8528,1.4151,13.5846,53389.4
815.043,-14.255,17.291,-168.8386,1.3825,13.6013,53451.3
815.675,-14.278,16.867,-168.8199,1.3448,13.62,53513.9
816.21,-14.299,16.516,-168.8057,1.313,13.6362,53576.8
816.741,-14.324,16.174,-168.7906,1.2808,13.6515,53639.3
817.272,-14.344,15.814,-168.7757,1.2494,13.6668,53702.2
817.803,-14.363,15.47,-168.762,1.2169,13.6842,53764.2
818.405,-14.393,15.078,-168.745,1.1808,13.7008,53826.8
818.938,-14.412,14.726,-168.7306,1.1487,13.7173,53889.6
819.507,-14.433,14.357,-168.7155,1.1144,13.7351,53951.7
820.034,-14.449,14.004,-168.6996,1.0832,13.7498,54013.7
820.561,-14.468,13.65,-168.685,1.0518,13.7663,54075.2
821.161,-14.497,13.256,-168.6678,1.0153,13.783,54137.2
821.694,-14.521,12.91,-168.655,0.9829,13.8009,54198.2
822.223,-14.541,12.556,-168.6401,0.9512,13.8161,54261.1
822.758,-14.565,12.202,-168.6253,0.9195,13.8312,54322.0
823.324,-14.587,11.832,-168.6104,0.885,13.8488,54384.4
823.853,-14.598,11.485,-168.5956,0.8532,13.8647,54446.7
824.456,-14.622,11.089,-168.5793,0.8169,13.8826,54508.3
824.987,-14.644,10.742,-168.5653,0.7845,13.8987,54569.5
825.518,-14.668,10.386,-168.551,0.7528,13.9146,54631.3
826.043,-14.688,10.037,-168.5355,0.7214,13.929,54693.6
826.583,-14.713,9.692,-168.5211,0.6887,13.9439,54756.2
827.111,-14.724,9.344,-168.5074,0.6563,13.9618,54818.6
827.747,-14.75,8.92,-168.489,0.6185,13.979,54880.2
828.281,-14.776,8.571,-168.4756,0.5862,13.9958,54942.9
828.807,-14.801,8.213,-168.4609,0.5548,14.0105,55005.1
829.335,-14.815,7.87,-168.4475,0.5224,14.0281,55068.0
829.98,-14.848,7.455,-168.4306,0.4834,14.0457,55130.9
830.51,-14.862,7.105,-168.4164,0.4513,14.0622,55193.2
831.04,-14.888,6.754,-168.4024,0.4193,14.078,55255.4
831.572,-14.902,6.405,-168.3878,0.3869,14.0936,55317.6
832.101,-14.931,6.053,-168.3741,0.3549,14.1089,55378.6
832.634,-14.945,5.711,-168.3595,0.3225,14.1247,55441.9
833.269,-14.977,5.283,-168.3425,0.2847,14.1432,55504.4
833.795,-14.992,4.93,-168.3278,0.253,14.1586,55566.2
834.368,-15.009,4.563,-168.3125,0.2181,14.1756,55630.1
834.893,-15.038,4.209,-168.2982,0.1864,14.1899,55692.3
835.428,-15.057,3.866,-168.2848,0.1534,14.206,55754.5
836.066,-15.083,3.444,-168.2688,0.1149,14.2259,55815.7
836.595,-15.1,3.09,-168.2536,0.0835,14.2402,55879.5
837.126,-15.116,2.746,-168.2392,0.0507,14.2556,55941.9
837.655,-15.147,2.39,-168.2254,0.019,14.2708,56004.4
837.881,-15.157,2.244,-168.221,0.005,14.2786,56067.8
837.936,-15.16,2.203,-168.219,0.0019,14.2801,56130.0
838.452,-15.186,1.866,-168.2056,-0.0295,14.2945,56191.1
839.007,-15.201,1.512,-168.1916,-0.0633,14.3122,56253.0
839.449,-15.212,1.21,-168.178,-0.0894,14.3252,56314.1
839.968,-15.235,0.873,-168.1636,-0.1207,14.339,56375.1
840.553,-15.265,0.491,-168.1498,-0.1565,14.3578,56437.0
841.07,-15.284,0.154,-168.1343,-0.1876,14.3711,56498.4
841.614,-15.297,-0.221,-168.119,-0.2198,14.3878,56560.6
842.128,-15.321,-0.561,-168.1057,-0.2508,14.4033,56622.8
842.651,-15.346,-0.89,-168.0921,-0.2827,14.418,56685.3
843.234,-15.374,-1.282,-168.0767,-0.318,14.435,56747.2
843.782,-15.386,-1.648,-168.061,-0.3507,14.4509,56808.8
844.3,-15.411,-1.98,-168.0484,-0.3825,14.4675,56869.8
844.818,-15.427,-2.319,-168.0344,-0.4141,14.4815,56932.2
845.335,-15.454,-2.661,-168.0205,-0.4448,14.4958,56994.3
845.849,-15.465,-2.993,-168.0068,-0.4765,14.5125,57057.0
846.436,-15.496,-3.378,-167.9914,-0.5121,14.5282,57119.4
846.951,-15.51,-3.721,-167.9777,-0.5431,14.5445,57180.6
847.495,-15.536,-4.09,-167.9629,-0.5758,14.5602,57242.9
848.009,-15.552,-4.434,-167.9483,-0.6063,14.5743,57305.3
848.532,-15.579,-4.758,-167.935,-0.6389,14.5887,57368.1
849.048,-15.596,-5.101,-167.9212,-0.6701,14.6037,57429.4
849.632,-15.618,-5.491,-167.9065,-0.705,14.622,57490.3
850.147,-15.638,-5.835,-167.893,-0.7362,14.6366,57553.3
850.665,-15.666,-6.171,-167.8793,-0.7676,14.6509,57615.1
851.216,-15.684,-6.532,-167.8649,-0.8014,14.6671,57677.4
851.733,-15.705,-6.87,-167.8515,-0.8327,14.6817,57739.6
852.241,-15.717,-7.215,-167.8376,-0.8637,14.698,57801.4
852.831,-15.74,-7.596,-167.8221,-0.8994,14.7143,57863.0
853.348,-15.765,-7.936,-167.8092,-0.9307,14.7285,57924.4
853.862,-15.794,-8.274,-167.7961,-0.9622,14.7435,57985.9
854.38,-15.811,-8.62,-167.7821,-0.9934,14.7584,58047.9
854.894,-15.832,-8.959,-167.7681,-1.0245,14.772,58110.4
855.411,-15.851,-9.29,-167.7551,-1.0562,14.7878,58171.6
855.96,-15.872,-9.656,-167.7412,-1.0897,14.8047,58233.2
856.546,-15.889,-10.041,-167.7254,-1.1253,14.8203,58295.8
857.065,-15.909,-10.381,-167.7118,-1.1566,14.8349,58358.0
857.576,-15.931,-10.722,-167.6995,-1.1883,14.8512,58420.4
858.368,-15.969,-11.243,-167.6784,-1.2361,14.8728,58493.3
858.812,-15.984,-11.541,-167.6672,-1.2632,14.8868,58556.1
859.331,-16.001,-11.874,-167.6546,-1.2951,14.9015,58618.3
859.846,-16.021,-12.216,-167.6403,-1.3263,14.9151,58680.8
860.36,-16.046,-12.561,-167.6281,-1.3575,14.9311,58742.3
860.878,-16.065,-12.894,-167.6137,-1.389,14.945,58803.4
861.394,-16.08,-13.238,-167.601,-1.4205,14.9607,58866.2
861.976,-16.104,-13.627,-167.5858,-1.4561,14.9777,58928.9
861.976,-16.104,-13.627,-167.5858,-1.4561,14.9777,58990.3
862.212,-16.108,-13.782,-167.5797,-1.4708,14.9851,59052.5
862.678,-16.13,-14.091,-167.5668,-1.4985,14.9982,59114.0
863.149,-16.148,-14.39,-167.5552,-1.5273,15.0112,59175.1
863.607,-16.17,-14.709,-167.5423,-1.5544,15.024,59237.1
864.172,-16.194,-15.068,-167.5285,-1.5893,15.0408,59298.4
864.64,-16.207,-15.377,-167.5155,-1.6173,15.0533,59359.4
865.106,-16.235,-15.679,-167.5048,-1.6461,15.0676,59420.3
865.57,-16.245,-15.988,-167.4912,-1.6738,15.0804,59484.2
866.038,-16.273,-16.298,-167.4798,-1.7022,15.0937,59546.2
866.593,-16.281,-16.661,-167.464,-1.7359,15.1097,59608.3
866.964,-16.298,-16.911,-167.4548,-1.7587,15.1206,59669.7
867.524,-16.327,-17.284,-167.441,-1.7924,15.1368,59731.7
867.993,-16.336,-17.576,-167.4285,-1.8217,15.1507,59792.7
868.456,-16.364,-17.889,-167.4157,-1.8494,15.1621,59853.7
868.926,-16.384,-18.193,-167.4045,-1.878,15.1758,59915.6
869.387,-16.395,-18.505,-167.3917,-1.9061,15.1893,59977.6
869.853,-16.412,-18.81,-167.38,-1.9344,15.2034,60038.8
870.321,-16.427,-19.114,-167.3677,-1.963,15.2166,60099.9
870.878,-16.457,-19.49,-167.3535,-1.9966,15.2317,60162.7
871.339,-16.471,-19.797,-167.3414,-2.0246,15.2459,60225.1
871.807,-16.49,-20.102,-167.3296,-2.0532,15.2588,60286.5
872.278,-16.506,-20.398,-167.3174,-2.0821,15.2721,60349.3
872.746,-16.538,-20.705,-167.3057,-2.1107,15.284,60411.4
873.209,-16.554,-21.021,-167.2931,-2.1383,15.297,60472.4
873.767,-16.57,-21.389,-167.2791,-2.1726,15.3141,60533.7
874.231,-16.589,-21.697,-167.267,-2.2009,15.3269,60595.6
874.731,-16.615,-22.018,-167.2549,-2.2314,15.3405,60657.4
875.193,-16.628,-22.325,-167.2429,-2.2601,15.3547,60721.3
875.663,-16.652,-22.634,-167.2312,-2.2882,15.3671,60785.2
876.194,-16.665,-22.974,-167.2168,-2.3208,15.3812,60847.1
876.66,-16.686,-23.285,-167.2058,-2.349,15.3957,60908.1
877.118,-16.706,-23.596,-167.1938,-2.377,15.4083,60970.1
877.619,-16.73,-23.926,-167.1812,-2.4076,15.4221,61032.2
878.019,-16.74,-24.187,-167.1706,-2.4322,15.4339,61094.2
878.55,-16.76,-24.539,-167.1577,-2.4644,15.449,61156.8
879.021,-16.779,-24.831,-167.1454,-2.4936,15.461,61217.8
879.483,-16.801,-25.145,-167.1343,-2.5215,15.4754,61279.4
879.947,-16.821,-25.458,-167.1227,-2.5498,15.4889,61341.3
880.411,-16.832,-25.761,-167.1104,-2.5784,15.5012,61403.3
880.883,-16.856,-26.065,-167.0994,-2.6073,15.5145,61464.3
881.375,-16.867,-26.398,-167.0862,-2.6373,15.5291,61525.6
881.933,-16.891,-26.758,-167.073,-2.6719,15.5453,61588.1
882.403,-16.91,-27.061,-167.0597,-2.7004,15.5562,61649.8
882.87,-16.933,-27.367,-167.0484,-2.729,15.5696,61711.7
883.33,-16.945,-27.683,-167.0369,-2.757,15.5835,61771.7
883.797,-16.97,-27.99,-167.0258,-2.7857,15.5966,61833.1
884.264,-16.986,-28.298,-167.0149,-2.8143,15.6103,61895.7
884.729,-17.004,-28.603,-167.0014,-2.8426,15.6212,61957.6
885.294,-17.032,-28.965,-166.9889,-2.8776,15.638,62019.6
885.757,-17.045,-29.274,-166.9776,-2.9059,15.6519,62081.5
886.107,-17.06,-29.51,-166.9673,-2.927,15.6597,62142.4
886.107,-17.06,-29.51,-166.9673,-2.927,15.6597,62204.0
886.336,-17.074,-29.662,-166.9613,-2.9407,15.6651,62266.4
886.722,-17.08,-29.919,-166.9517,-2.9643,15.6778,62327.2
887.111,-17.095,-30.174,-166.9415,-2.9883,15.6889,62388.2
887.505,-17.118,-30.429,-166.9322,-3.0124,15.6994,62450.1
887.973,-17.14,-30.738,-166.92,-3.0408,15.7118,62512.9
888.369,-17.149,-30.994,-166.91,-3.0647,15.7234,62575.0
888.758,-17.168,-31.251,-166.9002,-3.0887,15.7342,62636.6
889.143,-17.181,-31.517,-166.8893,-3.1117,15.7454,62699.2
889.54,-17.192,-31.764,-166.88,-3.1363,15.7568,62760.8
889.929,-17.213,-32.022,-166.8705,-3.1602,15.7673,62822.8
890.366,-17.226,-32.318,-166.8585,-3.1869,15.78,62885.6
890.785,-17.242,-32.591,-166.8478,-3.2121,15.7913,62946.5
891.185,-17.265,-32.838,-166.8382,-3.237,15.8009,63007.6
891.569,-17.272,-33.106,-166.8278,-3.2601,15.8123,63069.4
891.962,-17.292,-33.365,-166.8178,-3.2838,15.823,63132.0
892.407,-17.312,-33.654,-166.8067,-3.3111,15.8353,63194.9
892.799,-17.323,-33.904,-166.7973,-3.3354,15.8465,63256.2
893.18,-17.337,-34.174,-166.7864,-3.3583,15.8575,63318.5
893.573,-17.35,-34.425,-166.7772,-3.3826,15.8685,63381.3
893.988,-17.377,-34.701,-166.7676,-3.4081,15.8808,63443.7
894.376,-17.385,-34.962,-166.7573,-3.4316,15.8923,63504.9
894.821,-17.409,-35.253,-166.7468,-3.4589,15.904,63567.3
895.22,-17.419,-35.503,-166.7364,-3.4833,15.9145,63630.2
895.609,-17.44,-35.756,-166.7268,-3.5075,15.925,63691.9
895.998,-17.45,-36.018,-166.7168,-3.531,15.9361,63754.2
896.462,-17.465,-36.336,-166.7055,-3.5592,15.9507,63817.3
896.858,-17.49,-36.58,-166.6965,-3.584,15.961,63880.0
897.243,-17.497,-36.843,-166.686,-3.6073,15.9724,63942.1
897.641,-17.521,-37.095,-166.6761,-3.6318,15.9818,64004.4
898.026,-17.53,-37.359,-166.6658,-3.6552,15.993,64065.8
898.498,-17.55,-37.67,-166.6541,-3.6836,16.0053,64129.4
898.891,-17.562,-37.915,-166.646,-3.7087,16.0183,64191.6
899.275,-17.583,-38.18,-166.6359,-3.732,16.0286,64253.4
899.67,-17.595,-38.434,-166.6256,-3.7563,16.0388,64314.8
900.063,-17.609,-38.69,-166.6161,-3.7803,16.0497,64376.9
900.455,-17.634,-38.947,-166.6066,-3.8043,16.0598,64438.2
900.844,-17.643,-39.203,-166.5965,-3.8281,16.071,64500.4
901.312,-17.663,-39.516,-166.5846,-3.8564,16.0832,64563.0
901.701,-17.674,-39.774,-166.5759,-3.8807,16.0961,64624.9
902.093,-17.691,-40.032,-166.5667,-3.9047,16.1066,64687.7
902.482,-17.703,-40.29,-166.5569,-3.9285,16.1176,64748.6
902.87,-17.727,-40.548,-166.5471,-3.9524,16.1278,64810.5
903.345,-17.745,-40.851,-166.5347,-3.9815,16.1392,64873.5
903.734,-17.759,-41.11,-166.5251,-4.0054,16.15,64935.7
904.123,-17.774,-41.369,-166.5156,-4.0293,16.1606,64997.0
904.516,-17.785,-41.619,-166.5057,-4.0536,16.1717,65058.2
905.09,-17.806,-41.996,-166.4927,-4.0893,16.1886,65145.2
905.475,-17.817,-42.266,-166.4823,-4.1123,16.1995,65207.0
905.871,-17.848,-42.518,-166.4735,-4.1369,16.2091,65269.3
906.288,-17.855,-42.785,-166.4628,-4.1626,16.2207,65331.3
906.673,-17.868,-43.056,-166.4526,-4.1857,16.2313,65393.1
907.119,-17.886,-43.339,-166.4424,-4.2137,16.2432,65456.0
907.509,-17.904,-43.603,-166.4334,-4.2371,16.2545,65518.2
907.928,-17.924,-43.87,-166.4238,-4.2637,16.2661,65580.1
908.314,-17.937,-44.135,-166.4141,-4.2869,16.2778,65642.5
908.757,-17.952,-44.418,-166.4035,-4.3149,16.2899,65705.9
908.962,-17.965,-44.556,-166.3985,-4.3272,16.2949,65768.8
908.998,-17.969,-44.578,-166.3983,-4.3294,16.297,65829.8
909.191,-17.972,-44.709,-166.3923,-4.3409,16.3006,65891.4
909.481,-17.985,-44.899,-166.3856,-4.3589,16.3094,65953.3
909.772,-17.998,-45.089,-166.3776,-4.3765,16.3164,66015.2
910.062,-18.013,-45.28,-166.371,-4.3945,16.3251,66077.4
910.392,-18.018,-45.49,-166.3636,-4.4151,16.3357,66139.4
910.702,-18.028,-45.699,-166.3553,-4.4337,16.344,66200.5
910.993,-18.043,-45.89,-166.3475,-4.4513,16.3507,66262.6
911.284,-18.059,-46.081,-166.341,-4.4694,16.3593,66324.6
911.574,-18.074,-46.272,-166.3333,-4.487,16.366,66387.0
911.865,-18.08,-46.464,-166.3269,-4.5051,16.3751,66449.0
912.215,-18.094,-46.694,-166.3181,-4.5263,16.3844,66510.4
912.502,-18.104,-46.885,-166.3097,-4.5438,16.3915,66572.6
912.793,-18.122,-47.077,-166.3034,-4.5619,16.3998,66634.4
913.098,-18.13,-47.28,-166.2957,-4.5807,16.4091,66697.0
913.396,-18.139,-47.473,-166.2882,-4.5984,16.4162,66758.9
913.683,-18.151,-47.665,-166.2813,-4.6163,16.425,66819.9
913.971,-18.164,-47.857,-166.2732,-4.6339,16.4319,66882.0
914.3,-18.175,-48.08,-166.266,-4.6539,16.4419,66943.8
914.595,-18.19,-48.263,-166.2583,-4.6721,16.4487,67005.4
914.883,-18.193,-48.456,-166.2516,-4.6902,16.458,67067.3
915.175,-18.21,-48.641,-166.2446,-4.708,16.4655,67129.8
915.483,-18.22,-48.853,-166.2362,-4.7266,16.4736,67192.6
915.817,-18.24,-49.057,-166.2292,-4.7479,16.4833,67254.6
916.101,-18.245,-49.263,-166.2216,-4.7645,16.4913,67317.3
916.397,-18.263,-49.447,-166.2142,-4.7827,16.4979,67379.9
916.685,-18.268,-49.641,-166.2077,-4.8008,16.507,67442.5
917.037,-18.287,-49.867,-166.1999,-4.8223,16.5168,67505.0
917.321,-18.297,-50.06,-166.1914,-4.8399,16.5238,67567.8
917.616,-18.304,-50.255,-166.1837,-4.8575,16.5309,67630.0
917.905,-18.319,-50.442,-166.1776,-4.8758,16.5404,67692.8
918.201,-18.328,-50.627,-166.1704,-4.894,16.5474,67753.9
918.482,-18.341,-50.833,-166.1624,-4.9106,16.555,67814.9
918.837,-18.361,-51.058,-166.1542,-4.9325,16.5638,67875.9
919.127,-18.366,-51.246,-166.1483,-4.9508,16.5739,67938.4
919.416,-18.382,-51.433,-166.1411,-4.9687,16.5814,68000.4
919.708,-18.386,-51.629,-166.1329,-4.9863,16.5887,68061.5
919.997,-18.403,-51.817,-166.1258,-5.0042,16.5961,68123.9
920.291,-18.416,-52.006,-166.1209,-5.0226,16.6055,68186.1
920.583,-18.432,-52.202,-166.1128,-5.0402,16.612,68248.0
920.929,-18.432,-52.429,-166.1041,-5.0617,16.6231,68309.1
921.218,-18.45,-52.617,-166.0971,-5.0797,16.6303,68371.5
921.507,-18.458,-52.816,-166.0898,-5.0969,16.6382,68433.4
921.8,-18.476,-53.003,-166.0824,-5.1153,16.6446,68495.4
922.048,-18.482,-53.174,-166.0768,-5.1303,16.6522,68557.4
922.355,-18.491,-53.381,-166.0688,-5.1492,16.6612,68618.3
922.695,-18.504,-53.59,-166.0609,-5.1701,16.6692,68679.4
922.981,-18.519,-53.779,-166.0534,-5.188,16.6768,68740.6
923.271,-18.529,-53.979,-166.0477,-5.2058,16.6863,68803.2
923.557,-18.544,-54.168,-166.0403,-5.2237,16.6938,68865.8
923.855,-18.556,-54.359,-166.0337,-5.2417,16.7014,68927.5
924.201,-18.572,-54.588,-166.0242,-5.2629,16.7094,68990.2
924.485,-18.578,-54.78,-166.0175,-5.2805,16.7182,69051.3
924.78,-18.585,-54.971,-166.0116,-5.2989,16.7281,69114.1
925.07,-18.609,-55.162,-166.0052,-5.3169,16.7348,69176.1
925.364,-18.616,-55.353,-165.998,-5.3349,16.7428,69237.2
925.652,-18.623,-55.543,-165.9909,-5.3529,16.7507,69299.1
925.946,-18.642,-55.734,-165.9838,-5.3709,16.7579,69360.1
926.294,-18.646,-55.957,-165.9748,-5.3923,16.7676,69422.0
926.581,-18.665,-56.158,-165.9675,-5.4097,16.7747,69484.9
926.876,-18.674,-56.34,-165.9609,-5.4284,16.7825,69547.2
927.168,-18.686,-56.534,-165.9546,-5.446,16.791,69609.2
927.511,-18.7,-56.765,-165.9462,-5.4677,16.8008,69672.0
927.803,-18.712,-56.96,-165.9386,-5.485,16.8074,69733.6
928.096,-18.716,-57.141,-165.9314,-5.5036,16.8156,69796.2
928.387,-18.74,-57.337,-165.9253,-5.5213,16.8232,69857.5
928.671,-18.743,-57.538,-165.9174,-5.5388,16.8313,69918.6
928.964,-18.757,-57.723,-165.9118,-5.5571,16.8396,69980.6
929.253,-18.764,-57.918,-165.9049,-5.5748,16.8484,70041.6
929.545,-18.782,-58.1,-165.8979,-5.5936,16.8557,70103.8
929.759,-18.785,-58.253,-165.8929,-5.6061,16.862,70165.3
929.78,-18.782,-58.263,-165.893,-5.6078,16.8633,70227.3
929.888,-18.793,-58.33,-165.8895,-5.614,16.8646,70288.6
930.046,-18.794,-58.44,-165.8859,-5.6237,16.8697,70350.5
930.203,-18.807,-58.55,-165.8823,-5.6333,16.874,70411.6
930.371,-18.809,-58.649,-165.8784,-5.6439,16.8783,70473.7
930.559,-18.811,-58.774,-165.8739,-5.6557,16.8846,70535.6
930.717,-18.824,-58.884,-165.8703,-5.6653,16.889,70597.0
930.882,-18.828,-58.986,-165.8658,-5.6751,16.8922,70658.8
931.04,-18.841,-59.096,-165.8623,-5.6848,16.8965,70720.2
931.197,-18.835,-59.203,-165.8574,-5.6948,16.9012,70781.7
931.362,-18.85,-59.304,-165.8542,-5.705,16.9055,70845.3
931.548,-18.862,-59.425,-165.8495,-5.7159,16.9092,70907.1
931.716,-18.857,-59.531,-165.8453,-5.7267,16.9149,70969.0
931.873,-18.871,-59.642,-165.8418,-5.7363,16.9191,71029.9
932.031,-18.874,-59.752,-165.8384,-5.746,16.924,71091.1
932.193,-18.882,-59.853,-165.8332,-5.7558,16.927,71152.3
932.351,-18.885,-59.964,-165.8297,-5.7655,16.9319,71214.7
932.517,-18.901,-60.065,-165.8267,-5.7758,16.9361,71277.2
932.699,-18.907,-60.186,-165.8213,-5.7867,16.9403,71339.1
932.857,-18.91,-60.297,-165.8179,-5.7964,16.9452,71400.3
933.025,-18.918,-60.403,-165.8138,-5.8072,16.95,71462.7
933.191,-18.923,-60.505,-165.8108,-5.8175,16.9549,71525.0
933.345,-18.931,-60.615,-165.8053,-5.8267,16.9578,71587.3
933.544,-18.936,-60.739,-165.8004,-5.8389,16.963,71658.3
933.723,-18.948,-60.86,-165.7973,-5.8503,16.9684,71721.1
933.882,-18.948,-60.964,-165.7928,-5.8598,16.9728,71782.9
934.04,-18.952,-61.075,-165.7895,-5.8695,16.9775,71845.0
934.203,-18.962,-61.176,-165.7858,-5.8799,16.9822,71906.4
934.37,-18.971,-61.293,-165.7814,-5.89,16.9869,71968.3
934.536,-18.976,-61.395,-165.7772,-5.8999,16.9899,72029.7
934.699,-18.976,-61.496,-165.7735,-5.9102,16.9952,72092.1
934.874,-18.981,-61.626,-165.7679,-5.9206,16.9992,72154.3
935.039,-18.999,-61.729,-165.765,-5.9309,17.0032,72215.4
935.199,-19.0,-61.833,-165.762,-5.9409,17.0093,72276.8
935.354,-19.009,-61.943,-165.7566,-5.9502,17.012,72339.6
935.52,-19.016,-62.046,-165.7538,-5.9606,17.0167,72401.6
935.688,-19.026,-62.153,-165.7499,-5.9714,17.0214,72463.7
935.871,-19.022,-62.274,-165.7448,-5.9824,17.026,72525.8
936.031,-19.035,-62.378,-165.7418,-5.9924,17.0314,72586.9
936.186,-19.033,-62.489,-165.7366,-6.0017,17.0347,72649.3
936.352,-19.052,-62.592,-165.7338,-6.0121,17.0386,72710.4
936.512,-19.053,-62.696,-165.7295,-6.0217,17.0428,72771.4
936.675,-19.054,-62.798,-165.726,-6.0321,17.048,72833.7
936.864,-19.073,-62.925,-165.722,-6.044,17.0531,72895.3
937.027,-19.074,-63.027,-165.7172,-6.0539,17.0564,72958.0
937.187,-19.076,-63.132,-165.7143,-6.064,17.0624,73019.6
937.341,-19.086,-63.253,-165.7087,-6.0727,17.0649,73080.9
937.507,-19.094,-63.356,-165.706,-6.0831,17.0695,73142.3
937.667,-19.096,-63.461,-165.7018,-6.0927,17.0736,73205.8
937.861,-19.1,-63.578,-165.6975,-6.1053,17.0799,73268.5
938.016,-19.111,-63.689,-165.6937,-6.1151,17.0842,73331.0
938.176,-19.113,-63.794,-165.6895,-6.1247,17.0883,73393.7
938.339,-19.127,-63.896,-165.6861,-6.1351,17.0926,73455.7
938.499,-19.129,-64.001,-165.682,-6.1447,17.0967,73517.1
938.696,-19.14,-64.13,-165.6782,-6.1567,17.1023,73579.1
938.851,-19.14,-64.242,-165.6731,-6.1661,17.1054,73641.1
939.011,-19.155,-64.347,-165.6704,-6.1762,17.1106,73703.0
939.171,-19.158,-64.451,-165.6663,-6.1858,17.1146,73765.4
939.334,-19.16,-64.554,-165.6629,-6.1962,17.1196,73826.3
939.494,-19.175,-64.659,-165.6589,-6.2059,17.1228,73888.9
939.689,-19.18,-64.777,-165.6547,-6.2186,17.129,73950.1
939.849,-19.183,-64.882,-165.6507,-6.2282,17.1329,74012.4
940.004,-19.196,-64.994,-165.647,-6.2381,17.1371,74074.5
940.165,-19.2,-65.099,-165.643,-6.2477,17.1411,74136.6
940.324,-19.203,-65.215,-165.6386,-6.2568,17.1449,74199.5
940.506,-19.209,-65.326,-165.6348,-6.269,17.1509,74261.5
940.682,-19.223,-65.436,-165.63,-6.2795,17.1534,74324.2
940.842,-19.228,-65.542,-165.6274,-6.2896,17.1591,74386.5
941.0,-19.225,-65.646,-165.6226,-6.2993,17.1635,74448.8
941.16,-19.241,-65.751,-165.62,-6.3095,17.1685,74511.1
941.354,-19.247,-65.88,-165.6143,-6.3211,17.1726,74573.7
941.514,-19.251,-65.986,-165.6104,-6.3308,17.1764,74636.4
941.675,-19.257,-66.091,-165.6078,-6.3409,17.1821,74699.0
941.838,-19.272,-66.195,-165.6034,-6.351,17.1844,74761.7
942.001,-19.268,-66.315,-165.5994,-6.361,17.1906,74823.7
942.169,-19.275,-66.412,-165.5959,-6.3713,17.1944,74885.7
942.35,-19.282,-66.534,-165.5905,-6.3825,17.1984,74948.7
942.511,-19.287,-66.64,-165.588,-6.3927,17.204,75009.9
942.669,-19.297,-66.745,-165.5834,-6.4024,17.2076,75071.8
942.829,-19.303,-66.851,-165.5796,-6.4122,17.2113,75134.1
942.987,-19.302,-66.955,-165.5763,-6.4224,17.2174,75195.2
943.163,-19.318,-67.066,-165.5717,-6.4329,17.2197,75257.1
943.341,-19.326,-67.191,-165.567,-6.4438,17.2244,75318.6
943.502,-19.332,-67.297,-165.5646,-6.454,17.2299,75380.8
943.66,-19.331,-67.402,-165.56,-6.4638,17.2342,75441.7
943.829,-19.351,-67.499,-165.5566,-6.4741,17.2372,75504.3
943.987,-19.35,-67.604,-165.5521,-6.484,17.2414,75566.3
944.178,-19.359,-67.737,-165.5486,-6.4957,17.248,75628.9
944.336,-19.359,-67.842,-165.5441,-6.5056,17.2521,75689.9
944.496,-19.366,-67.948,-165.5404,-6.5153,17.2558,75751.3
944.654,-19.377,-68.054,-165.5372,-6.5256,17.261,75814.2
944.815,-19.384,-68.16,-165.5336,-6.5354,17.2647,75875.7
944.981,-19.386,-68.256,-165.5295,-6.5458,17.2688,75937.6
945.139,-19.386,-68.362,-165.525,-6.5557,17.273,75998.7
945.33,-19.395,-68.494,-165.5202,-6.567,17.2776,76061.0
945.491,-19.415,-68.601,-165.518,-6.5773,17.2823,76122.7
945.646,-19.416,-68.709,-165.5142,-6.5868,17.2872,76185.4
945.813,-19.418,-68.805,-165.5101,-6.5972,17.2913,76247.8
945.97,-19.43,-68.921,-165.5053,-6.6064,17.2947,76310.2
946.056,-19.429,-68.964,-165.505,-6.6126,17.2982,76372.2
946.059,-19.428,-68.972,-165.504,-6.6123,17.2973,76434.3
946.087,-19.44,-68.983,-165.5057,-6.6144,17.2996,76495.4
946.108,-19.43,-69.0,-165.5042,-6.6159,17.3005,76557.7
946.14,-19.441,-69.009,-165.5039,-6.6179,17.3001,76620.4
946.16,-19.43,-69.036,-165.502,-6.6188,17.3009,76682.4
946.194,-19.44,-69.053,-165.5021,-6.621,17.3014,76744.8
946.212,-19.431,-69.072,-165.5012,-6.6221,17.3031,76805.8
946.243,-19.442,-69.081,-165.5009,-6.6241,17.3027,76866.9
946.264,-19.432,-69.098,-165.4995,-6.6256,17.3036,76928.5
946.295,-19.442,-69.117,-165.4988,-6.627,17.3032,76990.6
946.313,-19.433,-69.136,-165.4992,-6.6286,17.3067,77051.9
946.344,-19.444,-69.145,-165.4989,-6.6307,17.3063,77112.8
946.368,-19.441,-69.163,-165.4983,-6.6321,17.3066,77173.8
946.398,-19.443,-69.189,-165.4972,-6.6337,17.3076,77235.7
946.419,-19.441,-69.21,-165.4971,-6.6348,17.3088,77297.9
946.448,-19.445,-69.217,-165.496,-6.6368,17.3089,77359.9
946.471,-19.453,-69.235,-165.4953,-6.6383,17.3085,77422.7
946.496,-19.446,-69.256,-165.4944,-6.6394,17.3102,77484.7
946.519,-19.454,-69.274,-165.4937,-6.6408,17.3098,77546.6
946.549,-19.447,-69.281,-165.494,-6.6434,17.3124,77608.7
946.571,-19.455,-69.31,-165.4929,-6.6441,17.312,77670.5
946.6,-19.447,-69.317,-165.4918,-6.6462,17.3128,77733.6
946.624,-19.456,-69.335,-165.4912,-6.6477,17.3124,77794.8
946.644,-19.454,-69.356,-165.4911,-6.6487,17.3136,77855.9
946.676,-19.457,-69.371,-165.4904,-6.651,17.3147,77917.8
946.704,-19.457,-69.383,-165.4907,-6.6527,17.3158,77978.9
946.724,-19.458,-69.41,-165.4888,-6.6535,17.3159,78041.6
946.756,-19.457,-69.419,-165.4885,-6.6556,17.3162,78104.5
946.793,-19.458,-69.44,-165.4876,-6.6583,17.3174,78165.6
946.808,-19.458,-69.455,-165.4877,-6.6589,17.3185,78227.5
946.828,-19.459,-69.472,-165.4863,-6.6604,17.3186,78288.5
946.859,-19.458,-69.491,-165.4856,-6.6618,17.3188,78350.7
946.88,-19.46,-69.508,-165.4855,-6.6637,17.3208,78413.4
946.909,-19.46,-69.519,-165.4858,-6.6654,17.322,78476.5
946.93,-19.462,-69.536,-165.4843,-6.6669,17.3221,78538.1
946.963,-19.471,-69.563,-165.484,-6.6684,17.3226,78599.7
946.983,-19.462,-69.58,-165.4826,-6.6699,17.3234,78660.7
947.012,-19.473,-69.591,-165.4828,-6.6716,17.3239,78723.3
947.036,-19.47,-69.609,-165.4822,-6.673,17.3242,78784.4
947.064,-19.473,-69.627,-165.4807,-6.6745,17.3243,78847.0
947.087,-19.47,-69.645,-165.48,-6.6759,17.3245,78909.2
947.115,-19.474,-69.663,-165.4799,-6.6778,17.3265,78971.2
947.139,-19.471,-69.682,-165.4793,-6.6793,17.3268,79033.7
947.168,-19.475,-69.689,-165.4782,-6.6814,17.3269,79095.8
947.191,-19.472,-69.718,-165.4771,-6.6821,17.3272,79158.3
947.217,-19.477,-69.728,-165.478,-6.6843,17.33,79221.1
947.251,-19.475,-69.745,-165.4767,-6.6861,17.3294,79283.5
947.272,-19.477,-69.761,-165.4766,-6.688,17.3314,79344.5
947.294,-19.474,-69.79,-165.4756,-6.6888,17.3316,79405.8
947.32,-19.478,-69.8,-165.4751,-6.6906,17.3326,79468.6
947.343,-19.487,-69.818,-165.4744,-6.692,17.3322,79530.8
947.373,-19.479,-69.826,-165.4733,-6.6941,17.333,79593.0
947.407,-19.489,-69.843,-165.4734,-6.6963,17.3336,79655.3
947.423,-19.48,-69.872,-165.4721,-6.6968,17.3352,79716.5
947.455,-19.49,-69.881,-165.4719,-6.6988,17.3348,79779.2
947.476,-19.48,-69.898,-165.4704,-6.7003,17.3356,79841.3
947.496,-19.49,-69.918,-165.4703,-6.7014,17.336,79902.4
947.527,-19.489,-69.938,-165.471,-6.7032,17.3381,79964.9
947.558,-19.492,-69.953,-165.4689,-6.705,17.3374,80026.6
947.582,-19.489,-69.972,-165.4683,-6.7065,17.3377,80089.1
947.608,-19.494,-69.982,-165.4692,-6.7087,17.3405,80151.4
947.631,-19.491,-70.01,-165.4681,-6.7095,17.3407,80214.1
947.662,-19.493,-70.026,-165.466,-6.7113,17.34,80276.2
947.686,-19.491,-70.044,-165.4668,-6.7131,17.3421,80338.0
947.712,-19.496,-70.054,-165.4663,-6.7149,17.3431,80399.5
947.735,-19.493,-70.072,-165.4656,-6.7163,17.3433,80462.2
947.763,-19.496,-70.09,-165.4641,-6.7178,17.3435,80524.0
947.787,-19.505,-70.108,-165.4635,-6.7192,17.343,80586.2
947.815,-19.497,-70.126,-165.4634,-6.7211,17.3457,80649.7
947.838,-19.506,-70.144,-165.4627,-6.7226,17.3452,80712.4
947.867,-19.498,-70.162,-165.4612,-6.724,17.346,80775.3
947.89,-19.506,-70.18,-165.4606,-6.7254,17.3456,80837.1
947.918,-19.499,-70.198,-165.4605,-6.7274,17.3482,80899.6
947.95,-19.51,-70.208,-165.4602,-6.7294,17.3478,80960.7
947.971,-19.5,-70.224,-165.4587,-6.7309,17.3486,81021.8
947.999,-19.511,-70.246,-165.4586,-6.7319,17.3491,81083.5
948.02,-19.502,-70.263,-165.4586,-6.7339,17.3517,81144.6
948.051,-19.512,-70.272,-165.4583,-6.7359,17.3513,81206.3
948.072,-19.503,-70.289,-165.4568,-6.7374,17.3521,81268.4
948.1,-19.514,-70.31,-165.4567,-6.7385,17.3525,81330.7
948.123,-19.504,-70.335,-165.4557,-6.7401,17.3543,81393.5
948.155,-19.514,-70.344,-165.4554,-6.7422,17.3539,81456.5
948.176,-19.516,-70.361,-165.454,-6.7437,17.354,81518.5
948.204,-19.516,-70.372,-165.4543,-6.7454,17.3551,81580.3
948.227,-19.517,-70.397,-165.4532,-6.747,17.3562,81642.4
948.255,-19.517,-70.419,-165.4531,-6.748,17.3573,81703.8
948.276,-19.519,-70.436,-165.4517,-6.7496,17.3574,81765.7
948.308,-19.518,-70.445,-165.4514,-6.7516,17.3577,81827.7
948.328,-19.519,-70.472,-165.4496,-6.7524,17.3577,81889.8
948.36,-19.519,-70.481,-165.4506,-6.7549,17.3599,81951.9
948.38,-19.529,-70.502,-165.4506,-6.756,17.3603,82013.1
948.411,-19.52,-70.517,-165.4485,-6.7578,17.3602,82075.3
948.44,-19.531,-70.529,-165.4488,-6.7595,17.3607,82137.2
948.461,-19.521,-70.545,-165.4474,-6.761,17.3615,82198.3
948.484,-19.53,-70.574,-165.4477,-6.7623,17.3628,82260.6
948.513,-19.523,-70.582,-165.4467,-6.7644,17.3637,82322.8
948.544,-19.533,-70.591,-165.4464,-6.7664,17.3633,82384.6
948.565,-19.524,-70.618,-165.4459,-6.7677,17.3659,82446.9
948.595,-19.534,-70.638,-165.4452,-6.7691,17.3654,82508.4
948.613,-19.526,-70.657,-165.4444,-6.7703,17.3671,82569.8
948.645,-19.536,-70.666,-165.4441,-6.7723,17.3667,82631.8
948.666,-19.527,-70.682,-165.4427,-6.7738,17.3675,82692.9
948.696,-19.537,-70.702,-165.442,-6.7752,17.367,82754.6
948.716,-19.539,-70.729,-165.4415,-6.7765,17.3689,82817.6
948.748,-19.538,-70.738,-165.4413,-6.7785,17.3692,82879.2
948.769,-19.54,-70.755,-165.4398,-6.78,17.3693,82942.3
948.798,-19.54,-70.766,-165.4401,-6.7817,17.3705,83005.0
948.818,-19.542,-70.794,-165.4397,-6.7831,17.3723,83067.5
948.852,-19.54,-70.811,-165.4384,-6.7848,17.3717,83129.6
948.881,-19.544,-70.818,-165.4373,-6.7869,17.3719,83191.5
948.901,-19.543,-70.839,-165.4387,-6.7884,17.3748,83253.6
948.929,-19.546,-70.857,-165.4372,-6.7899,17.3749,83315.4
948.953,-19.544,-70.875,-165.4366,-6.7913,17.3752,83376.9
948.971,-19.546,-70.894,-165.4357,-6.7925,17.3761,83439.1
949.005,-19.545,-70.912,-165.4358,-6.7947,17.3773,83501.4
949.034,-19.549,-70.919,-165.4347,-6.7968,17.3775,83562.5
949.057,-19.546,-70.948,-165.4337,-6.7976,17.3777,83623.6
949.082,-19.55,-70.958,-165.4332,-6.7993,17.3787,83685.3
949.106,-19.548,-70.976,-165.4326,-6.8008,17.3789,83746.7
949.135,-19.551,-70.984,-165.4315,-6.8029,17.3791,83808.9
949.155,-19.549,-71.015,-165.4311,-6.8033,17.3801,83869.8
949.184,-19.554,-71.022,-165.4314,-6.8059,17.3821,83932.1
949.209,-19.561,-71.049,-165.4298,-6.807,17.3808,83994.2
949.239,-19.554,-71.056,-165.4287,-6.8092,17.3816,84055.3
949.258,-19.564,-71.087,-165.4296,-6.81,17.3838,84117.5
949.287,-19.556,-71.095,-165.4286,-6.8122,17.3846,84178.6
949.311,-19.565,-71.113,-165.4279,-6.8136,17.3842,84241.1
949.337,-19.558,-71.123,-165.4274,-6.8154,17.3858,84303.0
949.371,-19.568,-71.141,-165.4276,-6.8176,17.3864,84365.7
949.391,-19.558,-71.168,-165.4257,-6.8184,17.3871,84428.1
949.423,-19.569,-71.177,-165.4255,-6.8204,17.3867,84490.5
949.441,-19.56,-71.196,-165.4246,-6.8216,17.3883,84553.2
949.475,-19.57,-71.213,-165.4248,-6.8238,17.3889,84615.5
949.495,-19.561,-71.24,-165.4229,-6.8247,17.3896,84677.9
949.523,-19.572,-71.252,-165.4232,-6.8264,17.3901,84740.3
949.544,-19.563,-71.268,-165.4218,-6.8279,17.3908,84803.0
949.576,-19.573,-71.278,-165.4216,-6.8299,17.3904,84864.9
949.607,-19.577,-71.293,-165.4209,-6.8322,17.3915,84927.5
949.624,-19.568,-71.323,-165.4196,-6.8327,17.3931,84990.4
949.658,-19.578,-71.34,-165.4198,-6.8349,17.3936,85057.4
949.676,-19.569,-71.359,-165.4189,-6.8361,17.3953,85118.4
949.708,-19.58,-71.368,-165.4187,-6.8381,17.3948,85179.4
949.728,-19.57,-71.395,-165.4168,-6.839,17.3956,85241.7
949.759,-19.581,-71.405,-165.4166,-6.841,17.3952,85302.6
949.777,-19.572,-71.424,-165.4157,-6.8422,17.3968,85365.1
949.809,-19.584,-71.433,-165.4168,-6.8447,17.3982,85427.6
949.84,-19.575,-71.449,-165.4148,-6.8465,17.3982,85489.7
949.861,-19.585,-71.469,-165.4148,-6.8476,17.3986,85551.7
949.889,-19.577,-71.487,-165.4133,-6.849,17.3993,85613.8
949.912,-19.586,-71.506,-165.4127,-6.8505,17.3989,85674.8
949.941,-19.578,-71.524,-165.4126,-6.8524,17.4015,85736.8
949.961,-19.588,-71.545,-165.4125,-6.8535,17.4019,85798.4
949.993,-19.579,-71.56,-165.4105,-6.8553,17.4018,85860.5
950.013,-19.59,-71.581,-165.4118,-6.8568,17.4041,85922.6
950.042,-19.582,-71.589,-165.4108,-6.859,17.4049,85985.8
950.066,-19.591,-71.607,-165.4102,-6.8604,17.4044,86048.8
950.091,-19.584,-71.627,-165.4093,-6.8615,17.406,86110.8
950.125,-19.594,-71.645,-165.4094,-6.8637,17.4066,86172.6
950.146,-19.596,-71.661,-165.408,-6.8652,17.4067,86235.2
950.178,-19.595,-71.671,-165.4077,-6.8673,17.4069,86297.5
950.194,-19.598,-71.7,-165.4065,-6.8678,17.4078,86360.3
950.218,-19.595,-71.718,-165.4059,-6.8692,17.4081,86422.5
950.249,-19.599,-71.734,-165.4052,-6.8715,17.4091,86483.8
950.278,-19.599,-71.746,-165.4056,-6.8732,17.4103,86546.7
950.298,-19.601,-71.773,-165.4037,-6.8741,17.4103,86609.1
950.33,-19.6,-71.782,-165.4035,-6.8761,17.4106,86671.2
950.351,-19.603,-71.799,-165.4034,-6.8781,17.4125,86732.6
950.38,-19.603,-71.811,-165.4038,-6.8798,17.4136,86794.1
950.41,-19.605,-71.837,-165.4013,-6.8809,17.4128,86856.2
950.431,-19.596,-71.853,-165.3999,-6.8824,17.4136,86918.9
950.463,-19.607,-71.863,-165.401,-6.8849,17.415,86980.9
950.481,-19.599,-71.882,-165.4002,-6.8861,17.4166,87042.4
950.511,-19.609,-71.901,-165.3995,-6.8875,17.4162,87104.0
950.532,-19.6,-71.918,-165.3981,-6.889,17.4169,87166.0
950.561,-19.611,-71.93,-165.3985,-6.8907,17.4174,87227.4
950.584,-19.601,-71.955,-165.3974,-6.8924,17.4191,87289.3
950.616,-19.612,-71.964,-165.3972,-6.8944,17.4187,87350.7
950.633,-19.615,-71.993,-165.3959,-6.895,17.4195,87411.9
950.665,-19.614,-72.003,-165.3957,-6.897,17.4198,87474.6
950.685,-19.616,-72.019,-165.3943,-6.8985,17.4199,87536.2
950.714,-19.616,-72.031,-165.3946,-6.9002,17.421,87598.9
950.734,-19.618,-72.058,-165.3928,-6.9011,17.4211,87660.0
950.768,-19.617,-72.076,-165.3929,-6.9033,17.4223,87721.2
950.794,-19.622,-72.086,-165.3925,-6.9051,17.4232,87783.5
950.818,-19.619,-72.104,-165.3919,-6.9065,17.4235,87844.9
950.846,-19.624,-72.122,-165.3918,-6.9084,17.4254,87907.2
950.867,-19.622,-72.143,-165.3918,-6.9095,17.4265,87969.7
950.896,-19.626,-72.151,-165.3907,-6.9116,17.4266,88031.6
950.927,-19.618,-72.166,-165.3901,-6.9139,17.4283,88093.4
950.95,-19.627,-72.195,-165.389,-6.9147,17.4278,88155.6
950.976,-19.62,-72.205,-165.3886,-6.9165,17.4295,88218.0
950.999,-19.629,-72.223,-165.388,-6.9179,17.429,88279.6
951.029,-19.621,-72.231,-165.3869,-6.9201,17.4298,88341.8
951.048,-19.631,-72.262,-165.3865,-6.9205,17.4302,88402.7
951.08,-19.623,-72.278,-165.3858,-6.9228,17.4319,88464.5
951.103,-19.632,-72.296,-165.3852,-6.9242,17.4314,88526.2
951.129,-19.625,-72.306,-165.3848,-6.926,17.4331,88588.7
951.153,-19.634,-72.325,-165.3842,-6.9274,17.4326,88650.4
951.181,-19.627,-72.343,-165.3827,-6.9289,17.4334,88711.8
951.212,-19.638,-72.363,-165.3835,-6.9307,17.4348,88774.6
951.233,-19.64,-72.379,-165.382,-6.9323,17.4348,88835.9
951.261,-19.64,-72.391,-165.3824,-6.934,17.436,88898.7
951.282,-19.642,-72.408,-165.381,-6.9355,17.436,88961.0
951.313,-19.641,-72.428,-165.3803,-6.9369,17.4363,89023.9
951.334,-19.644,-72.444,-165.3803,-6.9389,17.4382,89085.1
951.363,-19.636,-72.463,-165.3789,-6.9403,17.4389,89146.1
951.386,-19.645,-72.481,-165.3783,-6.9418,17.4385,89208.0
951.412,-19.639,-72.491,-165.3778,-6.9436,17.4401,89269.1
951.435,-19.648,-72.52,-165.3768,-6.9444,17.4396,89330.9
951.464,-19.64,-72.527,-165.3757,-6.9465,17.4404,89392.8
951.487,-19.649,-72.556,-165.3761,-6.9477,17.4417,89454.8
951.513,-19.643,-72.566,-165.3757,-6.9495,17.4434,89518.4
951.547,-19.653,-72.584,-165.3744,-6.9512,17.4421,89580.4
951.565,-19.645,-72.603,-165.375,-6.9529,17.4455,89643.7
951.596,-19.656,-72.612,-165.3747,-6.9549,17.4451,89706.4
951.618,-19.646,-72.629,-165.3733,-6.9565,17.4458,89768.6
951.646,-19.65,-72.647,-165.3719,-6.9579,17.4459,89830.5
951.677,-19.65,-72.667,-165.3726,-6.9598,17.448,89893.1
951.698,-19.652,-72.684,-165.3712,-6.9613,17.448,89955.9
951.718,-19.65,-72.704,-165.3698,-6.9619,17.4473,90018.2
951.746,-19.654,-72.723,-165.3698,-6.9639,17.4492,90081.2
951.778,-19.654,-72.732,-165.3695,-6.9659,17.4494,90144.0
951.799,-19.656,-72.749,-165.3681,-6.9675,17.4495,90207.0
951.83,-19.656,-72.769,-165.3689,-6.9693,17.4515,90268.6
951.851,-19.658,-72.785,-165.3675,-6.9708,17.4516,90331.4
951.879,-19.669,-72.807,-165.3674,-6.9719,17.452,90393.4
951.9,-19.66,-72.824,-165.366,-6.9734,17.4527,90456.2
951.931,-19.671,-72.834,-165.3658,-6.9755,17.4523,90518.2
951.952,-19.662,-72.861,-165.3654,-6.9768,17.4549,90579.2
951.98,-19.674,-72.873,-165.3657,-6.9785,17.4553,90640.2
952.012,-19.665,-72.888,-165.3637,-6.9803,17.4552,90701.7
952.029,-19.668,-72.907,-165.3629,-6.9815,17.4561,90762.8
952.061,-19.668,-72.917,-165.3627,-6.9835,17.4564,90825.3
952.081,-19.67,-72.944,-165.3622,-6.9849,17.4582,90887.3
952.113,-19.67,-72.953,-165.362,-6.9869,17.4585,90948.9
952.131,-19.673,-72.973,-165.3612,-6.9881,17.4594,91011.6
952.165,-19.671,-72.99,-165.36,-6.9898,17.4587,91073.8
952.19,-19.677,-73.011,-165.3605,-6.9914,17.4615,91135.5
952.214,-19.674,-73.029,-165.3599,-6.9929,17.4617,91197.8
952.243,-19.678,-73.037,-165.3589,-6.995,17.4618,91260.6
952.264,-19.677,-73.058,-165.3588,-6.9961,17.4629,91322.2
952.295,-19.68,-73.073,-165.3582,-6.9984,17.4639,91385.0
952.315,-19.671,-73.1,-165.3564,-6.9993,17.4646,91446.1
952.344,-19.683,-73.112,-165.3568,-7.001,17.465,91507.0
952.365,-19.673,-73.129,-165.3554,-7.0025,17.4658,91568.2
952.396,-19.684,-73.138,-165.3551,-7.0046,17.4654,91629.4
952.413,-19.676,-73.168,-165.3539,-7.0051,17.4669,91690.4
952.445,-19.687,-73.177,-165.3537,-7.0071,17.4665,91752.1
952.473,-19.679,-73.196,-165.3523,-7.0086,17.4672,91813.5
952.497,-19.689,-73.214,-165.3531,-7.0105,17.4686,91877.6
952.525,-19.681,-73.232,-165.3516,-7.012,17.4693,91940.4
952.543,-19.684,-73.251,-165.3508,-7.0132,17.4702,92001.3
952.575,-19.684,-73.261,-165.3506,-7.0152,17.4705,92062.3
952.596,-19.686,-73.278,-165.3492,-7.0168,17.4705,92124.7
952.624,-19.686,-73.3,-165.3491,-7.0178,17.4716,92186.8
952.655,-19.69,-73.316,-165.3485,-7.0201,17.4726,92249.2
952.679,-19.699,-73.334,-165.3479,-7.0215,17.4722,92311.3
952.705,-19.693,-73.344,-165.3475,-7.0233,17.4738,92373.0
952.727,-19.702,-73.373,-165.3465,-7.0241,17.4733,92435.5
952.757,-19.695,-73.381,-165.3468,-7.0267,17.4759,92497.7
952.785,-19.699,-73.399,-165.3454,-7.0282,17.476,92559.6
952.809,-19.696,-73.417,-165.3448,-7.0296,17.4762,92622.8
952.838,-19.701,-73.425,-165.3438,-7.0318,17.4763,92683.7
952.858,-19.699,-73.457,-165.3448,-7.0327,17.4791,92746.1
952.887,-19.704,-73.464,-165.3437,-7.0348,17.4792,92807.8
952.921,-19.702,-73.482,-165.3425,-7.0366,17.4786,92870.2
952.939,-19.705,-73.501,-165.3417,-7.0378,17.4795,92932.8
952.97,-19.705,-73.521,-165.3425,-7.0396,17.4815,92994.1
952.987,-19.708,-73.54,-165.3417,-7.0408,17.4824,93055.2
953.017,-19.701,-73.548,-165.3407,-7.0429,17.4832,93117.1
953.04,-19.71,-73.566,-165.3401,-7.0444,17.4827,93178.2
953.065,-19.703,-73.587,-165.3392,-7.0455,17.4843,93240.3
953.091,-19.712,-73.613,-165.339,-7.0471,17.4848,93303.2
953.121,-19.705,-73.621,-165.338,-7.0493,17.4855,93366.6
953.141,-19.715,-73.642,-165.338,-7.0504,17.4859,93428.4
953.169,-19.707,-73.66,-165.3366,-7.0518,17.4867,93490.7
953.198,-19.711,-73.668,-165.3356,-7.054,17.4867,93553.4
953.221,-19.721,-73.697,-165.336,-7.0552,17.488,93615.9
953.25,-19.714,-73.705,-165.3349,-7.0574,17.4888,93677.0
953.274,-19.723,-73.723,-165.3344,-7.0588,17.4883,93738.2
953.299,-19.716,-73.744,-165.3335,-7.06,17.4899,93801.0
953.323,-19.725,-73.762,-165.3329,-7.0614,17.4895,93862.8
953.354,-19.718,-73.778,-165.3323,-7.0637,17.4912,93925.0
953.38,-19.723,-73.788,-165.3319,-7.0655,17.4921,93987.5
953.403,-19.72,-73.817,-165.3309,-7.0663,17.4923,94049.7
953.429,-19.725,-73.827,-165.3305,-7.0681,17.4932,94111.7
953.453,-19.723,-73.846,-165.3299,-7.0695,17.4934,94173.0
953.482,-19.727,-73.853,-165.3289,-7.0717,17.4935,94235.4
953.512,-19.727,-73.884,-165.3292,-7.0729,17.4955,94296.4
953.533,-19.729,-73.901,-165.3278,-7.0744,17.4955,94358.6
953.565,-19.729,-73.91,-165.3276,-7.0765,17.4958,94421.3
953.583,-19.732,-73.929,-165.3268,-7.0776,17.4967,94483.8
953.611,-19.725,-73.947,-165.3254,-7.0791,17.4974,94546.3
953.645,-19.735,-73.965,-165.3256,-7.0813,17.4979,94608.3
953.663,-19.727,-73.984,-165.3248,-7.0825,17.4995,94669.9
953.695,-19.738,-73.994,-165.3246,-7.0846,17.4991,94733.6
953.712,-19.729,-74.023,-165.3234,-7.0851,17.5006,94795.0
953.743,-19.741,-74.033,-165.3232,-7.0872,17.5002,94856.9
953.765,-19.732,-74.05,-165.3232,-7.0892,17.5027,94918.3
953.793,-19.736,-74.068,-165.3217,-7.0907,17.5028,94979.6
953.817,-19.734,-74.086,-165.3212,-7.0921,17.503,95040.6
953.845,-19.738,-74.105,-165.3198,-7.0936,17.503,95101.5
953.874,-19.739,-74.117,-165.3215,-7.0958,17.5059,95164.1
953.895,-19.741,-74.133,-165.3201,-7.0973,17.506,95226.5
953.924,-19.742,-74.145,-165.3205,-7.099,17.5071,95287.7
953.943,-19.744,-74.172,-165.3187,-7.0999,17.5071,95349.3
953.972,-19.737,-74.191,-165.3173,-7.1014,17.5078,95411.6
953.995,-19.746,-74.209,-165.3167,-7.1028,17.5073,95472.6
954.025,-19.739,-74.217,-165.3171,-7.1054,17.5099,95533.6
954.056,-19.75,-74.237,-165.3165,-7.1068,17.5094,95595.2
954.074,-19.742,-74.256,-165.3157,-7.108,17.511,95657.5
954.105,-19.753,-74.266,-165.3155,-7.1101,17.5105,95718.9
954.123,-19.745,-74.285,-165.3147,-7.1113,17.5121,95780.2
954.151,-19.749,-74.303,-165.3133,-7.1128,17.5122,95842.4
954.174,-19.758,-74.332,-165.3137,-7.114,17.5135,95905.0
954.204,-19.751,-74.34,-165.3127,-7.1162,17.5142,95966.1
954.235,-19.763,-74.349,-165.3125,-7.1182,17.5138,96027.1
954.255,-19.753,-74.377,-165.3107,-7.1191,17.5145,96089.5
954.284,-19.765,-74.389,-165.3111,-7.1208,17.5149,96152.0
954.305,-19.756,-74.405,-165.3097,-7.1224,17.5156,96213.7
954.334,-19.761,-74.424,-165.3097,-7.1243,17.5175,96275.5
954.357,-19.759,-74.442,-165.3091,-7.1258,17.5177,96337.3
954.382,-19.764,-74.463,-165.3083,-7.1269,17.5185,96398.3
954.414,-19.763,-74.472,-165.3081,-7.129,17.5188,96460.0
954.435,-19.766,-74.489,-165.3067,-7.1305,17.5188,96521.9
954.46,-19.759,-74.51,-165.3059,-7.1317,17.5204,96583.0
954.484,-19.768,-74.528,-165.3053,-7.1331,17.5199,96645.2
954.516,-19.761,-74.544,-165.3047,-7.1354,17.5216,96707.3
954.544,-19.773,-74.556,-165.3051,-7.1371,17.522,96768.2
954.565,-19.764,-74.573,-165.3037,-7.1387,17.5227,96829.5
954.596,-19.775,-74.593,-165.3031,-7.14,17.5222,96891.5
954.614,-19.766,-74.612,-165.3023,-7.1412,17.5238,96952.7
954.643,-19.772,-74.62,-165.3027,-7.1439,17.5257,97014.9
954.663,-19.77,-74.651,-165.3023,-7.1443,17.5267,97075.9
954.692,-19.774,-74.659,-165.3013,-7.1465,17.5268,97138.0
954.726,-19.773,-74.677,-165.3001,-7.1482,17.5261,97199.4
954.744,-19.777,-74.696,-165.3007,-7.1499,17.5288,97260.5
954.774,-19.77,-74.704,-165.2997,-7.152,17.5296,97322.6
954.793,-19.78,-74.735,-165.2993,-7.1525,17.5299,97384.1
954.822,-19.772,-74.743,-165.2983,-7.1546,17.5307,97445.7
954.843,-19.783,-74.764,-165.2983,-7.1557,17.531,97507.4
954.843,-19.783,-74.764,-165.2983,-7.1557,17.531,97569.7
954.845,-19.782,-74.772,-165.2973,-7.1554,17.5301,97632.6
954.857,-19.783,-74.761,-165.2985,-7.1568,17.5312,97693.6
954.859,-19.783,-74.769,-165.2989,-7.157,17.5321,97755.3
954.861,-19.782,-74.777,-165.2979,-7.1567,17.5312,97817.4
954.861,-19.774,-74.783,-165.2975,-7.1569,17.5326,97880.1
954.874,-19.787,-74.78,-165.2977,-7.158,17.532,97942.1
954.876,-19.786,-74.788,-165.2967,-7.1577,17.5311,98004.4
954.879,-19.785,-74.796,-165.2971,-7.1579,17.5321,98065.4
954.889,-19.786,-74.795,-165.2965,-7.1582,17.5312,98126.6
954.893,-19.786,-74.793,-165.2973,-7.159,17.5322,98188.5
954.895,-19.785,-74.801,-165.2977,-7.1591,17.5331,98250.6
954.905,-19.786,-74.8,-165.2971,-7.1594,17.5322,98312.1
954.908,-19.778,-74.804,-165.2961,-7.16,17.5328,98374.4
954.911,-19.777,-74.812,-165.2965,-7.1602,17.5338,98436.1
954.921,-19.778,-74.811,-165.2959,-7.1605,17.5329,98498.7
954.923,-19.789,-74.819,-165.2963,-7.1606,17.5331,98561.5
954.925,-19.789,-74.827,-165.2967,-7.1608,17.534,98635.3
954.939,-19.789,-74.824,-165.2955,-7.1614,17.5323,98698.7
954.941,-19.789,-74.832,-165.2959,-7.1616,17.5332,98761.6
954.944,-19.788,-74.83,-165.2954,-7.1619,17.5324,98822.5
954.952,-19.782,-74.827,-165.2953,-7.1628,17.5339,98883.6
954.955,-19.782,-74.835,-165.2957,-7.1629,17.5348,98946.1
954.957,-19.781,-74.843,-165.2948,-7.1626,17.5339,99009.0
954.971,-19.781,-74.84,-165.2949,-7.1637,17.534,99071.8
954.973,-19.781,-74.848,-165.2953,-7.1639,17.5349,99131.9
954.975,-19.791,-74.856,-165.2944,-7.1636,17.5333,99194.0
954.986,-19.793,-74.855,-165.2951,-7.1643,17.5343,99255.4
954.989,-19.792,-74.853,-165.2946,-7.1647,17.5334,99317.2
954.991,-19.792,-74.861,-165.295,-7.1648,17.5344,99380.0
954.999,-19.786,-74.858,-165.2949,-7.1657,17.5359,99441.9
955.004,-19.784,-74.864,-165.2934,-7.1657,17.5341,99503.8
955.007,-19.784,-74.872,-165.2938,-7.1659,17.535,99567.1
955.017,-19.785,-74.871,-165.2945,-7.1666,17.536,99629.7
955.019,-19.784,-74.879,-165.2936,-7.1663,17.5351,99691.6
955.022,-19.784,-74.887,-165.294,-7.1665,17.536,99754.8
955.032,-19.797,-74.886,-165.2947,-7.1672,17.5363,99817.1
955.037,-19.795,-74.892,-165.2932,-7.1673,17.5345,99880.3
955.038,-19.788,-74.888,-165.2932,-7.1682,17.536,99942.3
955.041,-19.787,-74.896,-165.2936,-7.1683,17.5369,100003.6
955.051,-19.788,-74.895,-165.293,-7.1686,17.5361,100066.4
955.053,-19.788,-74.903,-165.2934,-7.1688,17.537,100127.3
955.056,-19.787,-74.911,-165.2924,-7.1685,17.5361,100189.7
955.069,-19.787,-74.908,-165.2926,-7.1696,17.5362,100252.0
955.072,-19.787,-74.916,-165.293,-7.1697,17.5371,100314.3
955.074,-19.797,-74.924,-165.292,-7.1694,17.5355,100375.2
955.083,-19.792,-74.911,-165.2924,-7.1709,17.5371,100436.3
955.085,-19.792,-74.919,-165.2928,-7.1711,17.538,100499.2
955.087,-19.791,-74.927,-165.2918,-7.1708,17.5371,100560.0
955.098,-19.792,-74.926,-165.2926,-7.1715,17.5381,100621.9
955.103,-19.791,-74.932,-165.2924,-7.172,17.5381,100683.8
955.105,-19.79,-74.94,-165.2914,-7.1717,17.5372,100746.4
955.116,-19.791,-74.939,-165.2922,-7.1725,17.5382,100809.2
955.118,-19.79,-74.947,-165.2912,-7.1722,17.5373,100871.0
955.119,-19.783,-74.943,-165.2912,-7.1731,17.5388,100933.3
955.129,-19.796,-74.942,-165.292,-7.1738,17.539,100994.3
955.134,-19.794,-74.948,-165.2904,-7.1739,17.5373,101055.7
955.137,-19.794,-74.956,-165.2908,-7.174,17.5382,101118.5
955.147,-19.795,-74.955,-165.2916,-7.1748,17.5392,101179.7
955.15,-19.794,-74.963,-165.2906,-7.1745,17.5383,101242.5
955.152,-19.794,-74.971,-165.291,-7.1746,17.5392,101304.8
955.162,-19.795,-74.97,-165.2904,-7.1749,17.5383,101365.8
955.165,-19.794,-74.978,-165.2908,-7.1751,17.5393,101428.5
955.169,-19.786,-74.972,-165.2902,-7.1763,17.5399,101490.6
955.179,-19.787,-74.971,-165.2896,-7.1766,17.539,101551.6
955.181,-19.798,-74.979,-165.29,-7.1768,17.5393,101613.7
955.183,-19.797,-74.987,-165.289,-7.1765,17.5384,101674.6
955.186,-19.797,-74.995,-165.2894,-7.1766,17.5393,101736.2
955.196,-19.798,-74.994,-165.2902,-7.1774,17.5402,101797.7
955.198,-19.797,-75.002,-165.2892,-7.1771,17.5393,101859.7
955.202,-19.797,-75.0,-165.29,-7.1779,17.5403,101920.7
955.213,-19.791,-74.995,-165.2894,-7.1791,17.5409,101982.9
955.215,-19.79,-75.003,-165.2884,-7.1788,17.54,102044.5
955.217,-19.789,-75.011,-165.2888,-7.1789,17.541,102105.6
955.228,-19.79,-75.01,-165.2882,-7.1792,17.5401,102168.4
955.23,-19.801,-75.018,-165.2886,-7.1794,17.5403,102229.7
955.232,-19.801,-75.026,-165.289,-7.1795,17.5412,102290.7
955.246,-19.801,-75.023,-165.2878,-7.1802,17.5395,102352.0
955.248,-19.8,-75.031,-165.2882,-7.1803,17.5405,102414.9
955.249,-19.793,-75.027,-165.2882,-7.1813,17.542,102477.3
955.259,-19.794,-75.026,-165.2876,-7.1815,17.5411,102539.5
955.262,-19.794,-75.034,-165.288,-7.1817,17.542,102601.2
955.264,-19.793,-75.042,-165.2884,-7.1818,17.5429,102664.4
955.277,-19.793,-75.039,-165.2872,-7.1825,17.5412,102726.3
955.28,-19.793,-75.047,-165.2876,-7.1826,17.5421,102788.6
955.282,-19.804,-75.055,-165.2881,-7.1828,17.5424,102851.6
955.292,-19.805,-75.054,-165.2874,-7.1831,17.5415,102914.3
955.292,-19.797,-75.061,-165.287,-7.1833,17.543,102976.8
955.295,-19.796,-75.058,-165.2865,-7.1837,17.5421,103038.9
955.306,-19.798,-75.057,-165.2872,-7.1845,17.5431,103101.0
955.311,-19.797,-75.063,-165.2871,-7.185,17.5431,103164.0
955.314,-19.796,-75.071,-165.2861,-7.1846,17.5422,103226.0
955.324,-19.797,-75.07,-165.2868,-7.1854,17.5432,103288.7
955.326,-19.797,-75.078,-165.2872,-7.1856,17.5441,103351.0
955.329,-19.796,-75.086,-165.2863,-7.1852,17.5432,103413.2
955.34,-19.801,-75.081,-165.2857,-7.1865,17.5431,103475.8
955.342,-19.8,-75.089,-165.2861,-7.1866,17.5441,103538.4
955.345,-19.8,-75.087,-165.2855,-7.187,17.5432,103599.8
955.347,-19.799,-75.095,-165.2859,-7.1871,17.5441,103661.0
955.358,-19.8,-75.094,-165.2853,-7.1874,17.5433,103723.0
955.36,-19.8,-75.102,-165.2857,-7.1876,17.5442,103785.2
955.366,-19.798,-75.108,-165.2855,-7.1881,17.5443,103847.6
955.376,-19.799,-75.107,-165.2849,-7.1883,17.5434,103909.5
955.378,-19.799,-75.115,-165.2853,-7.1885,17.5443,103971.9
955.378,-19.791,-75.122,-165.2849,-7.1888,17.5458,104034.0
955.389,-19.804,-75.11,-165.2847,-7.1897,17.5443,104096.1
